image_id,r,c,direction_id,direction_seed,gain,stability_score_if_available
cifar10_00000_cat,12,7,0,321,0.9428684711456299,1.2063112258911133
cifar10_00000_cat,24,18,0,321,0.9316496849060059,1.9705703258514404
cifar10_00000_cat,29,27,0,321,0.9407635927200317,1.8726516962051392
cifar10_00000_cat,17,13,0,321,0.8901990056037903,1.7440412044525146
cifar10_00000_cat,21,17,0,321,1.0475375652313232,1.7321434020996094
cifar10_00000_cat,13,5,0,321,0.9272559881210327,1.3600845336914062
cifar10_00000_cat,16,16,0,321,0.898101806640625,1.7042845487594604
cifar10_00000_cat,12,15,0,321,0.9638060927391052,1.6444196701049805
cifar10_00000_cat,30,6,0,321,0.8696043491363525,1.9265269041061401
cifar10_00000_cat,30,3,0,321,0.9309569597244263,1.823997139930725
cifar10_00000_cat,11,4,0,321,0.9158403873443604,1.7041977643966675
cifar10_00000_cat,0,23,0,321,0.919437825679779,1.4193881750106812
cifar10_00000_cat,16,23,0,321,0.9134608507156372,1.561877965927124
cifar10_00000_cat,12,28,0,321,0.9498902559280396,1.613384485244751
cifar10_00000_cat,7,4,0,321,0.9174945950508118,1.1621290445327759
cifar10_00000_cat,1,27,0,321,0.9611557126045227,1.0970745086669922
cifar10_00000_cat,22,29,0,321,0.9435242414474487,1.82774019241333
cifar10_00000_cat,29,14,0,321,0.9963151216506958,1.7170984745025635
cifar10_00000_cat,0,28,0,321,0.9603137969970703,1.3650788068771362
cifar10_00000_cat,7,23,0,321,0.9458698630332947,1.5586155652999878
cifar10_00000_cat,21,2,0,321,0.9426389932632446,1.8292738199234009
cifar10_00000_cat,15,9,0,321,1.041222333908081,1.5451250076293945
cifar10_00000_cat,7,22,0,321,0.9401130080223083,1.5982588529586792
cifar10_00000_cat,31,18,0,321,0.8624625205993652,1.723632574081421
cifar10_00000_cat,20,5,0,321,0.8742890954017639,1.76170015335083
cifar10_00000_cat,14,7,0,321,0.9907850027084351,1.1854310035705566
cifar10_00000_cat,9,0,0,321,0.9541365504264832,1.903184175491333
cifar10_00000_cat,24,6,0,321,0.8760880827903748,1.823305606842041
cifar10_00000_cat,31,15,0,321,0.9248120784759521,1.8679609298706055
cifar10_00000_cat,11,27,0,321,0.8717747926712036,1.6853820085525513
cifar10_00000_cat,15,12,0,321,1.025449275970459,1.8836647272109985
cifar10_00000_cat,15,21,0,321,0.959200918674469,1.7333190441131592
cifar10_00000_cat,2,14,0,321,0.9324008822441101,1.0343940258026123
cifar10_00000_cat,29,23,0,321,0.924466609954834,1.93886137008667
cifar10_00000_cat,11,28,0,321,0.9390801191329956,1.4978487491607666
cifar10_00000_cat,29,11,0,321,0.9906730651855469,1.9780296087265015
cifar10_00000_cat,17,7,0,321,0.9326491355895996,1.7986173629760742
cifar10_00000_cat,1,12,0,321,0.905307948589325,1.1399506330490112
cifar10_00000_cat,22,30,0,321,0.9746338129043579,1.9783612489700317
cifar10_00000_cat,1,24,0,321,0.9416672587394714,1.187756061553955
cifar10_00000_cat,14,22,0,321,0.956362783908844,1.7487094402313232
cifar10_00000_cat,8,22,0,321,0.9316613078117371,1.7247925996780396
cifar10_00000_cat,29,29,0,321,0.9437768459320068,1.682692527770996
cifar10_00000_cat,20,16,0,321,0.9339127540588379,1.8382248878479004
cifar10_00000_cat,11,2,0,321,0.8800647854804993,1.8869998455047607
cifar10_00000_cat,0,26,0,321,0.9355956315994263,1.4691723585128784
cifar10_00000_cat,27,19,0,321,0.9313589334487915,1.8914437294006348
cifar10_00000_cat,10,13,0,321,0.9289442300796509,1.8644580841064453
cifar10_00000_cat,21,3,0,321,0.94388747215271,1.825643539428711
cifar10_00000_cat,0,7,0,321,0.9299148321151733,1.3987038135528564
cifar10_00000_cat,0,4,0,321,0.9855028390884399,1.447014570236206
cifar10_00000_cat,18,8,0,321,0.9295068979263306,1.9777441024780273
cifar10_00000_cat,15,25,0,321,0.9419064521789551,1.7450990676879883
cifar10_00000_cat,31,9,0,321,0.8623158931732178,1.5313942432403564
cifar10_00000_cat,3,26,0,321,0.8596566915512085,1.142982006072998
cifar10_00000_cat,15,3,0,321,0.9454174041748047,1.8762274980545044
cifar10_00000_cat,21,23,0,321,0.894981861114502,2.0319271087646484
cifar10_00000_cat,24,15,0,321,0.9576694369316101,1.9518852233886719
cifar10_00000_cat,26,10,0,321,0.9693431258201599,1.823494553565979
cifar10_00000_cat,5,15,0,321,0.875490665435791,1.3318065404891968
cifar10_00000_cat,11,8,0,321,0.8832621574401855,1.4726141691207886
cifar10_00000_cat,8,19,0,321,0.9461317658424377,1.5932060480117798
cifar10_00000_cat,16,24,0,321,0.9786479473114014,1.6778264045715332
cifar10_00000_cat,3,23,0,321,0.8822680115699768,1.4609798192977905
cifar10_00000_cat,28,7,0,321,0.9656744003295898,2.046247959136963
cifar10_00000_cat,6,16,0,321,0.9472844004631042,1.4827654361724854
cifar10_00000_cat,12,8,0,321,0.8986035585403442,1.39077627658844
cifar10_00000_cat,31,2,0,321,0.9121333956718445,1.527850866317749
cifar10_00000_cat,21,14,0,321,0.7741296291351318,1.542311429977417
cifar10_00000_cat,20,27,0,321,0.768630862236023,1.3974497318267822
cifar10_00000_cat,10,17,0,321,0.9126570224761963,1.489408254623413
cifar10_00000_cat,12,2,0,321,0.9119070768356323,1.8805677890777588
cifar10_00000_cat,20,13,0,321,0.8929859399795532,1.931079387664795
cifar10_00000_cat,11,29,0,321,0.8822628855705261,1.4600569009780884
cifar10_00000_cat,24,30,0,321,0.936644971370697,1.9559147357940674
cifar10_00000_cat,17,20,0,321,0.8944671750068665,1.636054277420044
cifar10_00000_cat,29,16,0,321,0.9535965919494629,1.83943772315979
cifar10_00000_cat,26,27,0,321,0.9132672548294067,1.9432390928268433
cifar10_00000_cat,10,3,0,321,0.945250928401947,1.8441044092178345
cifar10_00000_cat,7,18,0,321,0.9026690721511841,1.6328463554382324
cifar10_00000_cat,14,17,0,321,0.9945585131645203,1.7219657897949219
cifar10_00000_cat,23,16,0,321,0.8213564157485962,1.7873461246490479
cifar10_00000_cat,27,11,0,321,0.8061257004737854,1.803745150566101
cifar10_00000_cat,2,21,0,321,0.8362228870391846,1.4697749614715576
cifar10_00000_cat,6,23,0,321,0.8103474378585815,1.6778452396392822
cifar10_00000_cat,25,14,0,321,0.9805179238319397,1.9138381481170654
cifar10_00000_cat,30,18,0,321,0.9280008673667908,1.7958905696868896
cifar10_00000_cat,16,6,0,321,0.9159387350082397,1.7513346672058105
cifar10_00000_cat,2,10,0,321,0.9130129814147949,1.1898524761199951
cifar10_00000_cat,12,20,0,321,0.8400769233703613,1.9245280027389526
cifar10_00000_cat,17,28,0,321,0.9682082533836365,1.4224576950073242
cifar10_00000_cat,1,25,0,321,0.9505813717842102,1.1398303508758545
cifar10_00000_cat,10,27,0,321,0.9218018054962158,1.512779951095581
cifar10_00000_cat,21,21,0,321,0.8117731809616089,1.7493157386779785
cifar10_00000_cat,27,26,0,321,0.9229399561882019,2.017861843109131
cifar10_00000_cat,22,26,0,321,0.9378499984741211,1.9445371627807617
cifar10_00000_cat,1,17,0,321,0.9294143915176392,1.0668232440948486
cifar10_00000_cat,9,20,0,321,0.8807202577590942,1.6495826244354248
cifar10_00000_cat,12,9,0,321,0.9819576740264893,1.650359869003296
cifar10_00000_cat,6,11,0,321,0.8584263324737549,1.2955975532531738
cifar10_00000_cat,20,15,0,321,0.8573073744773865,1.896540880203247
cifar10_00000_cat,28,27,0,321,0.9325863718986511,1.9023261070251465
cifar10_00000_cat,31,25,0,321,0.9541047215461731,1.7116374969482422
cifar10_00000_cat,14,25,0,321,0.944961428642273,1.729311466217041
cifar10_00000_cat,26,30,0,321,0.9081170558929443,1.7887723445892334
cifar10_00000_cat,4,14,0,321,0.9172000885009766,1.2572078704833984
cifar10_00000_cat,6,29,0,321,0.9418147802352905,1.0407304763793945
cifar10_00000_cat,26,17,0,321,0.7078940272331238,1.7870688438415527
cifar10_00000_cat,20,10,0,321,0.9411133527755737,1.8703036308288574
cifar10_00000_cat,12,23,0,321,0.8684313297271729,1.6981182098388672
cifar10_00000_cat,27,13,0,321,0.8920730352401733,1.833728551864624
cifar10_00000_cat,8,20,0,321,0.9024635553359985,1.7749532461166382
cifar10_00000_cat,26,23,0,321,1.0234360694885254,1.958403468132019
cifar10_00000_cat,7,13,0,321,1.0133963823318481,1.4895496368408203
cifar10_00000_cat,30,30,0,321,0.9725980758666992,1.8562601804733276
cifar10_00000_cat,8,1,0,321,0.9612048864364624,1.7586281299591064
cifar10_00000_cat,9,28,0,321,0.9516316056251526,1.479264497756958
cifar10_00000_cat,5,30,0,321,0.9009440541267395,1.126482605934143
cifar10_00000_cat,20,18,0,321,0.9215008616447449,1.6253377199172974
cifar10_00000_cat,13,29,0,321,0.9120614528656006,1.5187125205993652
cifar10_00000_cat,31,27,0,321,0.9185588955879211,1.7235342264175415
cifar10_00000_cat,10,19,0,321,0.9517133235931396,1.4886531829833984
cifar10_00000_cat,1,16,0,321,0.9003474712371826,0.9695744514465332
cifar10_00000_cat,5,10,0,321,0.8548362255096436,1.2895277738571167
cifar10_00000_cat,12,18,0,321,0.8576205372810364,1.66107177734375
cifar10_00000_cat,17,1,0,321,0.906388521194458,1.9096791744232178
cifar10_00000_cat,21,7,0,321,0.9861992597579956,1.5666486024856567
cifar10_00000_cat,7,27,0,321,0.939829409122467,1.3169946670532227
cifar10_00000_cat,12,7,1,322,0.8594897985458374,0.5859197378158569
cifar10_00000_cat,24,18,1,322,0.8872126340866089,1.2304627895355225
cifar10_00000_cat,29,27,1,322,0.811966061592102,1.4461172819137573
cifar10_00000_cat,17,13,1,322,0.8180631399154663,1.3017157316207886
cifar10_00000_cat,21,17,1,322,0.819503664970398,1.4395382404327393
cifar10_00000_cat,13,5,1,322,0.4751424789428711,0.9437720775604248
cifar10_00000_cat,16,16,1,322,0.8506311178207397,1.4362099170684814
cifar10_00000_cat,12,15,1,322,0.8609946966171265,1.3941869735717773
cifar10_00000_cat,30,6,1,322,0.8574908971786499,1.5594303607940674
cifar10_00000_cat,30,3,1,322,0.713894784450531,1.434636116027832
cifar10_00000_cat,11,4,1,322,0.790709376335144,1.2443623542785645
cifar10_00000_cat,0,23,1,322,0.969590425491333,0.8158698081970215
cifar10_00000_cat,16,23,1,322,0.933918833732605,1.3652381896972656
cifar10_00000_cat,12,28,1,322,0.8371056914329529,1.4478089809417725
cifar10_00000_cat,7,4,1,322,0.7088452577590942,0.8686087131500244
cifar10_00000_cat,1,27,1,322,0.8501508235931396,0.6132005453109741
cifar10_00000_cat,22,29,1,322,0.8837337493896484,1.57244074344635
cifar10_00000_cat,29,14,1,322,0.8866873979568481,1.3835794925689697
cifar10_00000_cat,0,28,1,322,0.8523041605949402,0.6968581676483154
cifar10_00000_cat,7,23,1,322,0.939813494682312,1.2331480979919434
cifar10_00000_cat,21,2,1,322,0.9156945943832397,1.488793969154358
cifar10_00000_cat,15,9,1,322,0.7291198968887329,1.3533340692520142
cifar10_00000_cat,7,22,1,322,0.8785278797149658,1.2623908519744873
cifar10_00000_cat,31,18,1,322,0.882057785987854,1.8396780490875244
cifar10_00000_cat,20,5,1,322,0.878571629524231,1.4254094362258911
cifar10_00000_cat,14,7,1,322,0.8051096200942993,0.4324052333831787
cifar10_00000_cat,9,0,1,322,0.839611291885376,1.3858757019042969
cifar10_00000_cat,24,6,1,322,0.45143452286720276,1.333817481994629
cifar10_00000_cat,31,15,1,322,0.9110375046730042,1.5946534872055054
cifar10_00000_cat,11,27,1,322,0.7681566476821899,1.291285753250122
cifar10_00000_cat,15,12,1,322,0.6706224083900452,0.5941110849380493
cifar10_00000_cat,15,21,1,322,0.954370379447937,1.50901198387146
cifar10_00000_cat,2,14,1,322,0.7071803212165833,0.40844833850860596
cifar10_00000_cat,29,23,1,322,0.802727222442627,1.2127755880355835
cifar10_00000_cat,11,28,1,322,0.8235689401626587,1.583575963973999
cifar10_00000_cat,29,11,1,322,0.8679442405700684,1.202043056488037
cifar10_00000_cat,17,7,1,322,0.7368227243423462,1.3654518127441406
cifar10_00000_cat,1,12,1,322,0.9119200706481934,0.8028956651687622
cifar10_00000_cat,22,30,1,322,0.8521266579627991,1.2109670639038086
cifar10_00000_cat,1,24,1,322,0.8525911569595337,0.7410048246383667
cifar10_00000_cat,14,22,1,322,0.8006894588470459,1.4356279373168945
cifar10_00000_cat,8,22,1,322,0.9177747964859009,1.3464510440826416
cifar10_00000_cat,29,29,1,322,0.8676460385322571,1.4483232498168945
cifar10_00000_cat,20,16,1,322,0.84507155418396,1.5409660339355469
cifar10_00000_cat,11,2,1,322,0.748676061630249,1.3511850833892822
cifar10_00000_cat,0,26,1,322,1.0162203311920166,0.7619963884353638
cifar10_00000_cat,27,19,1,322,0.7866013050079346,1.2318403720855713
cifar10_00000_cat,10,13,1,322,0.8985649347305298,1.276957631111145
cifar10_00000_cat,21,3,1,322,0.48530590534210205,1.3836894035339355
cifar10_00000_cat,0,7,1,322,0.9471220970153809,0.6729483604431152
cifar10_00000_cat,0,4,1,322,0.9828867316246033,0.5922243595123291
cifar10_00000_cat,18,8,1,322,0.776054322719574,1.1995368003845215
cifar10_00000_cat,15,25,1,322,0.8340457677841187,1.2423994541168213
cifar10_00000_cat,31,9,1,322,0.8610706329345703,1.5122644901275635
cifar10_00000_cat,3,26,1,322,0.7759442925453186,0.7708017826080322
cifar10_00000_cat,15,3,1,322,0.765807032585144,1.32677161693573
cifar10_00000_cat,21,23,1,322,0.686846137046814,0.7951284646987915
cifar10_00000_cat,24,15,1,322,0.8249256610870361,1.4849400520324707
cifar10_00000_cat,26,10,1,322,0.8716561794281006,1.550363302230835
cifar10_00000_cat,5,15,1,322,0.6709636449813843,0.9858753681182861
cifar10_00000_cat,11,8,1,322,0.6887676119804382,1.517732858657837
cifar10_00000_cat,8,19,1,322,0.8997732400894165,1.3423480987548828
cifar10_00000_cat,16,24,1,322,0.9082568287849426,0.9607001543045044
cifar10_00000_cat,3,23,1,322,0.7848578691482544,1.162840723991394
cifar10_00000_cat,28,7,1,322,0.6649723052978516,0.8853772282600403
cifar10_00000_cat,6,16,1,322,0.868389368057251,1.3532495498657227
cifar10_00000_cat,12,8,1,322,0.6756159663200378,0.772966742515564
cifar10_00000_cat,31,2,1,322,0.8199484944343567,1.5589780807495117
cifar10_00000_cat,21,14,1,322,0.9043904542922974,0.8896764516830444
cifar10_00000_cat,20,27,1,322,0.9820877313613892,0.7155416011810303
cifar10_00000_cat,10,17,1,322,0.750394880771637,1.4506198167800903
cifar10_00000_cat,12,2,1,322,0.7105804681777954,1.4713358879089355
cifar10_00000_cat,20,13,1,322,0.6254791617393494,0.9831012487411499
cifar10_00000_cat,11,29,1,322,0.9753958582878113,1.315058708190918
cifar10_00000_cat,24,30,1,322,0.7671220302581787,1.2711818218231201
cifar10_00000_cat,17,20,1,322,0.8450825214385986,1.231480598449707
cifar10_00000_cat,29,16,1,322,0.7829781770706177,1.4703645706176758
cifar10_00000_cat,26,27,1,322,0.8570129871368408,1.1092382669448853
cifar10_00000_cat,10,3,1,322,0.8755051493644714,1.232417345046997
cifar10_00000_cat,7,18,1,322,0.8331438302993774,1.197272539138794
cifar10_00000_cat,14,17,1,322,1.050730586051941,1.4764173030853271
cifar10_00000_cat,23,16,1,322,0.6038858294487,1.6053569316864014
cifar10_00000_cat,27,11,1,322,0.9801183342933655,1.415482759475708
cifar10_00000_cat,2,21,1,322,0.892599880695343,0.974623441696167
cifar10_00000_cat,6,23,1,322,0.6538345217704773,1.2902305126190186
cifar10_00000_cat,25,14,1,322,0.8718706369400024,1.1939254999160767
cifar10_00000_cat,30,18,1,322,0.5409412980079651,1.2195910215377808
cifar10_00000_cat,16,6,1,322,0.8601535558700562,1.6673955917358398
cifar10_00000_cat,2,10,1,322,0.885244607925415,0.8031333684921265
cifar10_00000_cat,12,20,1,322,0.6879760026931763,1.1912082433700562
cifar10_00000_cat,17,28,1,322,0.8355602025985718,0.9001004695892334
cifar10_00000_cat,1,25,1,322,0.8581271171569824,0.8459134101867676
cifar10_00000_cat,10,27,1,322,0.8168920278549194,1.1541520357131958
cifar10_00000_cat,21,21,1,322,0.998726487159729,1.7607669830322266
cifar10_00000_cat,27,26,1,322,0.9223828315734863,0.9931671619415283
cifar10_00000_cat,22,26,1,322,0.6073955297470093,1.4478704929351807
cifar10_00000_cat,1,17,1,322,0.8914999961853027,0.45543229579925537
cifar10_00000_cat,9,20,1,322,0.6942582130432129,1.3496835231781006
cifar10_00000_cat,12,9,1,322,0.6774501800537109,1.1470861434936523
cifar10_00000_cat,6,11,1,322,0.7207722067832947,0.7623378038406372
cifar10_00000_cat,20,15,1,322,0.731320858001709,1.4420002698898315
cifar10_00000_cat,28,27,1,322,0.7216455936431885,1.2789459228515625
cifar10_00000_cat,31,25,1,322,0.8790419101715088,1.6815179586410522
cifar10_00000_cat,14,25,1,322,0.8847965002059937,1.2731518745422363
cifar10_00000_cat,26,30,1,322,0.86187744140625,1.639894962310791
cifar10_00000_cat,4,14,1,322,0.8144379258155823,0.7990192174911499
cifar10_00000_cat,6,29,1,322,0.5673425197601318,0.7800648212432861
cifar10_00000_cat,26,17,1,322,0.957223653793335,1.4791371822357178
cifar10_00000_cat,20,10,1,322,0.5751310586929321,1.812209129333496
cifar10_00000_cat,12,23,1,322,0.920243501663208,1.0762922763824463
cifar10_00000_cat,27,13,1,322,0.8323661088943481,1.5909699201583862
cifar10_00000_cat,8,20,1,322,0.8292779922485352,1.375352382659912
cifar10_00000_cat,26,23,1,322,0.6247698068618774,0.8825098276138306
cifar10_00000_cat,7,13,1,322,0.6963561773300171,1.542151689529419
cifar10_00000_cat,30,30,1,322,0.7751274108886719,1.4889719486236572
cifar10_00000_cat,8,1,1,322,0.8676388263702393,1.5184776782989502
cifar10_00000_cat,9,28,1,322,0.9098256230354309,1.1848230361938477
cifar10_00000_cat,5,30,1,322,0.8872622847557068,0.8107236623764038
cifar10_00000_cat,20,18,1,322,0.8491307497024536,1.2674100399017334
cifar10_00000_cat,13,29,1,322,0.8377621173858643,1.263240098953247
cifar10_00000_cat,31,27,1,322,0.9093310832977295,1.6733206510543823
cifar10_00000_cat,10,19,1,322,0.4695809781551361,1.5416779518127441
cifar10_00000_cat,1,16,1,322,0.8282367587089539,0.361830472946167
cifar10_00000_cat,5,10,1,322,0.8202487230300903,0.6817586421966553
cifar10_00000_cat,12,18,1,322,0.6912890672683716,1.2877092361450195
cifar10_00000_cat,17,1,1,322,0.9668079018592834,1.3517682552337646
cifar10_00000_cat,21,7,1,322,0.5524280071258545,1.590562343597412
cifar10_00000_cat,7,27,1,322,0.8443232774734497,1.1208529472351074
cifar10_00001_ship,7,24,0,321,0.8767677545547485,1.9681364297866821
cifar10_00001_ship,14,21,0,321,0.9586541652679443,1.8944779634475708
cifar10_00001_ship,17,23,0,321,0.8554708361625671,1.8003195524215698
cifar10_00001_ship,18,3,0,321,0.9612001180648804,2.025873899459839
cifar10_00001_ship,31,29,0,321,0.9881769418716431,1.8311383724212646
cifar10_00001_ship,8,5,0,321,1.0179188251495361,1.8421887159347534
cifar10_00001_ship,7,20,0,321,0.8885208964347839,1.8662104606628418
cifar10_00001_ship,19,2,0,321,0.8846950531005859,1.9169312715530396
cifar10_00001_ship,23,4,0,321,0.943312406539917,1.475919485092163
cifar10_00001_ship,14,0,0,321,0.9492676854133606,1.855151653289795
cifar10_00001_ship,27,7,0,321,0.5195343494415283,-0.1993730068206787
cifar10_00001_ship,8,22,0,321,0.999505877494812,1.9037591218948364
cifar10_00001_ship,7,17,0,321,0.8723344206809998,1.9119311571121216
cifar10_00001_ship,21,29,0,321,0.966022789478302,1.8674901723861694
cifar10_00001_ship,28,28,0,321,0.854061484336853,1.8908195495605469
cifar10_00001_ship,5,28,0,321,0.8496113419532776,1.924680233001709
cifar10_00001_ship,19,14,0,321,0.8495227098464966,1.8553717136383057
cifar10_00001_ship,12,7,0,321,0.8379071950912476,1.908792495727539
cifar10_00001_ship,31,23,0,321,0.9408305883407593,1.7450215816497803
cifar10_00001_ship,7,28,0,321,0.9277997016906738,1.706307291984558
cifar10_00001_ship,28,16,0,321,1.0202796459197998,0.7708818912506104
cifar10_00001_ship,15,6,0,321,0.9375975728034973,1.9331254959106445
cifar10_00001_ship,15,0,0,321,0.9164819121360779,1.6626098155975342
cifar10_00001_ship,20,30,0,321,0.8901680707931519,1.8270926475524902
cifar10_00001_ship,24,8,0,321,0.9159760475158691,0.7312259674072266
cifar10_00001_ship,28,4,0,321,0.5568517446517944,0.09684991836547852
cifar10_00001_ship,21,2,0,321,0.7528982758522034,1.4047510623931885
cifar10_00001_ship,30,22,0,321,0.9323426485061646,1.6402497291564941
cifar10_00001_ship,24,12,0,321,0.7458816766738892,1.1665685176849365
cifar10_00001_ship,25,28,0,321,0.9623086452484131,1.8817088603973389
cifar10_00001_ship,27,15,0,321,0.9351546764373779,1.1553412675857544
cifar10_00001_ship,12,11,0,321,0.9010791182518005,1.8623929023742676
cifar10_00001_ship,28,6,0,321,0.46811896562576294,-0.6210921406745911
cifar10_00001_ship,23,11,0,321,0.6543835401535034,0.5166870355606079
cifar10_00001_ship,21,12,0,321,0.8824419975280762,1.7233654260635376
cifar10_00001_ship,26,3,0,321,0.28242021799087524,-0.33139747381210327
cifar10_00001_ship,7,19,0,321,0.8390120267868042,1.8326244354248047
cifar10_00001_ship,1,28,0,321,0.9326086044311523,2.0045809745788574
cifar10_00001_ship,4,1,0,321,0.7602858543395996,1.7121334075927734
cifar10_00001_ship,29,20,0,321,0.941960334777832,1.6465940475463867
cifar10_00001_ship,31,7,0,321,0.9255380630493164,1.4168347120285034
cifar10_00001_ship,21,23,0,321,0.894034743309021,1.9579832553863525
cifar10_00001_ship,27,25,0,321,0.9469903707504272,1.5950119495391846
cifar10_00001_ship,2,30,0,321,0.9647369384765625,1.8985496759414673
cifar10_00001_ship,8,6,0,321,0.9911175966262817,1.8734163045883179
cifar10_00001_ship,22,3,0,321,0.9258696436882019,1.393197774887085
cifar10_00001_ship,26,6,0,321,0.8877493739128113,0.9369595050811768
cifar10_00001_ship,14,2,0,321,0.9712926149368286,1.9149836301803589
cifar10_00001_ship,0,2,0,321,0.8723222613334656,1.7580828666687012
cifar10_00001_ship,2,22,0,321,0.9686394333839417,1.8474006652832031
cifar10_00001_ship,5,21,0,321,0.9091845750808716,1.8076913356781006
cifar10_00001_ship,0,10,0,321,0.7996985912322998,1.959926962852478
cifar10_00001_ship,27,6,0,321,0.7197055816650391,0.045733749866485596
cifar10_00001_ship,19,5,0,321,0.8527463674545288,1.8582366704940796
cifar10_00001_ship,21,19,0,321,0.956299901008606,1.9776086807250977
cifar10_00001_ship,18,13,0,321,0.8876779079437256,1.9603785276412964
cifar10_00001_ship,18,14,0,321,0.903396725654602,1.8305573463439941
cifar10_00001_ship,26,23,0,321,0.8396743535995483,1.5275843143463135
cifar10_00001_ship,6,20,0,321,0.8362505435943604,1.8482489585876465
cifar10_00001_ship,6,1,0,321,0.9030538201332092,1.904727578163147
cifar10_00001_ship,21,24,0,321,0.91771399974823,2.082913637161255
cifar10_00001_ship,24,5,0,321,0.9189594984054565,1.4164484739303589
cifar10_00001_ship,27,22,0,321,0.9548364281654358,1.563620924949646
cifar10_00001_ship,24,1,0,321,0.7971444129943848,0.6140275001525879
cifar10_00001_ship,14,18,0,321,0.9907170534133911,1.8079378604888916
cifar10_00001_ship,2,13,0,321,0.8884721398353577,1.9111610651016235
cifar10_00001_ship,18,5,0,321,0.8725133538246155,1.9473721981048584
cifar10_00001_ship,5,9,0,321,0.8326263427734375,1.9426342248916626
cifar10_00001_ship,9,9,0,321,0.8862854242324829,1.8203908205032349
cifar10_00001_ship,23,28,0,321,0.8731687068939209,1.8500325679779053
cifar10_00001_ship,11,28,0,321,0.8070103526115417,1.8324507474899292
cifar10_00001_ship,5,3,0,321,0.9783024787902832,1.8550430536270142
cifar10_00001_ship,27,27,0,321,0.8902170658111572,1.8304648399353027
cifar10_00001_ship,24,3,0,321,0.7587409019470215,0.7483432292938232
cifar10_00001_ship,25,19,0,321,0.9369693994522095,1.6767510175704956
cifar10_00001_ship,10,30,0,321,0.9595764875411987,1.763742446899414
cifar10_00001_ship,11,30,0,321,1.042019248008728,1.7425957918167114
cifar10_00001_ship,20,29,0,321,0.9047135710716248,1.8954906463623047
cifar10_00001_ship,19,3,0,321,0.9108407497406006,1.9182751178741455
cifar10_00001_ship,21,30,0,321,0.924753725528717,1.8145067691802979
cifar10_00001_ship,16,30,0,321,0.9502752423286438,1.840146541595459
cifar10_00001_ship,18,31,0,321,0.930855393409729,1.9237825870513916
cifar10_00001_ship,17,2,0,321,0.8052646517753601,2.0576486587524414
cifar10_00001_ship,21,18,0,321,0.8901530504226685,1.9759577512741089
cifar10_00001_ship,27,11,0,321,0.09737448394298553,-0.16063660383224487
cifar10_00001_ship,18,10,0,321,0.7269235849380493,1.883131980895996
cifar10_00001_ship,24,26,0,321,0.8685643672943115,1.8874001502990723
cifar10_00001_ship,28,14,0,321,0.871892511844635,0.5738998651504517
cifar10_00001_ship,11,20,0,321,0.8357435464859009,1.7909977436065674
cifar10_00001_ship,7,21,0,321,0.8871474266052246,1.8530734777450562
cifar10_00001_ship,15,23,0,321,0.8774848580360413,1.8348147869110107
cifar10_00001_ship,8,30,0,321,0.9318649172782898,1.9058380126953125
cifar10_00001_ship,13,6,0,321,0.9338425397872925,1.8681215047836304
cifar10_00001_ship,21,31,0,321,0.8762474656105042,1.8817179203033447
cifar10_00001_ship,31,0,0,321,0.9188886880874634,1.5998696088790894
cifar10_00001_ship,28,9,0,321,-0.0012400895357131958,-0.1400502324104309
cifar10_00001_ship,29,25,0,321,0.7730666995048523,1.730257511138916
cifar10_00001_ship,26,26,0,321,0.9319385290145874,1.7313458919525146
cifar10_00001_ship,22,14,0,321,0.7250202894210815,1.7222453355789185
cifar10_00001_ship,28,7,0,321,0.2643243372440338,-0.16116082668304443
cifar10_00001_ship,29,11,0,321,0.8134672045707703,1.0574285984039307
cifar10_00001_ship,17,25,0,321,0.8996828198432922,1.7982510328292847
cifar10_00001_ship,15,21,0,321,0.937358021736145,1.8484163284301758
cifar10_00001_ship,7,13,0,321,0.86891108751297,1.9221336841583252
cifar10_00001_ship,30,6,0,321,0.8775511980056763,0.6799604892730713
cifar10_00001_ship,15,16,0,321,0.9525831341743469,1.9021410942077637
cifar10_00001_ship,26,15,0,321,0.8703155517578125,1.5500105619430542
cifar10_00001_ship,6,3,0,321,0.8855298757553101,1.8714603185653687
cifar10_00001_ship,2,27,0,321,0.8869860768318176,1.9572962522506714
cifar10_00001_ship,15,3,0,321,1.0000017881393433,1.868728756904602
cifar10_00001_ship,10,0,0,321,0.835605800151825,1.793033242225647
cifar10_00001_ship,16,28,0,321,1.0735000371932983,1.8269712924957275
cifar10_00001_ship,4,29,0,321,0.896571934223175,1.960585117340088
cifar10_00001_ship,24,4,0,321,0.9479274749755859,1.2855892181396484
cifar10_00001_ship,19,20,0,321,0.8386985063552856,1.8335716724395752
cifar10_00001_ship,29,15,0,321,0.9146417379379272,0.7468960881233215
cifar10_00001_ship,16,3,0,321,0.8915538787841797,1.9147645235061646
cifar10_00001_ship,29,19,0,321,0.963991641998291,1.5284991264343262
cifar10_00001_ship,31,3,0,321,0.9183884859085083,1.3994402885437012
cifar10_00001_ship,5,30,0,321,0.919264554977417,2.0328168869018555
cifar10_00001_ship,31,5,0,321,0.9122089147567749,1.2053580284118652
cifar10_00001_ship,22,24,0,321,0.9789838790893555,1.8891156911849976
cifar10_00001_ship,2,16,0,321,0.8608390688896179,1.9395225048065186
cifar10_00001_ship,16,25,0,321,0.8841367959976196,1.7652100324630737
cifar10_00001_ship,22,25,0,321,0.9291855096817017,1.8287371397018433
cifar10_00001_ship,1,1,0,321,0.8960226774215698,1.6227877140045166
cifar10_00001_ship,15,27,0,321,0.9330492615699768,1.815930724143982
cifar10_00001_ship,21,8,0,321,0.8359556198120117,1.4860103130340576
cifar10_00001_ship,7,24,1,322,0.6851598024368286,1.3735687732696533
cifar10_00001_ship,14,21,1,322,0.7856462001800537,1.2601308822631836
cifar10_00001_ship,17,23,1,322,0.754355251789093,1.3488054275512695
cifar10_00001_ship,18,3,1,322,0.8433924913406372,0.7946162223815918
cifar10_00001_ship,31,29,1,322,0.9547373652458191,1.624550223350525
cifar10_00001_ship,8,5,1,322,0.5004435181617737,1.2024391889572144
cifar10_00001_ship,7,20,1,322,0.9277834892272949,1.1741011142730713
cifar10_00001_ship,19,2,1,322,0.7469231486320496,1.5010195970535278
cifar10_00001_ship,23,4,1,322,0.7985143661499023,0.9594939947128296
cifar10_00001_ship,14,0,1,322,0.8553565740585327,1.7255322933197021
cifar10_00001_ship,27,7,1,322,0.30985334515571594,0.334414541721344
cifar10_00001_ship,8,22,1,322,0.7134203314781189,1.41433584690094
cifar10_00001_ship,7,17,1,322,0.925241231918335,1.1438437700271606
cifar10_00001_ship,21,29,1,322,0.793290376663208,1.3739731311798096
cifar10_00001_ship,28,28,1,322,0.8444660902023315,1.3410438299179077
cifar10_00001_ship,5,28,1,322,0.868107795715332,0.9926198124885559
cifar10_00001_ship,19,14,1,322,0.8985276222229004,1.2742716073989868
cifar10_00001_ship,12,7,1,322,0.968058705329895,1.3027743101119995
cifar10_00001_ship,31,23,1,322,0.8889663219451904,1.6230244636535645
cifar10_00001_ship,7,28,1,322,0.9684256315231323,1.3069887161254883
cifar10_00001_ship,28,16,1,322,0.6092908382415771,0.5754601955413818
cifar10_00001_ship,15,6,1,322,0.7120780348777771,1.4887964725494385
cifar10_00001_ship,15,0,1,322,0.8773508667945862,1.7320619821548462
cifar10_00001_ship,20,30,1,322,0.8210598826408386,1.37917959690094
cifar10_00001_ship,24,8,1,322,0.8921974897384644,0.8270487785339355
cifar10_00001_ship,28,4,1,322,0.0023435279726982117,-0.3129289746284485
cifar10_00001_ship,21,2,1,322,0.9954384565353394,1.58793306350708
cifar10_00001_ship,30,22,1,322,0.8132537603378296,1.340916395187378
cifar10_00001_ship,24,12,1,322,0.33707696199417114,0.8782917857170105
cifar10_00001_ship,25,28,1,322,0.7020598649978638,1.0553044080734253
cifar10_00001_ship,27,15,1,322,0.2641887068748474,0.6581611633300781
cifar10_00001_ship,12,11,1,322,0.9145362973213196,1.4401168823242188
cifar10_00001_ship,28,6,1,322,0.3045530915260315,0.14929813146591187
cifar10_00001_ship,23,11,1,322,0.3569703698158264,1.2810173034667969
cifar10_00001_ship,21,12,1,322,0.7746819853782654,1.3947720527648926
cifar10_00001_ship,26,3,1,322,0.4255374073982239,0.43283379077911377
cifar10_00001_ship,7,19,1,322,0.9628466367721558,1.5062259435653687
cifar10_00001_ship,1,28,1,322,0.846969723701477,1.358337640762329
cifar10_00001_ship,4,1,1,322,0.7236573100090027,1.777330756187439
cifar10_00001_ship,29,20,1,322,0.6564130783081055,1.209859848022461
cifar10_00001_ship,31,7,1,322,0.945872962474823,1.3994832038879395
cifar10_00001_ship,21,23,1,322,0.8832539916038513,1.8421257734298706
cifar10_00001_ship,27,25,1,322,0.9122927188873291,1.388453722000122
cifar10_00001_ship,2,30,1,322,0.9599891304969788,1.1218886375427246
cifar10_00001_ship,8,6,1,322,0.8112808465957642,1.07027006149292
cifar10_00001_ship,22,3,1,322,0.8684678673744202,1.418256402015686
cifar10_00001_ship,26,6,1,322,0.5526650547981262,0.4322490692138672
cifar10_00001_ship,14,2,1,322,0.9939309358596802,1.8493937253952026
cifar10_00001_ship,0,2,1,322,0.9938976764678955,1.3652057647705078
cifar10_00001_ship,2,22,1,322,0.6079986095428467,1.4656696319580078
cifar10_00001_ship,5,21,1,322,0.7798480987548828,1.519834280014038
cifar10_00001_ship,0,10,1,322,0.8175344467163086,1.2494227886199951
cifar10_00001_ship,27,6,1,322,0.5098451972007751,0.6401227116584778
cifar10_00001_ship,19,5,1,322,0.8273431062698364,1.1238720417022705
cifar10_00001_ship,21,19,1,322,0.7564277648925781,1.4959495067596436
cifar10_00001_ship,18,13,1,322,0.8600137233734131,1.111783742904663
cifar10_00001_ship,18,14,1,322,0.91795814037323,1.4912872314453125
cifar10_00001_ship,26,23,1,322,0.5908414125442505,1.4382927417755127
cifar10_00001_ship,6,20,1,322,0.9710044860839844,1.2953846454620361
cifar10_00001_ship,6,1,1,322,0.8240635395050049,1.3182053565979004
cifar10_00001_ship,21,24,1,322,0.89552903175354,1.0367175340652466
cifar10_00001_ship,24,5,1,322,0.7566244006156921,1.2494536638259888
cifar10_00001_ship,27,22,1,322,0.665364682674408,1.4315907955169678
cifar10_00001_ship,24,1,1,322,1.0247751474380493,1.1204676628112793
cifar10_00001_ship,14,18,1,322,0.36292120814323425,1.3421987295150757
cifar10_00001_ship,2,13,1,322,0.9843372702598572,1.1872198581695557
cifar10_00001_ship,18,5,1,322,0.7941707372665405,0.6548046469688416
cifar10_00001_ship,5,9,1,322,0.8826332092285156,1.136265754699707
cifar10_00001_ship,9,9,1,322,0.9248046875,1.0863713026046753
cifar10_00001_ship,23,28,1,322,0.47142767906188965,1.4397300481796265
cifar10_00001_ship,11,28,1,322,0.7834761738777161,1.5954549312591553
cifar10_00001_ship,5,3,1,322,0.38844358921051025,1.0518337488174438
cifar10_00001_ship,27,27,1,322,0.5116332173347473,1.337965726852417
cifar10_00001_ship,24,3,1,322,0.7477124333381653,1.1738901138305664
cifar10_00001_ship,25,19,1,322,0.5801165103912354,1.0384759902954102
cifar10_00001_ship,10,30,1,322,0.7545099854469299,1.5489919185638428
cifar10_00001_ship,11,30,1,322,0.8854614496231079,1.5759402513504028
cifar10_00001_ship,20,29,1,322,0.781592845916748,1.3992063999176025
cifar10_00001_ship,19,3,1,322,0.7767094373703003,1.3036813735961914
cifar10_00001_ship,21,30,1,322,0.8643779158592224,1.428662896156311
cifar10_00001_ship,16,30,1,322,0.881542444229126,1.4219430685043335
cifar10_00001_ship,18,31,1,322,0.634387731552124,1.4439700841903687
cifar10_00001_ship,17,2,1,322,0.5006389617919922,1.5256608724594116
cifar10_00001_ship,21,18,1,322,0.8645665645599365,1.2303974628448486
cifar10_00001_ship,27,11,1,322,0.23070481419563293,0.3502538204193115
cifar10_00001_ship,18,10,1,322,1.0472477674484253,1.3974204063415527
cifar10_00001_ship,24,26,1,322,0.5618443489074707,1.5981099605560303
cifar10_00001_ship,28,14,1,322,0.7192068099975586,0.9029525518417358
cifar10_00001_ship,11,20,1,322,1.0224006175994873,1.3971576690673828
cifar10_00001_ship,7,21,1,322,0.9531808495521545,1.8106749057769775
cifar10_00001_ship,15,23,1,322,0.950627326965332,1.502660870552063
cifar10_00001_ship,8,30,1,322,0.6191034317016602,1.4624888896942139
cifar10_00001_ship,13,6,1,322,0.9452878832817078,1.395755648612976
cifar10_00001_ship,21,31,1,322,0.5965495109558105,1.3416550159454346
cifar10_00001_ship,31,0,1,322,1.0132230520248413,1.4665013551712036
cifar10_00001_ship,28,9,1,322,-0.07321948558092117,0.06382322311401367
cifar10_00001_ship,29,25,1,322,0.6122708916664124,1.356269121170044
cifar10_00001_ship,26,26,1,322,0.891059160232544,1.4489473104476929
cifar10_00001_ship,22,14,1,322,0.8660857677459717,1.644819974899292
cifar10_00001_ship,28,7,1,322,0.29010438919067383,0.22326254844665527
cifar10_00001_ship,29,11,1,322,0.5042440891265869,0.5852197408676147
cifar10_00001_ship,17,25,1,322,0.7247587442398071,1.4764442443847656
cifar10_00001_ship,15,21,1,322,0.924796462059021,1.5748107433319092
cifar10_00001_ship,7,13,1,322,0.3680218458175659,1.3142942190170288
cifar10_00001_ship,30,6,1,322,0.8900877237319946,0.7504515051841736
cifar10_00001_ship,15,16,1,322,0.8307240009307861,1.1093462705612183
cifar10_00001_ship,26,15,1,322,0.6359552145004272,1.167514443397522
cifar10_00001_ship,6,3,1,322,0.4926367998123169,1.3164026737213135
cifar10_00001_ship,2,27,1,322,0.7659844160079956,1.2010502815246582
cifar10_00001_ship,15,3,1,322,0.8145105838775635,0.9875091314315796
cifar10_00001_ship,10,0,1,322,1.0303599834442139,1.5467332601547241
cifar10_00001_ship,16,28,1,322,0.6822256445884705,1.0543162822723389
cifar10_00001_ship,4,29,1,322,0.7429786920547485,0.9709578156471252
cifar10_00001_ship,24,4,1,322,0.8511256575584412,1.1023504734039307
cifar10_00001_ship,19,20,1,322,0.8893519043922424,1.63529634475708
cifar10_00001_ship,29,15,1,322,0.4172261655330658,0.7045994997024536
cifar10_00001_ship,16,3,1,322,0.4350827932357788,1.2671377658843994
cifar10_00001_ship,29,19,1,322,0.6030181050300598,1.239171028137207
cifar10_00001_ship,31,3,1,322,0.4733881950378418,1.0391802787780762
cifar10_00001_ship,5,30,1,322,0.6290212273597717,1.0266215801239014
cifar10_00001_ship,31,5,1,322,0.9146885275840759,1.1313565969467163
cifar10_00001_ship,22,24,1,322,0.7654026746749878,1.2793834209442139
cifar10_00001_ship,2,16,1,322,0.5736380815505981,1.1262118816375732
cifar10_00001_ship,16,25,1,322,0.8587474822998047,1.2912944555282593
cifar10_00001_ship,22,25,1,322,0.8371784687042236,1.375140905380249
cifar10_00001_ship,1,1,1,322,0.3743128776550293,1.4147919416427612
cifar10_00001_ship,15,27,1,322,1.0158185958862305,1.373423457145691
cifar10_00001_ship,21,8,1,322,0.8578726053237915,1.2470232248306274
cifar10_00002_ship,19,16,0,321,0.9713104963302612,1.844145655632019
cifar10_00002_ship,2,24,0,321,0.9014356136322021,2.0544495582580566
cifar10_00002_ship,24,28,0,321,0.960423469543457,1.4534096717834473
cifar10_00002_ship,29,29,0,321,0.9544150233268738,1.4613226652145386
cifar10_00002_ship,0,18,0,321,0.9230544567108154,1.8265358209609985
cifar10_00002_ship,10,9,0,321,0.8776572942733765,1.7499773502349854
cifar10_00002_ship,31,7,0,321,0.9127461910247803,1.702498197555542
cifar10_00002_ship,20,5,0,321,0.819830060005188,1.9440057277679443
cifar10_00002_ship,22,16,0,321,0.94922935962677,1.9224607944488525
cifar10_00002_ship,25,8,0,321,0.9759551882743835,1.8793976306915283
cifar10_00002_ship,29,5,0,321,0.9826274514198303,1.2152036428451538
cifar10_00002_ship,10,6,0,321,0.9519981145858765,1.888121485710144
cifar10_00002_ship,28,2,0,321,0.9837947487831116,1.1942493915557861
cifar10_00002_ship,22,14,0,321,0.9399479031562805,1.8502260446548462
cifar10_00002_ship,7,31,0,321,0.9509676694869995,1.877429485321045
cifar10_00002_ship,16,18,0,321,0.9344335198402405,1.8805186748504639
cifar10_00002_ship,8,9,0,321,0.8859550952911377,1.8879801034927368
cifar10_00002_ship,18,8,0,321,0.903281033039093,1.8693870306015015
cifar10_00002_ship,20,11,0,321,0.9001228213310242,1.8703778982162476
cifar10_00002_ship,27,21,0,321,0.9988235235214233,1.786041259765625
cifar10_00002_ship,26,31,0,321,0.9283714294433594,1.5551420450210571
cifar10_00002_ship,4,0,0,321,0.8793593645095825,1.915539026260376
cifar10_00002_ship,5,6,0,321,0.9965991973876953,1.8434686660766602
cifar10_00002_ship,8,7,0,321,0.8602912425994873,2.007835626602173
cifar10_00002_ship,23,11,0,321,0.8617576360702515,1.9089956283569336
cifar10_00002_ship,24,26,0,321,0.9399846196174622,1.847916841506958
cifar10_00002_ship,10,8,0,321,0.9386659264564514,1.9372538328170776
cifar10_00002_ship,20,28,0,321,0.9180243015289307,1.7927626371383667
cifar10_00002_ship,4,12,0,321,0.8766417503356934,1.918140172958374
cifar10_00002_ship,26,16,0,321,0.8638514280319214,1.7376279830932617
cifar10_00002_ship,27,30,0,321,0.959373950958252,1.437138557434082
cifar10_00002_ship,1,5,0,321,0.9562629461288452,1.9617252349853516
cifar10_00002_ship,19,25,0,321,0.9476040601730347,1.8433406352996826
cifar10_00002_ship,0,13,0,321,0.9975416660308838,2.0004396438598633
cifar10_00002_ship,4,13,0,321,0.9251766204833984,1.9141746759414673
cifar10_00002_ship,17,13,0,321,0.8704404830932617,1.9540214538574219
cifar10_00002_ship,14,11,0,321,0.8163409233093262,1.8459149599075317
cifar10_00002_ship,14,8,0,321,0.8579425811767578,1.8196396827697754
cifar10_00002_ship,8,19,0,321,0.9731408953666687,1.8784773349761963
cifar10_00002_ship,21,10,0,321,0.8695076107978821,1.9252790212631226
cifar10_00002_ship,24,15,0,321,0.7628599405288696,1.7795438766479492
cifar10_00002_ship,8,22,0,321,0.9072844386100769,1.8516887426376343
cifar10_00002_ship,6,30,0,321,1.0193060636520386,1.7681264877319336
cifar10_00002_ship,23,9,0,321,0.8342898488044739,1.8620020151138306
cifar10_00002_ship,15,22,0,321,0.9610685110092163,1.871888518333435
cifar10_00002_ship,0,11,0,321,0.7609410285949707,1.8973383903503418
cifar10_00002_ship,30,21,0,321,0.997444748878479,1.7331855297088623
cifar10_00002_ship,0,2,0,321,0.987152099609375,1.8804181814193726
cifar10_00002_ship,0,27,0,321,0.8263370990753174,1.9231220483779907
cifar10_00002_ship,5,24,0,321,0.9894644618034363,1.9260632991790771
cifar10_00002_ship,30,29,0,321,0.8908940553665161,1.213924527168274
cifar10_00002_ship,13,10,0,321,0.8757998943328857,1.852217674255371
cifar10_00002_ship,16,17,0,321,0.8918478488922119,1.8538886308670044
cifar10_00002_ship,5,25,0,321,0.9168010950088501,1.8047401905059814
cifar10_00002_ship,7,14,0,321,0.8863645195960999,1.9127494096755981
cifar10_00002_ship,16,21,0,321,0.8726619482040405,1.8311355113983154
cifar10_00002_ship,11,21,0,321,0.8436003923416138,1.868575930595398
cifar10_00002_ship,19,2,0,321,0.8153016567230225,1.8442270755767822
cifar10_00002_ship,27,8,0,321,0.9175935983657837,1.6144933700561523
cifar10_00002_ship,13,6,0,321,0.871597170829773,2.038667678833008
cifar10_00002_ship,17,5,0,321,0.8695985078811646,1.8111820220947266
cifar10_00002_ship,8,4,0,321,0.9419155120849609,1.855337142944336
cifar10_00002_ship,9,29,0,321,0.8915828466415405,1.858088493347168
cifar10_00002_ship,6,15,0,321,0.9099396467208862,1.9386159181594849
cifar10_00002_ship,14,14,0,321,0.810425341129303,1.8353667259216309
cifar10_00002_ship,7,5,0,321,0.9372283220291138,1.8739194869995117
cifar10_00002_ship,28,7,0,321,0.9181845784187317,1.4118661880493164
cifar10_00002_ship,26,2,0,321,0.8785794973373413,1.7935926914215088
cifar10_00002_ship,11,17,0,321,0.916567862033844,1.9048974514007568
cifar10_00002_ship,9,31,0,321,0.896519124507904,1.8578813076019287
cifar10_00002_ship,13,7,0,321,0.9375695586204529,1.918191909790039
cifar10_00002_ship,29,10,0,321,0.9390555024147034,1.5461527109146118
cifar10_00002_ship,11,28,0,321,0.8926964998245239,1.9291889667510986
cifar10_00002_ship,29,19,0,321,0.8801401853561401,1.77032470703125
cifar10_00002_ship,0,23,0,321,0.9092227220535278,1.8514455556869507
cifar10_00002_ship,27,27,0,321,0.8165218234062195,1.5627026557922363
cifar10_00002_ship,12,11,0,321,0.9730811715126038,1.752875804901123
cifar10_00002_ship,22,26,0,321,0.8988814949989319,1.748864769935608
cifar10_00002_ship,2,31,0,321,0.9300193786621094,2.1439194679260254
cifar10_00002_ship,11,18,0,321,0.8961223363876343,1.894956111907959
cifar10_00002_ship,15,20,0,321,0.9370691776275635,1.847435712814331
cifar10_00002_ship,30,17,0,321,0.9260448813438416,1.5682642459869385
cifar10_00002_ship,1,7,0,321,0.9220452904701233,1.9577903747558594
cifar10_00002_ship,4,3,0,321,0.9289449453353882,1.858690619468689
cifar10_00002_ship,21,16,0,321,0.8568421006202698,1.9759601354599
cifar10_00002_ship,14,5,0,321,0.8700904250144958,1.8148183822631836
cifar10_00002_ship,21,15,0,321,0.9993410110473633,1.886733055114746
cifar10_00002_ship,9,28,0,321,0.9300166368484497,1.8915820121765137
cifar10_00002_ship,16,20,0,321,0.8398253321647644,1.7471305131912231
cifar10_00002_ship,29,15,0,321,0.9935336112976074,1.6964455842971802
cifar10_00002_ship,10,23,0,321,0.9036104679107666,1.896021842956543
cifar10_00002_ship,13,14,0,321,0.8460363149642944,1.8428843021392822
cifar10_00002_ship,27,17,0,321,0.8811894655227661,1.668360948562622
cifar10_00002_ship,5,22,0,321,0.9005163908004761,1.7840527296066284
cifar10_00002_ship,8,11,0,321,0.8815624117851257,1.842714548110962
cifar10_00002_ship,4,15,0,321,0.968544602394104,1.82941734790802
cifar10_00002_ship,9,6,0,321,0.9451075792312622,1.8994371891021729
cifar10_00002_ship,14,30,0,321,0.9257808923721313,1.617619276046753
cifar10_00002_ship,23,26,0,321,0.9306384325027466,1.8167847394943237
cifar10_00002_ship,18,22,0,321,0.9007278084754944,1.9187731742858887
cifar10_00002_ship,17,16,0,321,0.9004610776901245,1.8296220302581787
cifar10_00002_ship,26,25,0,321,0.9425661563873291,1.6955735683441162
cifar10_00002_ship,26,10,0,321,0.9263889789581299,1.6246650218963623
cifar10_00002_ship,29,9,0,321,0.8794121742248535,1.618445873260498
cifar10_00002_ship,29,6,0,321,0.9106137156486511,1.4575228691101074
cifar10_00002_ship,27,2,0,321,0.8787987232208252,1.7067087888717651
cifar10_00002_ship,6,11,0,321,0.9812785983085632,1.8428987264633179
cifar10_00002_ship,1,24,0,321,0.9249540567398071,2.0427706241607666
cifar10_00002_ship,4,8,0,321,0.9309260845184326,1.9590423107147217
cifar10_00002_ship,10,19,0,321,0.928351640701294,1.8907947540283203
cifar10_00002_ship,30,18,0,321,0.9838901162147522,1.7302470207214355
cifar10_00002_ship,0,6,0,321,0.9905809760093689,1.8676121234893799
cifar10_00002_ship,4,28,0,321,0.9278735518455505,1.8627848625183105
cifar10_00002_ship,15,25,0,321,0.9057785868644714,1.9036061763763428
cifar10_00002_ship,10,4,0,321,0.858928918838501,1.7725563049316406
cifar10_00002_ship,8,28,0,321,0.9469298124313354,1.8697543144226074
cifar10_00002_ship,21,22,0,321,0.9860520958900452,1.7979248762130737
cifar10_00002_ship,29,3,0,321,1.0345737934112549,1.1723966598510742
cifar10_00002_ship,5,5,0,321,0.9372342228889465,1.845450758934021
cifar10_00002_ship,9,5,0,321,0.9231165051460266,1.8956602811813354
cifar10_00002_ship,5,4,0,321,0.8483657836914062,1.8640530109405518
cifar10_00002_ship,27,18,0,321,0.9886748790740967,1.7885223627090454
cifar10_00002_ship,24,11,0,321,0.9258773922920227,1.7862801551818848
cifar10_00002_ship,4,16,0,321,0.9234796762466431,1.8494378328323364
cifar10_00002_ship,1,29,0,321,0.8223912715911865,1.7907073497772217
cifar10_00002_ship,6,24,0,321,0.9572031497955322,1.7864861488342285
cifar10_00002_ship,14,25,0,321,0.8779311180114746,1.8362834453582764
cifar10_00002_ship,19,12,0,321,0.8462183475494385,1.8806390762329102
cifar10_00002_ship,19,16,1,322,0.8398153185844421,1.3150912523269653
cifar10_00002_ship,2,24,1,322,0.6559139490127563,0.831162691116333
cifar10_00002_ship,24,28,1,322,0.8663973808288574,1.2548338174819946
cifar10_00002_ship,29,29,1,322,0.8224004507064819,0.9506101012229919
cifar10_00002_ship,0,18,1,322,0.7771862745285034,1.3196768760681152
cifar10_00002_ship,10,9,1,322,0.6500959396362305,1.6861186027526855
cifar10_00002_ship,31,7,1,322,0.8727273941040039,1.792327880859375
cifar10_00002_ship,20,5,1,322,0.9519985914230347,1.459755778312683
cifar10_00002_ship,22,16,1,322,0.8650407791137695,1.2238209247589111
cifar10_00002_ship,25,8,1,322,0.9020267128944397,1.2374005317687988
cifar10_00002_ship,29,5,1,322,0.8366820812225342,0.8763796091079712
cifar10_00002_ship,10,6,1,322,1.070690631866455,1.5234272480010986
cifar10_00002_ship,28,2,1,322,0.9075411558151245,1.2319133281707764
cifar10_00002_ship,22,14,1,322,0.9140162467956543,1.5109471082687378
cifar10_00002_ship,7,31,1,322,0.8005678653717041,1.3317251205444336
cifar10_00002_ship,16,18,1,322,0.7607637643814087,1.2244267463684082
cifar10_00002_ship,8,9,1,322,0.5813814401626587,1.4445216655731201
cifar10_00002_ship,18,8,1,322,0.9073370099067688,1.3082575798034668
cifar10_00002_ship,20,11,1,322,0.813614547252655,1.3670984506607056
cifar10_00002_ship,27,21,1,322,0.8715999126434326,1.1881422996520996
cifar10_00002_ship,26,31,1,322,0.945200502872467,1.5137336254119873
cifar10_00002_ship,4,0,1,322,0.848078727722168,1.3264758586883545
cifar10_00002_ship,5,6,1,322,0.7121564745903015,1.1577147245407104
cifar10_00002_ship,8,7,1,322,0.6800692081451416,1.3748723268508911
cifar10_00002_ship,23,11,1,322,0.8916318416595459,1.4121333360671997
cifar10_00002_ship,24,26,1,322,0.7674766778945923,1.3079267740249634
cifar10_00002_ship,10,8,1,322,0.8666355013847351,0.9347546696662903
cifar10_00002_ship,20,28,1,322,0.9103043079376221,1.4969217777252197
cifar10_00002_ship,4,12,1,322,0.5281562209129333,1.2886788845062256
cifar10_00002_ship,26,16,1,322,0.8517965078353882,1.373583436012268
cifar10_00002_ship,27,30,1,322,0.9596654176712036,1.2888834476470947
cifar10_00002_ship,1,5,1,322,0.7439870834350586,1.426963448524475
cifar10_00002_ship,19,25,1,322,0.8671939969062805,1.4654381275177002
cifar10_00002_ship,0,13,1,322,0.9307581186294556,1.320681095123291
cifar10_00002_ship,4,13,1,322,0.9249923825263977,1.239884376525879
cifar10_00002_ship,17,13,1,322,0.9207134246826172,1.5184600353240967
cifar10_00002_ship,14,11,1,322,0.7507951259613037,1.4627196788787842
cifar10_00002_ship,14,8,1,322,0.7299127578735352,1.2584028244018555
cifar10_00002_ship,8,19,1,322,0.871959388256073,1.3241560459136963
cifar10_00002_ship,21,10,1,322,0.8027598857879639,1.4052151441574097
cifar10_00002_ship,24,15,1,322,1.0463285446166992,1.540972352027893
cifar10_00002_ship,8,22,1,322,0.7812211513519287,1.5000300407409668
cifar10_00002_ship,6,30,1,322,0.6506043672561646,0.9796960353851318
cifar10_00002_ship,23,9,1,322,0.9110492467880249,1.533455729484558
cifar10_00002_ship,15,22,1,322,0.843501627445221,1.1381092071533203
cifar10_00002_ship,0,11,1,322,0.8626288175582886,1.4596203565597534
cifar10_00002_ship,30,21,1,322,0.9514477252960205,1.4253782033920288
cifar10_00002_ship,0,2,1,322,0.9393868446350098,1.4824124574661255
cifar10_00002_ship,0,27,1,322,0.40899658203125,1.248368740081787
cifar10_00002_ship,5,24,1,322,0.7832731604576111,1.366566777229309
cifar10_00002_ship,30,29,1,322,0.8478128910064697,0.733803391456604
cifar10_00002_ship,13,10,1,322,0.5694056749343872,1.4519788026809692
cifar10_00002_ship,16,17,1,322,0.9079157114028931,1.223650336265564
cifar10_00002_ship,5,25,1,322,0.9337138533592224,1.398535132408142
cifar10_00002_ship,7,14,1,322,0.6964475512504578,1.3183708190917969
cifar10_00002_ship,16,21,1,322,0.7218509912490845,1.4428226947784424
cifar10_00002_ship,11,21,1,322,0.6632111072540283,1.1940841674804688
cifar10_00002_ship,19,2,1,322,0.8304492831230164,1.3050477504730225
cifar10_00002_ship,27,8,1,322,0.6745316982269287,1.075161337852478
cifar10_00002_ship,13,6,1,322,0.7789626121520996,0.9046664237976074
cifar10_00002_ship,17,5,1,322,0.9769443273544312,1.5006636381149292
cifar10_00002_ship,8,4,1,322,0.8058470487594604,1.2415125370025635
cifar10_00002_ship,9,29,1,322,0.6530539989471436,1.5548144578933716
cifar10_00002_ship,6,15,1,322,0.8118399381637573,0.991589367389679
cifar10_00002_ship,14,14,1,322,0.7006789445877075,1.3253837823867798
cifar10_00002_ship,7,5,1,322,0.5048125982284546,1.4206945896148682
cifar10_00002_ship,28,7,1,322,0.9267871379852295,1.1809468269348145
cifar10_00002_ship,26,2,1,322,0.7623965740203857,1.3720192909240723
cifar10_00002_ship,11,17,1,322,0.8560096025466919,1.357478141784668
cifar10_00002_ship,9,31,1,322,1.0030142068862915,1.573233723640442
cifar10_00002_ship,13,7,1,322,0.877604603767395,1.4985301494598389
cifar10_00002_ship,29,10,1,322,0.9373750686645508,1.4707181453704834
cifar10_00002_ship,11,28,1,322,0.8308534622192383,1.4527331590652466
cifar10_00002_ship,29,19,1,322,0.8736340999603271,1.262760877609253
cifar10_00002_ship,0,23,1,322,0.8504896759986877,1.4299391508102417
cifar10_00002_ship,27,27,1,322,0.8261321783065796,1.102806806564331
cifar10_00002_ship,12,11,1,322,0.8448709845542908,1.2373497486114502
cifar10_00002_ship,22,26,1,322,0.855620265007019,1.3033021688461304
cifar10_00002_ship,2,31,1,322,-0.601492166519165,0.49826717376708984
cifar10_00002_ship,11,18,1,322,0.7486977577209473,1.1434537172317505
cifar10_00002_ship,15,20,1,322,0.928342878818512,1.389434576034546
cifar10_00002_ship,30,17,1,322,0.8521957993507385,1.4248179197311401
cifar10_00002_ship,1,7,1,322,0.8476823568344116,1.3581171035766602
cifar10_00002_ship,4,3,1,322,0.48551639914512634,1.19406259059906
cifar10_00002_ship,21,16,1,322,0.9799551963806152,1.6896940469741821
cifar10_00002_ship,14,5,1,322,0.8714669942855835,1.5437908172607422
cifar10_00002_ship,21,15,1,322,0.8504042029380798,1.1253740787506104
cifar10_00002_ship,9,28,1,322,0.8205881118774414,1.6051185131072998
cifar10_00002_ship,16,20,1,322,0.8746681213378906,1.247392177581787
cifar10_00002_ship,29,15,1,322,0.8393117189407349,1.1940133571624756
cifar10_00002_ship,10,23,1,322,0.5686084032058716,1.0269770622253418
cifar10_00002_ship,13,14,1,322,0.7997786998748779,1.6518845558166504
cifar10_00002_ship,27,17,1,322,0.8211262226104736,1.317784070968628
cifar10_00002_ship,5,22,1,322,0.5666401386260986,1.3593573570251465
cifar10_00002_ship,8,11,1,322,0.8238357305526733,1.45634126663208
cifar10_00002_ship,4,15,1,322,0.499340295791626,1.2209527492523193
cifar10_00002_ship,9,6,1,322,0.7493777871131897,1.1948001384735107
cifar10_00002_ship,14,30,1,322,0.8710418939590454,1.37864089012146
cifar10_00002_ship,23,26,1,322,0.7886199951171875,1.262096643447876
cifar10_00002_ship,18,22,1,322,0.8466077446937561,1.0167803764343262
cifar10_00002_ship,17,16,1,322,0.9267709851264954,1.2600226402282715
cifar10_00002_ship,26,25,1,322,0.922943115234375,1.3967041969299316
cifar10_00002_ship,26,10,1,322,0.9102392196655273,1.4374282360076904
cifar10_00002_ship,29,9,1,322,1.0506746768951416,1.4463227987289429
cifar10_00002_ship,29,6,1,322,0.8785881400108337,1.256692886352539
cifar10_00002_ship,27,2,1,322,0.9412379264831543,1.4849143028259277
cifar10_00002_ship,6,11,1,322,0.8972686529159546,1.2905828952789307
cifar10_00002_ship,1,24,1,322,0.9080211520195007,1.3017213344573975
cifar10_00002_ship,4,8,1,322,0.5782086849212646,1.3451390266418457
cifar10_00002_ship,10,19,1,322,0.6872186660766602,1.1561052799224854
cifar10_00002_ship,30,18,1,322,0.8181627988815308,1.1262736320495605
cifar10_00002_ship,0,6,1,322,1.021044135093689,1.4492117166519165
cifar10_00002_ship,4,28,1,322,0.7044320106506348,1.066681981086731
cifar10_00002_ship,15,25,1,322,0.6712827682495117,1.367229700088501
cifar10_00002_ship,10,4,1,322,0.8486768007278442,1.5053272247314453
cifar10_00002_ship,8,28,1,322,0.825049638748169,1.6288933753967285
cifar10_00002_ship,21,22,1,322,0.849969208240509,1.536677360534668
cifar10_00002_ship,29,3,1,322,0.7425132393836975,0.9381555914878845
cifar10_00002_ship,5,5,1,322,0.6335495710372925,1.2922877073287964
cifar10_00002_ship,9,5,1,322,0.6092433929443359,1.7098649740219116
cifar10_00002_ship,5,4,1,322,0.7617393732070923,1.1878881454467773
cifar10_00002_ship,27,18,1,322,0.9255368113517761,0.9477566480636597
cifar10_00002_ship,24,11,1,322,0.8325245380401611,1.5046002864837646
cifar10_00002_ship,4,16,1,322,0.8194493055343628,1.3855650424957275
cifar10_00002_ship,1,29,1,322,0.6215892434120178,1.3479856252670288
cifar10_00002_ship,6,24,1,322,0.7416905164718628,1.2896020412445068
cifar10_00002_ship,14,25,1,322,0.621779203414917,1.400911808013916
cifar10_00002_ship,19,12,1,322,0.6646614074707031,1.0900205373764038
cifar10_00003_airplane,7,9,0,321,0.9118021726608276,1.9576178789138794
cifar10_00003_airplane,8,20,0,321,0.9472486972808838,1.7676358222961426
cifar10_00003_airplane,17,27,0,321,0.9078667163848877,1.9584728479385376
cifar10_00003_airplane,17,14,0,321,0.8893110752105713,1.8541135787963867
cifar10_00003_airplane,17,7,0,321,0.8711782097816467,1.8437719345092773
cifar10_00003_airplane,14,20,0,321,0.8899613618850708,1.934733510017395
cifar10_00003_airplane,30,5,0,321,0.9797776341438293,1.7595562934875488
cifar10_00003_airplane,3,14,0,321,0.9694857597351074,1.919764518737793
cifar10_00003_airplane,3,0,0,321,0.9768900871276855,1.9000828266143799
cifar10_00003_airplane,0,9,0,321,0.9542359113693237,1.84429931640625
cifar10_00003_airplane,13,25,0,321,0.9487214088439941,1.894558310508728
cifar10_00003_airplane,25,6,0,321,0.9992620348930359,1.8690943717956543
cifar10_00003_airplane,1,0,0,321,1.0016934871673584,1.8795955181121826
cifar10_00003_airplane,26,12,0,321,0.8919326663017273,1.7477545738220215
cifar10_00003_airplane,10,3,0,321,0.923400342464447,1.8458240032196045
cifar10_00003_airplane,25,9,0,321,1.0109143257141113,1.8594797849655151
cifar10_00003_airplane,23,26,0,321,0.9370641708374023,1.9258376359939575
cifar10_00003_airplane,15,14,0,321,0.9176913499832153,1.8310534954071045
cifar10_00003_airplane,24,11,0,321,0.8556791543960571,1.8134913444519043
cifar10_00003_airplane,11,28,0,321,0.8860355019569397,1.9714659452438354
cifar10_00003_airplane,21,27,0,321,0.9319372177124023,1.8981194496154785
cifar10_00003_airplane,7,23,0,321,0.93328857421875,1.841804027557373
cifar10_00003_airplane,26,7,0,321,0.939507007598877,1.7500284910202026
cifar10_00003_airplane,24,21,0,321,0.9800488352775574,1.8464374542236328
cifar10_00003_airplane,16,25,0,321,0.9507694840431213,1.9345903396606445
cifar10_00003_airplane,14,14,0,321,0.9732275009155273,1.9323749542236328
cifar10_00003_airplane,11,0,0,321,0.8978944420814514,1.927800178527832
cifar10_00003_airplane,16,26,0,321,1.008610486984253,1.963780164718628
cifar10_00003_airplane,13,17,0,321,0.7777429223060608,1.866072416305542
cifar10_00003_airplane,17,4,0,321,1.0119128227233887,1.9726967811584473
cifar10_00003_airplane,15,12,0,321,0.9417423605918884,1.9838876724243164
cifar10_00003_airplane,9,13,0,321,0.9107760190963745,1.9033129215240479
cifar10_00003_airplane,1,5,0,321,0.9283942580223083,1.9009581804275513
cifar10_00003_airplane,12,13,0,321,0.8812110424041748,2.0015435218811035
cifar10_00003_airplane,13,15,0,321,0.8032446503639221,1.9268778562545776
cifar10_00003_airplane,12,12,0,321,0.9087716937065125,1.9230201244354248
cifar10_00003_airplane,6,22,0,321,0.9779749512672424,1.9751226902008057
cifar10_00003_airplane,8,26,0,321,0.9999057650566101,1.9350378513336182
cifar10_00003_airplane,2,7,0,321,0.93097323179245,1.851487636566162
cifar10_00003_airplane,5,17,0,321,1.235827922821045,1.8609848022460938
cifar10_00003_airplane,13,20,0,321,0.9183175563812256,1.9305509328842163
cifar10_00003_airplane,13,4,0,321,0.9208593964576721,1.9038820266723633
cifar10_00003_airplane,1,30,0,321,0.9235490560531616,1.8642373085021973
cifar10_00003_airplane,22,2,0,321,0.9351033568382263,1.8367083072662354
cifar10_00003_airplane,6,1,0,321,0.9254415035247803,1.7347676753997803
cifar10_00003_airplane,19,31,0,321,0.9417973756790161,1.9180102348327637
cifar10_00003_airplane,4,9,0,321,1.0423552989959717,1.857409119606018
cifar10_00003_airplane,24,15,0,321,0.8298981189727783,1.919692039489746
cifar10_00003_airplane,28,29,0,321,0.9234947562217712,1.703011393547058
cifar10_00003_airplane,21,30,0,321,0.9561949968338013,1.8605482578277588
cifar10_00003_airplane,4,20,0,321,0.9181140661239624,2.007983684539795
cifar10_00003_airplane,30,24,0,321,0.8954119086265564,1.3728187084197998
cifar10_00003_airplane,25,21,0,321,0.9693920612335205,1.797229290008545
cifar10_00003_airplane,24,14,0,321,0.8784937858581543,1.8169554471969604
cifar10_00003_airplane,27,11,0,321,0.8852188587188721,1.6697020530700684
cifar10_00003_airplane,18,3,0,321,0.8629904985427856,1.7636773586273193
cifar10_00003_airplane,13,27,0,321,0.9182603359222412,1.9481854438781738
cifar10_00003_airplane,29,23,0,321,0.8977296352386475,1.262951374053955
cifar10_00003_airplane,21,18,0,321,0.9553332328796387,2.115016222000122
cifar10_00003_airplane,22,22,0,321,1.0024614334106445,1.9201959371566772
cifar10_00003_airplane,21,21,0,321,0.9049556255340576,1.815209150314331
cifar10_00003_airplane,26,28,0,321,0.9940423369407654,1.5628448724746704
cifar10_00003_airplane,2,4,0,321,0.916183590888977,1.9263501167297363
cifar10_00003_airplane,17,19,0,321,0.9791715145111084,1.9137048721313477
cifar10_00003_airplane,4,13,0,321,0.8790212869644165,1.9138424396514893
cifar10_00003_airplane,9,19,0,321,0.8715388178825378,1.9583461284637451
cifar10_00003_airplane,10,0,0,321,0.9180291891098022,1.8665087223052979
cifar10_00003_airplane,28,22,0,321,0.9024909734725952,1.4462146759033203
cifar10_00003_airplane,7,29,0,321,0.9227547645568848,1.852520227432251
cifar10_00003_airplane,25,7,0,321,0.9721739292144775,1.8022550344467163
cifar10_00003_airplane,18,22,0,321,0.9183018803596497,1.9096043109893799
cifar10_00003_airplane,24,29,0,321,0.9497175812721252,1.9037411212921143
cifar10_00003_airplane,19,6,0,321,0.9447300434112549,1.900371789932251
cifar10_00003_airplane,23,6,0,321,0.9072995781898499,1.8039209842681885
cifar10_00003_airplane,5,0,0,321,0.9907793998718262,1.8301948308944702
cifar10_00003_airplane,1,23,0,321,0.9414246082305908,1.8210761547088623
cifar10_00003_airplane,16,16,0,321,0.927916944026947,1.8678226470947266
cifar10_00003_airplane,31,7,0,321,0.9299697875976562,1.755849838256836
cifar10_00003_airplane,18,20,0,321,0.8851422071456909,1.8979181051254272
cifar10_00003_airplane,22,20,0,321,0.9103947281837463,1.837773084640503
cifar10_00003_airplane,21,11,0,321,0.965658962726593,1.8536261320114136
cifar10_00003_airplane,20,7,0,321,1.0560883283615112,1.8980520963668823
cifar10_00003_airplane,31,10,0,321,0.9364296793937683,1.7813103199005127
cifar10_00003_airplane,11,26,0,321,0.8405680060386658,1.8132658004760742
cifar10_00003_airplane,25,31,0,321,0.9428001642227173,1.8432443141937256
cifar10_00003_airplane,19,17,0,321,0.8969957828521729,1.9783298969268799
cifar10_00003_airplane,31,16,0,321,0.8845891952514648,1.7549084424972534
cifar10_00003_airplane,11,18,0,321,0.9542125463485718,1.8985646963119507
cifar10_00003_airplane,19,24,0,321,0.9595893025398254,1.8092868328094482
cifar10_00003_airplane,28,26,0,321,0.9424456357955933,1.5554864406585693
cifar10_00003_airplane,9,16,0,321,0.8154922127723694,1.820672869682312
cifar10_00003_airplane,15,17,0,321,0.8541725873947144,1.8359508514404297
cifar10_00003_airplane,18,16,0,321,0.8583608865737915,1.7927272319793701
cifar10_00003_airplane,28,2,0,321,0.9451399445533752,1.5921987295150757
cifar10_00003_airplane,20,20,0,321,1.0541815757751465,1.6968493461608887
cifar10_00003_airplane,12,2,0,321,0.9214267134666443,1.8731822967529297
cifar10_00003_airplane,2,20,0,321,0.9227109551429749,2.001497268676758
cifar10_00003_airplane,3,13,0,321,0.9212589263916016,1.902787446975708
cifar10_00003_airplane,28,20,0,321,0.8406474590301514,1.4596469402313232
cifar10_00003_airplane,21,17,0,321,0.9233022332191467,2.037619113922119
cifar10_00003_airplane,22,24,0,321,1.4065948724746704,1.8845021724700928
cifar10_00003_airplane,11,22,0,321,1.016615867614746,1.913525104522705
cifar10_00003_airplane,27,16,0,321,0.8639734983444214,1.7466537952423096
cifar10_00003_airplane,18,1,0,321,0.8462919592857361,2.4827489852905273
cifar10_00003_airplane,20,27,0,321,0.907243013381958,1.8217682838439941
cifar10_00003_airplane,19,9,0,321,0.9318833947181702,1.8936059474945068
cifar10_00003_airplane,30,11,0,321,0.9554765224456787,1.5905048847198486
cifar10_00003_airplane,0,1,0,321,1.0054961442947388,1.8145456314086914
cifar10_00003_airplane,27,1,0,321,0.8510099053382874,1.9236879348754883
cifar10_00003_airplane,16,8,0,321,0.7985408306121826,1.9358805418014526
cifar10_00003_airplane,9,3,0,321,0.9573789238929749,1.893100619316101
cifar10_00003_airplane,2,21,0,321,0.911965012550354,1.9785043001174927
cifar10_00003_airplane,12,11,0,321,0.9485393762588501,1.8814568519592285
cifar10_00003_airplane,14,28,0,321,0.8834407329559326,1.941758394241333
cifar10_00003_airplane,6,3,0,321,0.9278314113616943,1.8244093656539917
cifar10_00003_airplane,8,27,0,321,0.9610698223114014,1.7674498558044434
cifar10_00003_airplane,28,27,0,321,0.9617600440979004,1.4334112405776978
cifar10_00003_airplane,3,4,0,321,0.8891966342926025,1.898756742477417
cifar10_00003_airplane,30,15,0,321,0.9562477469444275,1.6311451196670532
cifar10_00003_airplane,22,21,0,321,0.9648278951644897,1.9228298664093018
cifar10_00003_airplane,3,17,0,321,0.9628634452819824,1.888237476348877
cifar10_00003_airplane,16,3,0,321,0.9110590219497681,1.879162311553955
cifar10_00003_airplane,22,3,0,321,0.846609354019165,1.900259017944336
cifar10_00003_airplane,25,26,0,321,0.952972948551178,1.7827136516571045
cifar10_00003_airplane,23,28,0,321,0.8403552770614624,1.8743396997451782
cifar10_00003_airplane,29,31,0,321,0.9048610925674438,1.7022652626037598
cifar10_00003_airplane,21,29,0,321,0.8428245782852173,1.9062858819961548
cifar10_00003_airplane,18,23,0,321,0.930164635181427,1.8543130159378052
cifar10_00003_airplane,7,9,1,322,0.6819999814033508,1.4664671421051025
cifar10_00003_airplane,8,20,1,322,0.5856572389602661,1.6260840892791748
cifar10_00003_airplane,17,27,1,322,0.905245840549469,1.0936462879180908
cifar10_00003_airplane,17,14,1,322,0.8978092670440674,1.5233656167984009
cifar10_00003_airplane,17,7,1,322,0.8626107573509216,1.264345645904541
cifar10_00003_airplane,14,20,1,322,0.9439308643341064,1.3973561525344849
cifar10_00003_airplane,30,5,1,322,0.8664335608482361,1.2775161266326904
cifar10_00003_airplane,3,14,1,322,0.7672399878501892,1.3957141637802124
cifar10_00003_airplane,3,0,1,322,0.8147704601287842,1.6200664043426514
cifar10_00003_airplane,0,9,1,322,0.8622454404830933,1.2874834537506104
cifar10_00003_airplane,13,25,1,322,1.0211632251739502,1.3839253187179565
cifar10_00003_airplane,25,6,1,322,0.8036127090454102,1.3232340812683105
cifar10_00003_airplane,1,0,1,322,0.983832597732544,1.6563045978546143
cifar10_00003_airplane,26,12,1,322,0.9000439643859863,1.3546148538589478
cifar10_00003_airplane,10,3,1,322,0.8611698150634766,1.3973618745803833
cifar10_00003_airplane,25,9,1,322,0.674320638179779,1.319671869277954
cifar10_00003_airplane,23,26,1,322,0.914300262928009,1.0731335878372192
cifar10_00003_airplane,15,14,1,322,0.7249811887741089,1.4168856143951416
cifar10_00003_airplane,24,11,1,322,0.7173405885696411,1.1970481872558594
cifar10_00003_airplane,11,28,1,322,0.954625129699707,1.017997145652771
cifar10_00003_airplane,21,27,1,322,0.8226209878921509,1.4915471076965332
cifar10_00003_airplane,7,23,1,322,0.604255735874176,1.303149938583374
cifar10_00003_airplane,26,7,1,322,0.9025076627731323,1.3918209075927734
cifar10_00003_airplane,24,21,1,322,0.8421401977539062,1.7649216651916504
cifar10_00003_airplane,16,25,1,322,0.9714109897613525,1.225181221961975
cifar10_00003_airplane,14,14,1,322,0.9057202935218811,1.5323162078857422
cifar10_00003_airplane,11,0,1,322,0.5656004548072815,1.4627642631530762
cifar10_00003_airplane,16,26,1,322,0.8620997071266174,1.18141508102417
cifar10_00003_airplane,13,17,1,322,1.0237572193145752,1.449958324432373
cifar10_00003_airplane,17,4,1,322,0.5546425580978394,1.312758445739746
cifar10_00003_airplane,15,12,1,322,0.6914856433868408,1.4656567573547363
cifar10_00003_airplane,9,13,1,322,0.7957656383514404,1.4309463500976562
cifar10_00003_airplane,1,5,1,322,0.988392174243927,1.642388105392456
cifar10_00003_airplane,12,13,1,322,0.8634232878684998,1.0877926349639893
cifar10_00003_airplane,13,15,1,322,0.8811920285224915,1.3038216829299927
cifar10_00003_airplane,12,12,1,322,0.8290210962295532,1.5289338827133179
cifar10_00003_airplane,6,22,1,322,0.4463497996330261,1.2023032903671265
cifar10_00003_airplane,8,26,1,322,0.7174312472343445,1.5551611185073853
cifar10_00003_airplane,2,7,1,322,0.5867576599121094,1.2762809991836548
cifar10_00003_airplane,5,17,1,322,0.6136056184768677,0.9184261560440063
cifar10_00003_airplane,13,20,1,322,0.9017046689987183,1.3177762031555176
cifar10_00003_airplane,13,4,1,322,0.7619686126708984,1.0550471544265747
cifar10_00003_airplane,1,30,1,322,0.9015017747879028,1.3279625177383423
cifar10_00003_airplane,22,2,1,322,0.9133695363998413,1.7500691413879395
cifar10_00003_airplane,6,1,1,322,0.7791122794151306,1.4543546438217163
cifar10_00003_airplane,19,31,1,322,0.9467079043388367,1.0871317386627197
cifar10_00003_airplane,4,9,1,322,0.7951854467391968,1.1632373332977295
cifar10_00003_airplane,24,15,1,322,1.0367097854614258,1.5698866844177246
cifar10_00003_airplane,28,29,1,322,0.5326942205429077,1.5408037900924683
cifar10_00003_airplane,21,30,1,322,0.7946537733078003,1.2656995058059692
cifar10_00003_airplane,4,20,1,322,0.7070717215538025,1.444995641708374
cifar10_00003_airplane,30,24,1,322,0.848191499710083,1.0266153812408447
cifar10_00003_airplane,25,21,1,322,0.6609768867492676,1.7925693988800049
cifar10_00003_airplane,24,14,1,322,0.8891234397888184,1.219273567199707
cifar10_00003_airplane,27,11,1,322,0.7550255060195923,1.0463873147964478
cifar10_00003_airplane,18,3,1,322,0.5856084227561951,1.4217803478240967
cifar10_00003_airplane,13,27,1,322,1.0332716703414917,1.0678446292877197
cifar10_00003_airplane,29,23,1,322,0.6510051488876343,0.990805983543396
cifar10_00003_airplane,21,18,1,322,0.6180720925331116,1.537886142730713
cifar10_00003_airplane,22,22,1,322,0.520465612411499,1.0715209245681763
cifar10_00003_airplane,21,21,1,322,0.5911964178085327,1.0661416053771973
cifar10_00003_airplane,26,28,1,322,0.7051759362220764,0.999433696269989
cifar10_00003_airplane,2,4,1,322,0.42534714937210083,1.5355181694030762
cifar10_00003_airplane,17,19,1,322,0.3090493977069855,1.4626190662384033
cifar10_00003_airplane,4,13,1,322,0.7929525375366211,1.4865326881408691
cifar10_00003_airplane,9,19,1,322,0.9678025841712952,1.3857829570770264
cifar10_00003_airplane,10,0,1,322,0.5773820877075195,1.4310197830200195
cifar10_00003_airplane,28,22,1,322,0.9659157395362854,0.8559132814407349
cifar10_00003_airplane,7,29,1,322,0.538809061050415,1.517525315284729
cifar10_00003_airplane,25,7,1,322,0.6828946471214294,1.2810910940170288
cifar10_00003_airplane,18,22,1,322,0.5401593446731567,1.4217414855957031
cifar10_00003_airplane,24,29,1,322,0.8068419694900513,1.4793932437896729
cifar10_00003_airplane,19,6,1,322,0.6894901990890503,1.5023813247680664
cifar10_00003_airplane,23,6,1,322,0.7421325445175171,1.4480221271514893
cifar10_00003_airplane,5,0,1,322,0.7812212705612183,1.5599993467330933
cifar10_00003_airplane,1,23,1,322,0.7803494930267334,1.4742070436477661
cifar10_00003_airplane,16,16,1,322,0.5964047908782959,1.3644933700561523
cifar10_00003_airplane,31,7,1,322,0.8800762295722961,1.260188102722168
cifar10_00003_airplane,18,20,1,322,0.675570011138916,1.4889848232269287
cifar10_00003_airplane,22,20,1,322,0.7709459066390991,1.4346486330032349
cifar10_00003_airplane,21,11,1,322,0.6545902490615845,1.251508355140686
cifar10_00003_airplane,20,7,1,322,0.6516368389129639,1.0868936777114868
cifar10_00003_airplane,31,10,1,322,0.9068877100944519,1.138283610343933
cifar10_00003_airplane,11,26,1,322,0.6499150395393372,1.2818527221679688
cifar10_00003_airplane,25,31,1,322,0.8195002675056458,1.4535555839538574
cifar10_00003_airplane,19,17,1,322,0.9489760994911194,1.2100650072097778
cifar10_00003_airplane,31,16,1,322,0.9671577215194702,1.1996444463729858
cifar10_00003_airplane,11,18,1,322,0.4340117573738098,2.019700527191162
cifar10_00003_airplane,19,24,1,322,0.6934705972671509,1.2854785919189453
cifar10_00003_airplane,28,26,1,322,0.8586249351501465,1.1800743341445923
cifar10_00003_airplane,9,16,1,322,0.6727476119995117,1.481752872467041
cifar10_00003_airplane,15,17,1,322,0.9465943574905396,1.3990867137908936
cifar10_00003_airplane,18,16,1,322,0.8754622936248779,1.6065990924835205
cifar10_00003_airplane,28,2,1,322,0.7790563702583313,1.550623893737793
cifar10_00003_airplane,20,20,1,322,0.7851083278656006,1.3293967247009277
cifar10_00003_airplane,12,2,1,322,0.8787165880203247,1.478447437286377
cifar10_00003_airplane,2,20,1,322,0.6471801996231079,1.2272650003433228
cifar10_00003_airplane,3,13,1,322,0.8247978091239929,1.37798273563385
cifar10_00003_airplane,28,20,1,322,0.9614002704620361,0.7029871344566345
cifar10_00003_airplane,21,17,1,322,0.4846481382846832,1.5192590951919556
cifar10_00003_airplane,22,24,1,322,2.848446846008301,1.0295757055282593
cifar10_00003_airplane,11,22,1,322,0.713133692741394,0.9213606715202332
cifar10_00003_airplane,27,16,1,322,0.7830938100814819,0.8934985399246216
cifar10_00003_airplane,18,1,1,322,-1.6493991613388062,-1.8214268684387207
cifar10_00003_airplane,20,27,1,322,0.7821337580680847,1.4066790342330933
cifar10_00003_airplane,19,9,1,322,0.729607343673706,1.4842897653579712
cifar10_00003_airplane,30,11,1,322,0.6350517868995667,1.3189749717712402
cifar10_00003_airplane,0,1,1,322,0.5785224437713623,1.3508857488632202
cifar10_00003_airplane,27,1,1,322,0.8243815898895264,1.1130889654159546
cifar10_00003_airplane,16,8,1,322,0.6561558246612549,1.2889103889465332
cifar10_00003_airplane,9,3,1,322,0.33027827739715576,1.544723391532898
cifar10_00003_airplane,2,21,1,322,0.4370245337486267,1.3967454433441162
cifar10_00003_airplane,12,11,1,322,1.0377440452575684,1.3625984191894531
cifar10_00003_airplane,14,28,1,322,0.457368403673172,1.3689215183258057
cifar10_00003_airplane,6,3,1,322,0.7237838506698608,1.4830398559570312
cifar10_00003_airplane,8,27,1,322,0.6134476661682129,1.7961487770080566
cifar10_00003_airplane,28,27,1,322,0.7762875556945801,1.2881121635437012
cifar10_00003_airplane,3,4,1,322,0.8944352865219116,0.9109331965446472
cifar10_00003_airplane,30,15,1,322,0.8297262191772461,1.1408820152282715
cifar10_00003_airplane,22,21,1,322,0.5308060646057129,1.2628226280212402
cifar10_00003_airplane,3,17,1,322,0.7139327526092529,1.365401029586792
cifar10_00003_airplane,16,3,1,322,0.5465404391288757,1.329521894454956
cifar10_00003_airplane,22,3,1,322,0.8484772443771362,1.4835739135742188
cifar10_00003_airplane,25,26,1,322,0.5712469220161438,1.425952672958374
cifar10_00003_airplane,23,28,1,322,0.4975054860115051,1.314972162246704
cifar10_00003_airplane,29,31,1,322,0.8968981504440308,0.8854245543479919
cifar10_00003_airplane,21,29,1,322,0.746516764163971,1.1547660827636719
cifar10_00003_airplane,18,23,1,322,0.4795859754085541,1.380469799041748
cifar10_00004_frog,14,11,0,321,0.9373488426208496,1.4908504486083984
cifar10_00004_frog,29,10,0,321,0.9977161884307861,1.5310063362121582
cifar10_00004_frog,18,29,0,321,0.896513819694519,1.2956104278564453
cifar10_00004_frog,13,6,0,321,0.9300144910812378,1.534658432006836
cifar10_00004_frog,4,2,0,321,0.9036316871643066,1.4636423587799072
cifar10_00004_frog,21,15,0,321,1.0255298614501953,1.866180419921875
cifar10_00004_frog,8,16,0,321,1.5775084495544434,1.1300089359283447
cifar10_00004_frog,27,0,0,321,0.8748151063919067,1.3469924926757812
cifar10_00004_frog,18,14,0,321,0.9355771541595459,1.7170157432556152
cifar10_00004_frog,15,4,0,321,0.9005082249641418,1.5456318855285645
cifar10_00004_frog,3,30,0,321,0.94781094789505,1.4843385219573975
cifar10_00004_frog,21,28,0,321,0.8787358999252319,1.6852784156799316
cifar10_00004_frog,0,12,0,321,0.9451895356178284,1.6498899459838867
cifar10_00004_frog,24,0,0,321,0.9515457153320312,1.4383907318115234
cifar10_00004_frog,30,11,0,321,1.0016789436340332,1.645939588546753
cifar10_00004_frog,7,22,0,321,0.8906412720680237,1.3579094409942627
cifar10_00004_frog,11,7,0,321,0.8933200240135193,1.5002306699752808
cifar10_00004_frog,8,17,0,321,0.8881879448890686,1.203944206237793
cifar10_00004_frog,28,4,0,321,0.7237515449523926,1.1938374042510986
cifar10_00004_frog,0,4,0,321,1.4323875904083252,1.571926474571228
cifar10_00004_frog,17,9,0,321,0.9551771283149719,1.682767629623413
cifar10_00004_frog,1,24,0,321,0.950385570526123,1.3887839317321777
cifar10_00004_frog,24,23,0,321,0.8990024924278259,1.7524313926696777
cifar10_00004_frog,30,23,0,321,1.715173363685608,1.3705803155899048
cifar10_00004_frog,24,10,0,321,0.9364510178565979,1.5454835891723633
cifar10_00004_frog,0,10,0,321,0.9416482448577881,1.2897608280181885
cifar10_00004_frog,27,20,0,321,0.9798883199691772,1.8675695657730103
cifar10_00004_frog,21,16,0,321,0.8003078699111938,1.853419303894043
cifar10_00004_frog,8,5,0,321,0.7737964391708374,1.4823048114776611
cifar10_00004_frog,17,31,0,321,0.963685154914856,1.552152156829834
cifar10_00004_frog,16,15,0,321,0.9864826798439026,1.7023365497589111
cifar10_00004_frog,5,14,0,321,0.8625833988189697,1.269270658493042
cifar10_00004_frog,27,29,0,321,1.820185899734497,1.394063949584961
cifar10_00004_frog,21,10,0,321,0.8912001252174377,1.4295809268951416
cifar10_00004_frog,15,27,0,321,0.9534770250320435,1.450826644897461
cifar10_00004_frog,12,1,0,321,0.8554050922393799,1.582776427268982
cifar10_00004_frog,23,6,0,321,0.8722429275512695,1.4469425678253174
cifar10_00004_frog,4,13,0,321,0.8229389786720276,1.3406126499176025
cifar10_00004_frog,14,14,0,321,1.003780484199524,1.5611727237701416
cifar10_00004_frog,13,23,0,321,0.9088943600654602,1.5236053466796875
cifar10_00004_frog,2,1,0,321,0.8850648403167725,1.4172217845916748
cifar10_00004_frog,19,12,0,321,0.9213865399360657,1.8480488061904907
cifar10_00004_frog,4,19,0,321,0.8825390338897705,1.367888331413269
cifar10_00004_frog,28,18,0,321,0.9934749603271484,1.4397060871124268
cifar10_00004_frog,2,19,0,321,0.8496103882789612,1.3476942777633667
cifar10_00004_frog,14,27,0,321,0.9582523107528687,1.4538642168045044
cifar10_00004_frog,13,2,0,321,0.8312605619430542,1.3524560928344727
cifar10_00004_frog,2,25,0,321,0.8863085508346558,1.3791229724884033
cifar10_00004_frog,31,14,0,321,1.0306801795959473,1.65240478515625
cifar10_00004_frog,30,8,0,321,0.9178469181060791,1.407010555267334
cifar10_00004_frog,13,9,0,321,0.9540970325469971,1.4603331089019775
cifar10_00004_frog,5,22,0,321,0.8727347254753113,1.3281757831573486
cifar10_00004_frog,27,1,0,321,0.8987963795661926,1.310910940170288
cifar10_00004_frog,3,2,0,321,0.977118730545044,1.4180641174316406
cifar10_00004_frog,29,11,0,321,0.9171228408813477,1.418865442276001
cifar10_00004_frog,27,12,0,321,0.8624212741851807,1.2967216968536377
cifar10_00004_frog,4,21,0,321,0.9936387538909912,1.2599005699157715
cifar10_00004_frog,29,31,0,321,0.9261963367462158,1.413456916809082
cifar10_00004_frog,7,6,0,321,0.9343416094779968,1.4734952449798584
cifar10_00004_frog,4,11,0,321,0.8623351454734802,0.7687807083129883
cifar10_00004_frog,4,10,0,321,0.7368608713150024,0.4166542887687683
cifar10_00004_frog,12,16,0,321,1.0038071870803833,1.6019501686096191
cifar10_00004_frog,31,6,0,321,0.8811269402503967,1.3229008913040161
cifar10_00004_frog,28,27,0,321,0.9738628268241882,1.2897099256515503
cifar10_00004_frog,5,19,0,321,0.9207851886749268,1.4250092506408691
cifar10_00004_frog,10,6,0,321,0.9202582240104675,1.4620407819747925
cifar10_00004_frog,23,11,0,321,0.8809916973114014,1.5260493755340576
cifar10_00004_frog,13,18,0,321,0.938068151473999,1.5382912158966064
cifar10_00004_frog,10,18,0,321,0.7343997955322266,1.3029696941375732
cifar10_00004_frog,19,27,0,321,0.9705655574798584,1.3521177768707275
cifar10_00004_frog,26,2,0,321,0.8109591007232666,1.5431175231933594
cifar10_00004_frog,10,3,0,321,0.7780150175094604,1.3995449542999268
cifar10_00004_frog,21,11,0,321,0.958199679851532,1.5329139232635498
cifar10_00004_frog,4,22,0,321,0.8607372045516968,1.4579352140426636
cifar10_00004_frog,2,31,0,321,0.8587680459022522,1.4758015871047974
cifar10_00004_frog,31,13,0,321,1.0014169216156006,1.5855305194854736
cifar10_00004_frog,5,17,0,321,0.9789049029350281,1.2607425451278687
cifar10_00004_frog,21,12,0,321,1.906416893005371,1.5954482555389404
cifar10_00004_frog,3,31,0,321,0.9474278688430786,1.347279667854309
cifar10_00004_frog,22,28,0,321,0.9848570823669434,1.6065638065338135
cifar10_00004_frog,20,6,0,321,0.7639688849449158,1.3772268295288086
cifar10_00004_frog,9,3,0,321,0.8431977033615112,1.508246660232544
cifar10_00004_frog,29,26,0,321,0.963776707649231,1.2330549955368042
cifar10_00004_frog,5,20,0,321,1.5104280710220337,1.374732494354248
cifar10_00004_frog,11,26,0,321,0.8735650181770325,1.5645129680633545
cifar10_00004_frog,14,5,0,321,0.9343404769897461,1.5834180116653442
cifar10_00004_frog,0,31,0,321,0.9065529108047485,1.6562752723693848
cifar10_00004_frog,24,27,0,321,0.943222165107727,1.2943943738937378
cifar10_00004_frog,28,28,0,321,1.963242530822754,1.4225833415985107
cifar10_00004_frog,18,0,0,321,0.930582582950592,1.4908509254455566
cifar10_00004_frog,21,18,0,321,0.8848413228988647,1.799208164215088
cifar10_00004_frog,6,15,0,321,0.9932966232299805,1.2282607555389404
cifar10_00004_frog,20,3,0,321,1.0444281101226807,1.3187577724456787
cifar10_00004_frog,26,12,0,321,0.8664627075195312,1.5513834953308105
cifar10_00004_frog,25,29,0,321,0.8996893167495728,1.2352731227874756
cifar10_00004_frog,6,9,0,321,1.5247039794921875,1.1862386465072632
cifar10_00004_frog,1,31,0,321,0.938367486000061,1.394431471824646
cifar10_00004_frog,14,19,0,321,0.918954610824585,1.5706281661987305
cifar10_00004_frog,27,15,0,321,0.9262747168540955,1.3312509059906006
cifar10_00004_frog,22,11,0,321,0.9410994052886963,1.4900025129318237
cifar10_00004_frog,16,27,0,321,0.8304943442344666,1.4280567169189453
cifar10_00004_frog,29,15,0,321,0.9495565891265869,1.3840242624282837
cifar10_00004_frog,27,27,0,321,0.9834929704666138,1.310376524925232
cifar10_00004_frog,23,29,0,321,0.8875216245651245,1.4859375953674316
cifar10_00004_frog,16,7,0,321,0.9814493656158447,1.5493297576904297
cifar10_00004_frog,11,23,0,321,0.8013006448745728,1.3377742767333984
cifar10_00004_frog,30,14,0,321,0.9030001759529114,1.4613842964172363
cifar10_00004_frog,0,18,0,321,0.884371280670166,1.4690122604370117
cifar10_00004_frog,27,2,0,321,0.8933847546577454,1.490123987197876
cifar10_00004_frog,28,16,0,321,1.0817886590957642,1.4202821254730225
cifar10_00004_frog,15,12,0,321,0.9290716052055359,1.484559416770935
cifar10_00004_frog,30,6,0,321,0.9490305781364441,0.9887692332267761
cifar10_00004_frog,23,17,0,321,0.9582411050796509,1.8045934438705444
cifar10_00004_frog,3,29,0,321,0.9154236316680908,1.429542064666748
cifar10_00004_frog,24,9,0,321,0.8466439247131348,1.581072211265564
cifar10_00004_frog,12,20,0,321,0.9873574376106262,1.5534443855285645
cifar10_00004_frog,3,22,0,321,0.8562334179878235,1.356459617614746
cifar10_00004_frog,14,21,0,321,0.9730908274650574,1.6192495822906494
cifar10_00004_frog,28,13,0,321,0.8522003889083862,1.1772284507751465
cifar10_00004_frog,10,25,0,321,0.9191280007362366,1.516068696975708
cifar10_00004_frog,3,9,0,321,0.9126269221305847,0.9816206693649292
cifar10_00004_frog,12,5,0,321,0.981975793838501,1.6015894412994385
cifar10_00004_frog,1,26,0,321,0.7485687732696533,1.2998204231262207
cifar10_00004_frog,31,17,0,321,0.9724259376525879,1.5209741592407227
cifar10_00004_frog,12,22,0,321,0.9128590822219849,1.4194839000701904
cifar10_00004_frog,20,12,0,321,0.969739556312561,1.676365852355957
cifar10_00004_frog,3,0,0,321,0.9320628046989441,1.466646432876587
cifar10_00004_frog,5,27,0,321,0.9181709289550781,1.346663475036621
cifar10_00004_frog,14,11,1,322,0.8583929538726807,1.067095160484314
cifar10_00004_frog,29,10,1,322,0.5010626316070557,1.2748219966888428
cifar10_00004_frog,18,29,1,322,0.9748353958129883,0.917320191860199
cifar10_00004_frog,13,6,1,322,0.2479979395866394,1.1237196922302246
cifar10_00004_frog,4,2,1,322,0.7774358987808228,1.0673043727874756
cifar10_00004_frog,21,15,1,322,0.8663860559463501,1.2496325969696045
cifar10_00004_frog,8,16,1,322,2.8179550170898438,0.8848989009857178
cifar10_00004_frog,27,0,1,322,0.7589000463485718,1.4646656513214111
cifar10_00004_frog,18,14,1,322,0.7202461957931519,1.5081214904785156
cifar10_00004_frog,15,4,1,322,0.8268133401870728,1.2804594039916992
cifar10_00004_frog,3,30,1,322,0.8763515949249268,1.101862907409668
cifar10_00004_frog,21,28,1,322,0.6896394491195679,1.2467994689941406
cifar10_00004_frog,0,12,1,322,0.6969807744026184,0.9576402306556702
cifar10_00004_frog,24,0,1,322,0.7964011430740356,1.3536109924316406
cifar10_00004_frog,30,11,1,322,0.3154493272304535,1.1973927021026611
cifar10_00004_frog,7,22,1,322,0.8152536153793335,0.9495726823806763
cifar10_00004_frog,11,7,1,322,0.7392585277557373,1.057887315750122
cifar10_00004_frog,8,17,1,322,0.5709187984466553,1.2286185026168823
cifar10_00004_frog,28,4,1,322,0.663140594959259,0.7108093500137329
cifar10_00004_frog,0,4,1,322,0.7761961221694946,0.9674252271652222
cifar10_00004_frog,17,9,1,322,0.5894103050231934,1.5837631225585938
cifar10_00004_frog,1,24,1,322,0.5048747658729553,0.9613453149795532
cifar10_00004_frog,24,23,1,322,0.6611295342445374,1.3213443756103516
cifar10_00004_frog,30,23,1,322,0.5771459937095642,1.5406079292297363
cifar10_00004_frog,24,10,1,322,0.6432242393493652,1.3462601900100708
cifar10_00004_frog,0,10,1,322,0.7844910621643066,0.9380197525024414
cifar10_00004_frog,27,20,1,322,0.521814227104187,1.3581833839416504
cifar10_00004_frog,21,16,1,322,0.5331174731254578,1.3999499082565308
cifar10_00004_frog,8,5,1,322,0.9113980531692505,1.3249804973602295
cifar10_00004_frog,17,31,1,322,0.7248656749725342,1.1657798290252686
cifar10_00004_frog,16,15,1,322,0.8318101167678833,1.4792917966842651
cifar10_00004_frog,5,14,1,322,0.8378185033798218,1.205548882484436
cifar10_00004_frog,27,29,1,322,0.7514173984527588,1.1322622299194336
cifar10_00004_frog,21,10,1,322,0.8446773290634155,1.2118961811065674
cifar10_00004_frog,15,27,1,322,0.5028532147407532,1.47059965133667
cifar10_00004_frog,12,1,1,322,0.8688894510269165,0.9178299307823181
cifar10_00004_frog,23,6,1,322,0.7816332578659058,0.6581631302833557
cifar10_00004_frog,4,13,1,322,0.9450544118881226,0.9418469667434692
cifar10_00004_frog,14,14,1,322,0.805601954460144,1.0691910982131958
cifar10_00004_frog,13,23,1,322,0.7713264226913452,1.2447444200515747
cifar10_00004_frog,2,1,1,322,1.0106642246246338,1.1786887645721436
cifar10_00004_frog,19,12,1,322,0.7215204238891602,1.1120872497558594
cifar10_00004_frog,4,19,1,322,0.8717595338821411,0.8769545555114746
cifar10_00004_frog,28,18,1,322,0.6123829483985901,1.392456293106079
cifar10_00004_frog,2,19,1,322,0.7465769052505493,1.1387684345245361
cifar10_00004_frog,14,27,1,322,0.7528673410415649,1.3434091806411743
cifar10_00004_frog,13,2,1,322,0.6577215194702148,0.9564862251281738
cifar10_00004_frog,2,25,1,322,0.7500817775726318,0.7677165865898132
cifar10_00004_frog,31,14,1,322,0.8764379024505615,1.3042937517166138
cifar10_00004_frog,30,8,1,322,0.7142447233200073,0.9479448795318604
cifar10_00004_frog,13,9,1,322,0.2819068431854248,0.9344018697738647
cifar10_00004_frog,5,22,1,322,0.7261436581611633,1.2279490232467651
cifar10_00004_frog,27,1,1,322,0.8221162557601929,1.098712682723999
cifar10_00004_frog,3,2,1,322,0.8587713837623596,1.133459448814392
cifar10_00004_frog,29,11,1,322,0.7329995632171631,1.5087103843688965
cifar10_00004_frog,27,12,1,322,0.7389281988143921,0.8505321741104126
cifar10_00004_frog,4,21,1,322,0.8419600129127502,0.7827170491218567
cifar10_00004_frog,29,31,1,322,0.9767614603042603,1.1096655130386353
cifar10_00004_frog,7,6,1,322,0.7521963119506836,0.9705896377563477
cifar10_00004_frog,4,11,1,322,0.849808931350708,0.8605700135231018
cifar10_00004_frog,4,10,1,322,0.8245711326599121,0.5209524631500244
cifar10_00004_frog,12,16,1,322,0.8288700580596924,1.3411859273910522
cifar10_00004_frog,31,6,1,322,1.0318726301193237,0.9579125642776489
cifar10_00004_frog,28,27,1,322,0.7045808434486389,0.9505763649940491
cifar10_00004_frog,5,19,1,322,0.8030243515968323,1.020977258682251
cifar10_00004_frog,10,6,1,322,0.6052460670471191,1.2763108015060425
cifar10_00004_frog,23,11,1,322,0.7361094355583191,1.3310880661010742
cifar10_00004_frog,13,18,1,322,0.40866193175315857,1.2626771926879883
cifar10_00004_frog,10,18,1,322,0.6113492250442505,1.0602437257766724
cifar10_00004_frog,19,27,1,322,0.7260604500770569,1.4025198221206665
cifar10_00004_frog,26,2,1,322,0.8670194149017334,0.5745577812194824
cifar10_00004_frog,10,3,1,322,0.7423136234283447,1.307408332824707
cifar10_00004_frog,21,11,1,322,0.8993363380432129,1.491265892982483
cifar10_00004_frog,4,22,1,322,0.7928239107131958,0.9811842441558838
cifar10_00004_frog,2,31,1,322,0.8932883739471436,1.0770859718322754
cifar10_00004_frog,31,13,1,322,0.6067839860916138,1.4100840091705322
cifar10_00004_frog,5,17,1,322,0.7633683681488037,1.2910211086273193
cifar10_00004_frog,21,12,1,322,0.7051500082015991,1.3760735988616943
cifar10_00004_frog,3,31,1,322,0.9286479949951172,1.0098881721496582
cifar10_00004_frog,22,28,1,322,0.7053250074386597,1.4511775970458984
cifar10_00004_frog,20,6,1,322,0.7489778995513916,1.1494486331939697
cifar10_00004_frog,9,3,1,322,0.689016580581665,1.5198637247085571
cifar10_00004_frog,29,26,1,322,0.7969141006469727,0.921082615852356
cifar10_00004_frog,5,20,1,322,0.46319958567619324,1.1794772148132324
cifar10_00004_frog,11,26,1,322,0.5637588500976562,1.4327409267425537
cifar10_00004_frog,14,5,1,322,0.3636547327041626,1.2458381652832031
cifar10_00004_frog,0,31,1,322,0.8833829164505005,1.5127990245819092
cifar10_00004_frog,24,27,1,322,0.4794798493385315,0.8257471323013306
cifar10_00004_frog,28,28,1,322,0.446300745010376,0.973845362663269
cifar10_00004_frog,18,0,1,322,0.8214153051376343,1.3387205600738525
cifar10_00004_frog,21,18,1,322,0.6826522350311279,1.4644478559494019
cifar10_00004_frog,6,15,1,322,0.7015365362167358,0.6805014610290527
cifar10_00004_frog,20,3,1,322,0.890332818031311,1.1886928081512451
cifar10_00004_frog,26,12,1,322,0.952037513256073,1.4855409860610962
cifar10_00004_frog,25,29,1,322,0.8780245780944824,1.34769868850708
cifar10_00004_frog,6,9,1,322,0.8538216352462769,0.7185559868812561
cifar10_00004_frog,1,31,1,322,0.8676292896270752,1.2805321216583252
cifar10_00004_frog,14,19,1,322,0.6624835729598999,1.2876262664794922
cifar10_00004_frog,27,15,1,322,0.8164597749710083,1.8013545274734497
cifar10_00004_frog,22,11,1,322,0.8655868768692017,1.2602968215942383
cifar10_00004_frog,16,27,1,322,0.789858341217041,1.336197853088379
cifar10_00004_frog,29,15,1,322,0.5959275364875793,0.9325369596481323
cifar10_00004_frog,27,27,1,322,0.9437038898468018,1.3095533847808838
cifar10_00004_frog,23,29,1,322,0.6553013920783997,1.1678191423416138
cifar10_00004_frog,16,7,1,322,0.8451809883117676,1.437286138534546
cifar10_00004_frog,11,23,1,322,0.8244041204452515,1.0471796989440918
cifar10_00004_frog,30,14,1,322,0.6203632354736328,1.2891108989715576
cifar10_00004_frog,0,18,1,322,0.8777035474777222,1.1171841621398926
cifar10_00004_frog,27,2,1,322,0.8572046160697937,0.5514646768569946
cifar10_00004_frog,28,16,1,322,0.8317430019378662,1.3633228540420532
cifar10_00004_frog,15,12,1,322,0.7301141619682312,1.3838480710983276
cifar10_00004_frog,30,6,1,322,0.8917378187179565,0.7330644130706787
cifar10_00004_frog,23,17,1,322,0.6786919832229614,1.2148828506469727
cifar10_00004_frog,3,29,1,322,0.7624090909957886,1.4008872509002686
cifar10_00004_frog,24,9,1,322,0.981453537940979,1.2598838806152344
cifar10_00004_frog,12,20,1,322,0.5148524045944214,1.2387064695358276
cifar10_00004_frog,3,22,1,322,0.8158620595932007,0.7896363735198975
cifar10_00004_frog,14,21,1,322,0.7879335880279541,1.2860593795776367
cifar10_00004_frog,28,13,1,322,0.6249085664749146,1.0166791677474976
cifar10_00004_frog,10,25,1,322,0.41510772705078125,1.092353343963623
cifar10_00004_frog,3,9,1,322,0.8423722386360168,0.7844347953796387
cifar10_00004_frog,12,5,1,322,0.7645596265792847,1.2430025339126587
cifar10_00004_frog,1,26,1,322,0.7747020721435547,0.8497880101203918
cifar10_00004_frog,31,17,1,322,0.8256696462631226,1.1371595859527588
cifar10_00004_frog,12,22,1,322,0.5511177778244019,1.1833775043487549
cifar10_00004_frog,20,12,1,322,0.5497679114341736,1.3770806789398193
cifar10_00004_frog,3,0,1,322,0.9148178100585938,1.4164307117462158
cifar10_00004_frog,5,27,1,322,0.8002791404724121,1.0478386878967285
cifar10_00005_frog,29,28,0,321,0.9217644929885864,1.3015724420547485
cifar10_00005_frog,14,5,0,321,0.9323252439498901,1.698580026626587
cifar10_00005_frog,9,10,0,321,0.8211359977722168,1.4804761409759521
cifar10_00005_frog,24,24,0,321,1.758579134941101,0.7323509454727173
cifar10_00005_frog,4,15,0,321,0.8903681039810181,1.1457617282867432
cifar10_00005_frog,27,25,0,321,0.9956294298171997,1.2850031852722168
cifar10_00005_frog,17,25,0,321,1.4266512393951416,1.164816975593567
cifar10_00005_frog,15,13,0,321,0.9207673668861389,1.6534990072250366
cifar10_00005_frog,14,22,0,321,1.0040782690048218,1.4051337242126465
cifar10_00005_frog,29,25,0,321,0.7733947038650513,1.474074125289917
cifar10_00005_frog,16,28,0,321,0.9349557757377625,1.632822871208191
cifar10_00005_frog,9,14,0,321,1.2005784511566162,1.4343209266662598
cifar10_00005_frog,7,24,0,321,0.9264621734619141,1.0779471397399902
cifar10_00005_frog,26,26,0,321,0.8961219787597656,1.3465855121612549
cifar10_00005_frog,6,14,0,321,1.0018799304962158,1.2581288814544678
cifar10_00005_frog,9,19,0,321,0.9127659797668457,1.403534173965454
cifar10_00005_frog,13,7,0,321,0.9000900983810425,1.7520251274108887
cifar10_00005_frog,31,13,0,321,0.9178682565689087,1.5881882905960083
cifar10_00005_frog,3,8,0,321,0.9231079816818237,1.4159146547317505
cifar10_00005_frog,24,27,0,321,0.910091757774353,1.3856637477874756
cifar10_00005_frog,14,0,0,321,0.8954081535339355,1.6875433921813965
cifar10_00005_frog,4,4,0,321,0.9827142357826233,1.332068681716919
cifar10_00005_frog,28,17,0,321,0.9540997743606567,1.495490312576294
cifar10_00005_frog,2,20,0,321,0.7995585203170776,1.2266123294830322
cifar10_00005_frog,30,8,0,321,0.9497690796852112,1.6059445142745972
cifar10_00005_frog,17,22,0,321,0.8978968262672424,1.4000914096832275
cifar10_00005_frog,14,27,0,321,0.8606288433074951,1.35225510597229
cifar10_00005_frog,1,1,0,321,0.9711891412734985,1.4802874326705933
cifar10_00005_frog,7,15,0,321,0.9341253638267517,1.3317980766296387
cifar10_00005_frog,3,18,0,321,0.9210053086280823,1.3701591491699219
cifar10_00005_frog,15,19,0,321,0.9613324403762817,1.8612353801727295
cifar10_00005_frog,21,11,0,321,0.934665322303772,1.525286316871643
cifar10_00005_frog,30,29,0,321,0.9204468727111816,1.4499170780181885
cifar10_00005_frog,3,7,0,321,0.964403510093689,1.4579102993011475
cifar10_00005_frog,21,10,0,321,0.8789973855018616,1.305350422859192
cifar10_00005_frog,8,20,0,321,0.9129209518432617,1.459283471107483
cifar10_00005_frog,15,16,0,321,0.9790217280387878,1.8489857912063599
cifar10_00005_frog,23,8,0,321,0.9208277463912964,1.363277792930603
cifar10_00005_frog,17,28,0,321,0.9879577159881592,1.6641862392425537
cifar10_00005_frog,30,24,0,321,0.9198119044303894,1.5743534564971924
cifar10_00005_frog,22,8,0,321,2.0176825523376465,1.3524460792541504
cifar10_00005_frog,5,1,0,321,0.9155510663986206,1.4963054656982422
cifar10_00005_frog,21,8,0,321,1.527900218963623,1.1444087028503418
cifar10_00005_frog,4,11,0,321,0.9303691983222961,1.3292386531829834
cifar10_00005_frog,20,15,0,321,0.6369515657424927,1.4485490322113037
cifar10_00005_frog,0,23,0,321,0.9864472150802612,1.523904800415039
cifar10_00005_frog,1,30,0,321,0.9128237962722778,1.2652568817138672
cifar10_00005_frog,3,9,0,321,0.9183118939399719,1.3101718425750732
cifar10_00005_frog,14,11,0,321,0.9486075639724731,1.712847352027893
cifar10_00005_frog,15,25,0,321,0.9146912097930908,1.2357827425003052
cifar10_00005_frog,10,7,0,321,0.9325532913208008,1.472114086151123
cifar10_00005_frog,26,5,0,321,0.909504771232605,1.7720935344696045
cifar10_00005_frog,25,2,0,321,0.9169299602508545,1.5292670726776123
cifar10_00005_frog,28,28,0,321,0.8781826496124268,1.379253625869751
cifar10_00005_frog,24,2,0,321,0.8427565693855286,1.6475905179977417
cifar10_00005_frog,9,15,0,321,0.8722896575927734,1.5838549137115479
cifar10_00005_frog,11,11,0,321,1.699864387512207,1.537795066833496
cifar10_00005_frog,4,22,0,321,0.9550226926803589,1.4247822761535645
cifar10_00005_frog,12,17,0,321,1.0843324661254883,1.5936683416366577
cifar10_00005_frog,22,16,0,321,0.9808400273323059,1.3644236326217651
cifar10_00005_frog,26,29,0,321,0.9047418832778931,1.5906085968017578
cifar10_00005_frog,5,19,0,321,0.898998498916626,1.339178442955017
cifar10_00005_frog,0,5,0,321,0.9482687711715698,1.5258488655090332
cifar10_00005_frog,6,13,0,321,0.9812300205230713,1.3859398365020752
cifar10_00005_frog,5,28,0,321,0.9828930497169495,1.4211691617965698
cifar10_00005_frog,19,3,0,321,1.577699065208435,1.6142396926879883
cifar10_00005_frog,29,8,0,321,0.9350191354751587,1.5862466096878052
cifar10_00005_frog,19,29,0,321,0.9286614060401917,1.5364892482757568
cifar10_00005_frog,31,8,0,321,0.9625855684280396,1.6601859331130981
cifar10_00005_frog,31,19,0,321,1.0038632154464722,1.6280089616775513
cifar10_00005_frog,21,2,0,321,0.8561798334121704,1.6315031051635742
cifar10_00005_frog,6,31,0,321,0.9346448183059692,1.6086039543151855
cifar10_00005_frog,29,23,0,321,0.8542652130126953,1.4286893606185913
cifar10_00005_frog,12,22,0,321,0.9518287181854248,1.3115612268447876
cifar10_00005_frog,27,5,0,321,0.9597642421722412,1.630213975906372
cifar10_00005_frog,14,26,0,321,0.941928505897522,1.2102274894714355
cifar10_00005_frog,20,20,0,321,0.8194302320480347,1.340090274810791
cifar10_00005_frog,28,27,0,321,0.8863844275474548,1.420562505722046
cifar10_00005_frog,12,28,0,321,0.9467765688896179,1.1476235389709473
cifar10_00005_frog,29,31,0,321,0.9459635019302368,1.7691829204559326
cifar10_00005_frog,23,12,0,321,1.0086153745651245,1.3959648609161377
cifar10_00005_frog,25,29,0,321,0.969818651676178,1.5518683195114136
cifar10_00005_frog,4,24,0,321,0.8526083827018738,1.3242857456207275
cifar10_00005_frog,17,29,0,321,0.9050179123878479,1.572898030281067
cifar10_00005_frog,27,28,0,321,0.9153286218643188,1.4397345781326294
cifar10_00005_frog,15,20,0,321,0.885147750377655,1.8044066429138184
cifar10_00005_frog,19,11,0,321,1.4974274635314941,1.6087549924850464
cifar10_00005_frog,19,5,0,321,0.9834269285202026,1.8351829051971436
cifar10_00005_frog,6,11,0,321,0.8603150844573975,1.3963801860809326
cifar10_00005_frog,17,21,0,321,0.9406152367591858,1.4726855754852295
cifar10_00005_frog,6,9,0,321,0.7765842080116272,1.4216042757034302
cifar10_00005_frog,29,22,0,321,0.9561432600021362,1.4222315549850464
cifar10_00005_frog,20,10,0,321,0.9535942077636719,1.500312089920044
cifar10_00005_frog,12,0,0,321,1.775145411491394,1.0340884923934937
cifar10_00005_frog,18,12,0,321,0.9399691224098206,1.7321394681930542
cifar10_00005_frog,24,31,0,321,0.9492759108543396,1.6747461557388306
cifar10_00005_frog,25,28,0,321,1.621188998222351,1.3528928756713867
cifar10_00005_frog,20,12,0,321,0.9401407241821289,1.6511623859405518
cifar10_00005_frog,4,0,0,321,0.8832941055297852,1.745682954788208
cifar10_00005_frog,23,28,0,321,0.9297866821289062,1.539858102798462
cifar10_00005_frog,8,5,0,321,0.9321558475494385,1.4550100564956665
cifar10_00005_frog,19,14,0,321,1.2867193222045898,1.6468911170959473
cifar10_00005_frog,14,17,0,321,1.0141868591308594,1.8133964538574219
cifar10_00005_frog,6,27,0,321,0.9425539970397949,1.2129631042480469
cifar10_00005_frog,25,20,0,321,0.9249728322029114,0.7987475395202637
cifar10_00005_frog,27,19,0,321,0.9781556129455566,1.3550708293914795
cifar10_00005_frog,7,10,0,321,0.9549911618232727,1.3705453872680664
cifar10_00005_frog,5,6,0,321,0.9129258394241333,1.295868158340454
cifar10_00005_frog,14,21,0,321,0.8050349950790405,1.5891034603118896
cifar10_00005_frog,25,15,0,321,0.9431955218315125,1.4530155658721924
cifar10_00005_frog,28,21,0,321,0.9437968730926514,1.3444048166275024
cifar10_00005_frog,2,2,0,321,0.9372109174728394,1.521944522857666
cifar10_00005_frog,18,14,0,321,0.8491659164428711,1.5360103845596313
cifar10_00005_frog,17,11,0,321,1.689644455909729,1.6563642024993896
cifar10_00005_frog,17,2,0,321,0.8516101837158203,1.6592576503753662
cifar10_00005_frog,0,12,0,321,0.9540389776229858,1.4668724536895752
cifar10_00005_frog,10,6,0,321,0.9515044689178467,1.444305658340454
cifar10_00005_frog,10,5,0,321,0.9489778280258179,1.5072851181030273
cifar10_00005_frog,6,22,0,321,0.9833301305770874,1.2735635042190552
cifar10_00005_frog,17,4,0,321,0.8892319202423096,1.734956979751587
cifar10_00005_frog,29,3,0,321,0.9298709630966187,1.4912495613098145
cifar10_00005_frog,7,17,0,321,0.9429482817649841,1.4891387224197388
cifar10_00005_frog,7,28,0,321,0.9025353193283081,1.4229416847229004
cifar10_00005_frog,18,28,0,321,0.9769394397735596,1.6463115215301514
cifar10_00005_frog,13,14,0,321,0.9037860035896301,1.5762624740600586
cifar10_00005_frog,29,2,0,321,1.4458343982696533,1.6292543411254883
cifar10_00005_frog,19,25,0,321,0.9011557102203369,1.259021520614624
cifar10_00005_frog,24,7,0,321,1.0146300792694092,1.8138611316680908
cifar10_00005_frog,29,28,1,322,0.7632708549499512,0.7798495292663574
cifar10_00005_frog,14,5,1,322,0.9525012969970703,1.392927646636963
cifar10_00005_frog,9,10,1,322,0.32079216837882996,0.8962442874908447
cifar10_00005_frog,24,24,1,322,0.42142391204833984,0.06796526908874512
cifar10_00005_frog,4,15,1,322,0.45328041911125183,0.5285223722457886
cifar10_00005_frog,27,25,1,322,0.7886816263198853,0.5523450374603271
cifar10_00005_frog,17,25,1,322,0.47822344303131104,0.25379514694213867
cifar10_00005_frog,15,13,1,322,0.5419776439666748,0.8631536960601807
cifar10_00005_frog,14,22,1,322,0.8586120009422302,1.1962645053863525
cifar10_00005_frog,29,25,1,322,0.8297117948532104,1.016449213027954
cifar10_00005_frog,16,28,1,322,0.451668918132782,0.8458588123321533
cifar10_00005_frog,9,14,1,322,0.5990769267082214,1.154004693031311
cifar10_00005_frog,7,24,1,322,0.7799018025398254,0.6826326847076416
cifar10_00005_frog,26,26,1,322,0.7885990738868713,0.8367574214935303
cifar10_00005_frog,6,14,1,322,0.832579493522644,0.8738036155700684
cifar10_00005_frog,9,19,1,322,0.6964855194091797,0.84416663646698
cifar10_00005_frog,13,7,1,322,0.8644965887069702,1.085880994796753
cifar10_00005_frog,31,13,1,322,0.8432995080947876,1.2184635400772095
cifar10_00005_frog,3,8,1,322,0.877000093460083,0.8466999530792236
cifar10_00005_frog,24,27,1,322,0.769770622253418,0.3591299057006836
cifar10_00005_frog,14,0,1,322,2.4980201721191406,0.8042027354240417
cifar10_00005_frog,4,4,1,322,0.5488666296005249,0.9524693489074707
cifar10_00005_frog,28,17,1,322,0.6341342926025391,1.1971535682678223
cifar10_00005_frog,2,20,1,322,0.5044311881065369,0.6757045388221741
cifar10_00005_frog,30,8,1,322,0.5342257022857666,0.9158389568328857
cifar10_00005_frog,17,22,1,322,0.8519500494003296,0.6452134847640991
cifar10_00005_frog,14,27,1,322,0.6993713974952698,0.5900478363037109
cifar10_00005_frog,1,1,1,322,0.6207848191261292,1.0045127868652344
cifar10_00005_frog,7,15,1,322,0.6382308602333069,0.7048630714416504
cifar10_00005_frog,3,18,1,322,0.8680082559585571,0.6369837522506714
cifar10_00005_frog,15,19,1,322,0.8247075080871582,1.1342620849609375
cifar10_00005_frog,21,11,1,322,0.9665322303771973,0.622279942035675
cifar10_00005_frog,30,29,1,322,0.898865818977356,0.9788655042648315
cifar10_00005_frog,3,7,1,322,0.9132975339889526,0.7962172031402588
cifar10_00005_frog,21,10,1,322,0.6477941274642944,0.913835883140564
cifar10_00005_frog,8,20,1,322,0.46228277683258057,0.8772735595703125
cifar10_00005_frog,15,16,1,322,0.835548996925354,1.376905083656311
cifar10_00005_frog,23,8,1,322,0.3860275149345398,0.9244632720947266
cifar10_00005_frog,17,28,1,322,0.7065776586532593,1.0995091199874878
cifar10_00005_frog,30,24,1,322,0.4904060661792755,0.9979109764099121
cifar10_00005_frog,22,8,1,322,0.7737771272659302,1.0529576539993286
cifar10_00005_frog,5,1,1,322,0.8907408714294434,1.2688639163970947
cifar10_00005_frog,21,8,1,322,0.6784569025039673,0.4323774576187134
cifar10_00005_frog,4,11,1,322,0.7457730770111084,0.7756891250610352
cifar10_00005_frog,20,15,1,322,-0.16199499368667603,0.9312406778335571
cifar10_00005_frog,0,23,1,322,0.906601071357727,0.9684081077575684
cifar10_00005_frog,1,30,1,322,0.7731441259384155,0.7724980115890503
cifar10_00005_frog,3,9,1,322,0.5946460962295532,0.7939319610595703
cifar10_00005_frog,14,11,1,322,0.8855107426643372,1.2057664394378662
cifar10_00005_frog,15,25,1,322,0.7648090124130249,0.4603017568588257
cifar10_00005_frog,10,7,1,322,0.6584831476211548,0.9398196935653687
cifar10_00005_frog,26,5,1,322,0.8175950050354004,1.0110654830932617
cifar10_00005_frog,25,2,1,322,0.5583705902099609,0.9832373857498169
cifar10_00005_frog,28,28,1,322,0.867951512336731,0.7389614582061768
cifar10_00005_frog,24,2,1,322,0.4733055830001831,1.1554385423660278
cifar10_00005_frog,9,15,1,322,0.6821441650390625,1.0170948505401611
cifar10_00005_frog,11,11,1,322,0.3772381544113159,1.02909517288208
cifar10_00005_frog,4,22,1,322,0.6939805150032043,0.9234389066696167
cifar10_00005_frog,12,17,1,322,0.5683102607727051,1.1707359552383423
cifar10_00005_frog,22,16,1,322,0.7549694180488586,0.44057369232177734
cifar10_00005_frog,26,29,1,322,0.5149444341659546,1.1067044734954834
cifar10_00005_frog,5,19,1,322,0.8731537461280823,0.8417729139328003
cifar10_00005_frog,0,5,1,322,0.8111540079116821,0.8919401168823242
cifar10_00005_frog,6,13,1,322,0.7189439535140991,0.8870997428894043
cifar10_00005_frog,5,28,1,322,0.5066814422607422,1.0371860265731812
cifar10_00005_frog,19,3,1,322,3.69783616065979,1.1945159435272217
cifar10_00005_frog,29,8,1,322,0.48075228929519653,1.0457782745361328
cifar10_00005_frog,19,29,1,322,0.5926626920700073,1.137628436088562
cifar10_00005_frog,31,8,1,322,0.8401774168014526,1.2336353063583374
cifar10_00005_frog,31,19,1,322,0.9430156350135803,1.0328313112258911
cifar10_00005_frog,21,2,1,322,0.7583780884742737,0.8333876132965088
cifar10_00005_frog,6,31,1,322,0.5663353204727173,0.9694912433624268
cifar10_00005_frog,29,23,1,322,0.4416310787200928,0.945819616317749
cifar10_00005_frog,12,22,1,322,0.8005316853523254,1.0663659572601318
cifar10_00005_frog,27,5,1,322,0.7635337710380554,1.0301381349563599
cifar10_00005_frog,14,26,1,322,0.7617250680923462,0.7936304807662964
cifar10_00005_frog,20,20,1,322,0.6543207764625549,0.9068416953086853
cifar10_00005_frog,28,27,1,322,0.6068817377090454,0.8067299127578735
cifar10_00005_frog,12,28,1,322,0.6257408857345581,0.821188747882843
cifar10_00005_frog,29,31,1,322,0.7675033807754517,0.8693592548370361
cifar10_00005_frog,23,12,1,322,0.7125988006591797,1.049790620803833
cifar10_00005_frog,25,29,1,322,0.5761768817901611,1.0441703796386719
cifar10_00005_frog,4,24,1,322,0.5486529469490051,0.9474955797195435
cifar10_00005_frog,17,29,1,322,0.7235336303710938,1.1199746131896973
cifar10_00005_frog,27,28,1,322,0.5413568019866943,0.9110751152038574
cifar10_00005_frog,15,20,1,322,0.9414609670639038,1.3169264793395996
cifar10_00005_frog,19,11,1,322,0.7139551043510437,1.2018253803253174
cifar10_00005_frog,19,5,1,322,0.8422003984451294,1.2550334930419922
cifar10_00005_frog,6,11,1,322,0.947196900844574,0.7681751251220703
cifar10_00005_frog,17,21,1,322,0.7126103639602661,1.1450395584106445
cifar10_00005_frog,6,9,1,322,0.8137041926383972,1.0039664506912231
cifar10_00005_frog,29,22,1,322,0.7878990173339844,0.8471553325653076
cifar10_00005_frog,20,10,1,322,0.6131017208099365,1.1782405376434326
cifar10_00005_frog,12,0,1,322,0.5600924491882324,0.5791964530944824
cifar10_00005_frog,18,12,1,322,0.09688493609428406,1.136035680770874
cifar10_00005_frog,24,31,1,322,0.8351401090621948,1.1941883563995361
cifar10_00005_frog,25,28,1,322,0.4623714089393616,0.8357255458831787
cifar10_00005_frog,20,12,1,322,0.7529962062835693,0.6957903504371643
cifar10_00005_frog,4,0,1,322,0.8703970909118652,1.0966284275054932
cifar10_00005_frog,23,28,1,322,0.4151732325553894,0.9636331796646118
cifar10_00005_frog,8,5,1,322,0.764050304889679,0.8056315183639526
cifar10_00005_frog,19,14,1,322,0.9299817085266113,0.40476560592651367
cifar10_00005_frog,14,17,1,322,0.35716140270233154,0.9713129997253418
cifar10_00005_frog,6,27,1,322,0.8016517162322998,0.7449620962142944
cifar10_00005_frog,25,20,1,322,0.8002151846885681,1.1930464506149292
cifar10_00005_frog,27,19,1,322,0.5658167600631714,1.1355223655700684
cifar10_00005_frog,7,10,1,322,0.6831743717193604,0.7470133304595947
cifar10_00005_frog,5,6,1,322,0.7447896003723145,0.792870044708252
cifar10_00005_frog,14,21,1,322,0.8500934839248657,1.3600623607635498
cifar10_00005_frog,25,15,1,322,0.6932740211486816,0.8903102874755859
cifar10_00005_frog,28,21,1,322,0.6501176357269287,0.8542299270629883
cifar10_00005_frog,2,2,1,322,0.4566839337348938,0.9568032026290894
cifar10_00005_frog,18,14,1,322,1.134616732597351,1.2453293800354004
cifar10_00005_frog,17,11,1,322,2.42454195022583,0.895959734916687
cifar10_00005_frog,17,2,1,322,0.42837706208229065,0.8233954906463623
cifar10_00005_frog,0,12,1,322,0.9118579030036926,0.8769252300262451
cifar10_00005_frog,10,6,1,322,0.7786139249801636,0.7170993089675903
cifar10_00005_frog,10,5,1,322,0.6401877403259277,0.9035681486129761
cifar10_00005_frog,6,22,1,322,0.5285934209823608,0.570136547088623
cifar10_00005_frog,17,4,1,322,0.6170820593833923,1.1619142293930054
cifar10_00005_frog,29,3,1,322,0.5622494220733643,1.1907944679260254
cifar10_00005_frog,7,17,1,322,0.8055319786071777,0.6504030227661133
cifar10_00005_frog,7,28,1,322,0.7105276584625244,0.9426308274269104
cifar10_00005_frog,18,28,1,322,0.8920154571533203,1.0602223873138428
cifar10_00005_frog,13,14,1,322,0.7529223561286926,1.0240001678466797
cifar10_00005_frog,29,2,1,322,0.8002894520759583,0.96098792552948
cifar10_00005_frog,19,25,1,322,0.6702613830566406,0.7058308124542236
cifar10_00005_frog,24,7,1,322,0.3703998327255249,1.2124847173690796
cifar10_00006_automobile,10,19,0,321,0.9733827114105225,2.025862455368042
cifar10_00006_automobile,18,29,0,321,0.8738758563995361,1.7814499139785767
cifar10_00006_automobile,19,18,0,321,0.911807119846344,1.7950565814971924
cifar10_00006_automobile,26,23,0,321,0.5837023258209229,1.16954505443573
cifar10_00006_automobile,7,3,0,321,0.895383358001709,0.42477649450302124
cifar10_00006_automobile,11,13,0,321,0.8797357082366943,1.705034613609314
cifar10_00006_automobile,21,17,0,321,1.0146985054016113,1.9153203964233398
cifar10_00006_automobile,25,18,0,321,0.8190529942512512,1.674973726272583
cifar10_00006_automobile,8,30,0,321,0.8926854133605957,0.2027721107006073
cifar10_00006_automobile,24,12,0,321,0.9064725637435913,1.9950039386749268
cifar10_00006_automobile,15,27,0,321,0.9039505124092102,1.2866979837417603
cifar10_00006_automobile,15,16,0,321,0.7349798083305359,1.4756908416748047
cifar10_00006_automobile,29,26,0,321,0.7722551822662354,-0.06631243228912354
cifar10_00006_automobile,25,21,0,321,0.8449345231056213,1.775291919708252
cifar10_00006_automobile,23,1,0,321,0.9064205884933472,0.7785672545433044
cifar10_00006_automobile,25,14,0,321,0.8879434466362,1.933138132095337
cifar10_00006_automobile,29,31,0,321,0.9466650485992432,1.5501466989517212
cifar10_00006_automobile,29,16,0,321,0.848063588142395,1.1694855690002441
cifar10_00006_automobile,21,20,0,321,0.8357582092285156,1.4937891960144043
cifar10_00006_automobile,15,24,0,321,0.940215528011322,1.6411290168762207
cifar10_00006_automobile,19,17,0,321,0.9125074744224548,1.9197262525558472
cifar10_00006_automobile,14,13,0,321,0.9917516708374023,1.6114197969436646
cifar10_00006_automobile,21,7,0,321,0.9398105144500732,1.6485893726348877
cifar10_00006_automobile,3,13,0,321,0.8576618432998657,0.4090975522994995
cifar10_00006_automobile,15,9,0,321,0.9021962881088257,1.618760108947754
cifar10_00006_automobile,20,3,0,321,1.0717389583587646,1.71351158618927
cifar10_00006_automobile,18,27,0,321,0.9243072271347046,2.1401925086975098
cifar10_00006_automobile,28,19,0,321,0.9254189729690552,1.6408233642578125
cifar10_00006_automobile,17,11,0,321,0.9475975632667542,1.6989696025848389
cifar10_00006_automobile,17,1,0,321,0.9466507434844971,0.4639577269554138
cifar10_00006_automobile,26,7,0,321,0.9430877566337585,1.7462313175201416
cifar10_00006_automobile,23,29,0,321,0.8633437156677246,1.1762316226959229
cifar10_00006_automobile,11,11,0,321,0.9255760908126831,1.4134929180145264
cifar10_00006_automobile,24,2,0,321,0.8731613159179688,1.4053723812103271
cifar10_00006_automobile,10,1,0,321,0.8895416259765625,0.3416763246059418
cifar10_00006_automobile,30,4,0,321,0.9581783413887024,1.4773359298706055
cifar10_00006_automobile,9,7,0,321,0.8973198533058167,0.24538904428482056
cifar10_00006_automobile,25,29,0,321,0.9161365628242493,0.9224060773849487
cifar10_00006_automobile,26,28,0,321,0.5714784860610962,0.7562112808227539
cifar10_00006_automobile,22,23,0,321,0.9369643926620483,1.7359516620635986
cifar10_00006_automobile,6,11,0,321,0.878521203994751,0.2679620087146759
cifar10_00006_automobile,2,28,0,321,0.9392307996749878,0.47251325845718384
cifar10_00006_automobile,0,20,0,321,0.8956784009933472,1.1764168739318848
cifar10_00006_automobile,7,14,0,321,0.9360617399215698,0.8453899621963501
cifar10_00006_automobile,28,31,0,321,0.9268049001693726,1.022294044494629
cifar10_00006_automobile,10,7,0,321,0.940940260887146,0.49175694584846497
cifar10_00006_automobile,12,16,0,321,0.9276334047317505,1.6101994514465332
cifar10_00006_automobile,1,17,0,321,0.8480292558670044,0.6728795766830444
cifar10_00006_automobile,30,24,0,321,0.9660780429840088,0.20281851291656494
cifar10_00006_automobile,7,23,0,321,0.8242049217224121,1.129933476448059
cifar10_00006_automobile,23,14,0,321,0.9762007594108582,1.7793326377868652
cifar10_00006_automobile,26,0,0,321,0.9087185263633728,1.2140592336654663
cifar10_00006_automobile,14,2,0,321,0.9158123731613159,0.4106791615486145
cifar10_00006_automobile,8,31,0,321,0.9150863885879517,0.4943414330482483
cifar10_00006_automobile,5,3,0,321,0.8715476393699646,0.6565749645233154
cifar10_00006_automobile,4,15,0,321,0.8813400864601135,0.2520418167114258
cifar10_00006_automobile,15,1,0,321,0.8896201252937317,0.456522136926651
cifar10_00006_automobile,9,21,0,321,0.8842662572860718,1.6159906387329102
cifar10_00006_automobile,26,21,0,321,0.9759342670440674,1.8175452947616577
cifar10_00006_automobile,10,25,0,321,0.8681766986846924,1.3275246620178223
cifar10_00006_automobile,5,29,0,321,0.9163491725921631,0.7148542404174805
cifar10_00006_automobile,3,11,0,321,0.8531085848808289,0.22099776566028595
cifar10_00006_automobile,15,17,0,321,0.8497489094734192,1.469766616821289
cifar10_00006_automobile,8,9,0,321,0.9012150764465332,0.4131994843482971
cifar10_00006_automobile,12,2,0,321,0.9131022691726685,0.3659396767616272
cifar10_00006_automobile,29,30,0,321,0.9394639134407043,1.3216543197631836
cifar10_00006_automobile,20,18,0,321,0.9956768751144409,1.7252103090286255
cifar10_00006_automobile,29,1,0,321,0.8444709181785583,1.1842966079711914
cifar10_00006_automobile,0,19,0,321,1.0119959115982056,1.333737850189209
cifar10_00006_automobile,7,2,0,321,0.9438266754150391,0.6723326444625854
cifar10_00006_automobile,22,3,0,321,0.8727093935012817,2.0798096656799316
cifar10_00006_automobile,22,1,0,321,0.7721393704414368,0.9062164425849915
cifar10_00006_automobile,8,24,0,321,0.912512481212616,0.7301086187362671
cifar10_00006_automobile,9,12,0,321,0.9853582978248596,1.1544890403747559
cifar10_00006_automobile,11,24,0,321,0.9000428915023804,1.6749935150146484
cifar10_00006_automobile,7,19,0,321,0.7681350708007812,1.09108304977417
cifar10_00006_automobile,30,16,0,321,1.0126278400421143,1.2582850456237793
cifar10_00006_automobile,17,8,0,321,0.9669359922409058,2.034451484680176
cifar10_00006_automobile,30,13,0,321,0.9341337084770203,1.3657249212265015
cifar10_00006_automobile,28,0,0,321,0.7849123477935791,1.3427085876464844
cifar10_00006_automobile,11,9,0,321,0.9411828517913818,0.7837294936180115
cifar10_00006_automobile,31,13,0,321,0.8898740410804749,1.8153332471847534
cifar10_00006_automobile,14,21,0,321,0.9959761500358582,1.9048500061035156
cifar10_00006_automobile,16,13,0,321,0.8901647925376892,1.601029396057129
cifar10_00006_automobile,7,10,0,321,0.8794370293617249,0.28120753169059753
cifar10_00006_automobile,28,18,0,321,0.6872333288192749,1.1971533298492432
cifar10_00006_automobile,15,20,0,321,0.9599395394325256,1.9208790063858032
cifar10_00006_automobile,30,23,0,321,0.8055843114852905,0.3608717918395996
cifar10_00006_automobile,29,24,0,321,0.5769786238670349,0.10815560817718506
cifar10_00006_automobile,18,12,0,321,0.9574897885322571,1.5213935375213623
cifar10_00006_automobile,23,15,0,321,0.9774887561798096,1.618159532546997
cifar10_00006_automobile,21,26,0,321,0.9919900298118591,1.882904291152954
cifar10_00006_automobile,12,9,0,321,0.9845460653305054,1.1447038650512695
cifar10_00006_automobile,25,17,0,321,0.6098105907440186,1.9115571975708008
cifar10_00006_automobile,11,14,0,321,0.9822995662689209,1.9024678468704224
cifar10_00006_automobile,15,3,0,321,0.9124074578285217,0.6016139984130859
cifar10_00006_automobile,24,1,0,321,0.8905580043792725,0.6188246011734009
cifar10_00006_automobile,29,19,0,321,0.9174566864967346,1.8051358461380005
cifar10_00006_automobile,16,6,0,321,1.0138041973114014,1.7423601150512695
cifar10_00006_automobile,24,3,0,321,0.8537365198135376,1.7616472244262695
cifar10_00006_automobile,2,14,0,321,0.8702600598335266,0.6312262415885925
cifar10_00006_automobile,16,17,0,321,0.8686830997467041,1.534153938293457
cifar10_00006_automobile,27,9,0,321,0.9336100220680237,1.3776201009750366
cifar10_00006_automobile,19,26,0,321,0.9736974239349365,1.9433157444000244
cifar10_00006_automobile,9,10,0,321,0.7541929483413696,0.7801416516304016
cifar10_00006_automobile,10,11,0,321,0.9129301905632019,1.2109614610671997
cifar10_00006_automobile,27,26,0,321,0.8262273073196411,0.7141687870025635
cifar10_00006_automobile,17,14,0,321,1.0545756816864014,1.7459145784378052
cifar10_00006_automobile,1,13,0,321,0.8431693315505981,0.7971410751342773
cifar10_00006_automobile,30,30,0,321,0.9733092188835144,1.3730902671813965
cifar10_00006_automobile,0,6,0,321,0.9425762891769409,1.0472428798675537
cifar10_00006_automobile,18,3,0,321,0.973779022693634,1.3684428930282593
cifar10_00006_automobile,16,14,0,321,1.2203896045684814,1.696487545967102
cifar10_00006_automobile,8,10,0,321,0.8736437559127808,0.44045084714889526
cifar10_00006_automobile,4,0,0,321,0.9251619577407837,1.3758854866027832
cifar10_00006_automobile,30,19,0,321,0.8554174900054932,0.8865726590156555
cifar10_00006_automobile,0,16,0,321,0.940150797367096,1.0405628681182861
cifar10_00006_automobile,20,21,0,321,0.9410433173179626,1.736380696296692
cifar10_00006_automobile,21,5,0,321,0.8786752223968506,1.873021125793457
cifar10_00006_automobile,14,31,0,321,0.942626953125,0.9851725101470947
cifar10_00006_automobile,28,23,0,321,0.8836228847503662,0.6887268424034119
cifar10_00006_automobile,21,22,0,321,0.9520288705825806,1.7701349258422852
cifar10_00006_automobile,11,7,0,321,0.9183311462402344,0.36770230531692505
cifar10_00006_automobile,28,9,0,321,0.7335513830184937,0.9781114459037781
cifar10_00006_automobile,22,11,0,321,0.8470256924629211,1.711416482925415
cifar10_00006_automobile,29,18,0,321,0.8202954530715942,0.7364133596420288
cifar10_00006_automobile,14,29,0,321,0.9192286133766174,0.9885414242744446
cifar10_00006_automobile,10,5,0,321,0.9138910174369812,0.35106807947158813
cifar10_00006_automobile,10,19,1,322,0.5887267589569092,1.1633723974227905
cifar10_00006_automobile,18,29,1,322,0.842808187007904,1.658625602722168
cifar10_00006_automobile,19,18,1,322,0.7456634044647217,1.1721398830413818
cifar10_00006_automobile,26,23,1,322,0.8611364364624023,1.152421236038208
cifar10_00006_automobile,7,3,1,322,0.5779056549072266,0.3524963855743408
cifar10_00006_automobile,11,13,1,322,0.492512583732605,1.4520506858825684
cifar10_00006_automobile,21,17,1,322,0.6432368159294128,1.2642133235931396
cifar10_00006_automobile,25,18,1,322,0.8139511346817017,1.1132577657699585
cifar10_00006_automobile,8,30,1,322,0.6705050468444824,0.21895432472229004
cifar10_00006_automobile,24,12,1,322,0.6503748893737793,1.0314524173736572
cifar10_00006_automobile,15,27,1,322,0.6057809591293335,0.24079012870788574
cifar10_00006_automobile,15,16,1,322,0.5996747612953186,0.8273341655731201
cifar10_00006_automobile,29,26,1,322,0.7849597334861755,0.44796937704086304
cifar10_00006_automobile,25,21,1,322,0.9545313119888306,1.3475826978683472
cifar10_00006_automobile,23,1,1,322,0.7066521644592285,0.8922984600067139
cifar10_00006_automobile,25,14,1,322,0.8069841265678406,1.3221131563186646
cifar10_00006_automobile,29,31,1,322,0.8946541547775269,1.02508544921875
cifar10_00006_automobile,29,16,1,322,0.6063393354415894,0.42493462562561035
cifar10_00006_automobile,21,20,1,322,1.0523600578308105,1.2672991752624512
cifar10_00006_automobile,15,24,1,322,0.8512499332427979,1.587902545928955
cifar10_00006_automobile,19,17,1,322,0.8511034846305847,1.4855040311813354
cifar10_00006_automobile,14,13,1,322,0.5766921043395996,1.2755720615386963
cifar10_00006_automobile,21,7,1,322,0.8359688520431519,1.191332221031189
cifar10_00006_automobile,3,13,1,322,0.7762259244918823,0.31551527976989746
cifar10_00006_automobile,15,9,1,322,0.6905549168586731,1.129991054534912
cifar10_00006_automobile,20,3,1,322,0.09818750619888306,1.048232913017273
cifar10_00006_automobile,18,27,1,322,0.5541194677352905,0.955132246017456
cifar10_00006_automobile,28,19,1,322,0.5937284231185913,1.305788278579712
cifar10_00006_automobile,17,11,1,322,0.7111415863037109,0.6867767572402954
cifar10_00006_automobile,17,1,1,322,0.7656005620956421,0.4549875259399414
cifar10_00006_automobile,26,7,1,322,0.9499439001083374,1.2263212203979492
cifar10_00006_automobile,23,29,1,322,0.4830467402935028,0.45876574516296387
cifar10_00006_automobile,11,11,1,322,0.6976058483123779,0.9868695735931396
cifar10_00006_automobile,24,2,1,322,0.40564629435539246,0.9079528450965881
cifar10_00006_automobile,10,1,1,322,0.6408311128616333,0.2634037733078003
cifar10_00006_automobile,30,4,1,322,0.7899699211120605,1.8526883125305176
cifar10_00006_automobile,9,7,1,322,0.81233811378479,0.5232136249542236
cifar10_00006_automobile,25,29,1,322,0.7470712661743164,0.30926620960235596
cifar10_00006_automobile,26,28,1,322,0.4172016978263855,0.059377193450927734
cifar10_00006_automobile,22,23,1,322,0.5894888639450073,1.5446007251739502
cifar10_00006_automobile,6,11,1,322,0.7470817565917969,0.5266920328140259
cifar10_00006_automobile,2,28,1,322,0.4571390151977539,0.21452152729034424
cifar10_00006_automobile,0,20,1,322,0.8395174741744995,0.6850571632385254
cifar10_00006_automobile,7,14,1,322,0.5705909729003906,0.5639021396636963
cifar10_00006_automobile,28,31,1,322,0.7520138621330261,0.9632654786109924
cifar10_00006_automobile,10,7,1,322,0.6423228979110718,0.2830624580383301
cifar10_00006_automobile,12,16,1,322,0.6002054214477539,1.3726868629455566
cifar10_00006_automobile,1,17,1,322,0.671570897102356,0.1570875644683838
cifar10_00006_automobile,30,24,1,322,0.6466028690338135,0.32100629806518555
cifar10_00006_automobile,7,23,1,322,0.5151349902153015,0.5369462966918945
cifar10_00006_automobile,23,14,1,322,0.31805264949798584,1.1075999736785889
cifar10_00006_automobile,26,0,1,322,0.4260707199573517,0.2632467746734619
cifar10_00006_automobile,14,2,1,322,0.6959901452064514,0.4406442642211914
cifar10_00006_automobile,8,31,1,322,0.7126563787460327,0.505060076713562
cifar10_00006_automobile,5,3,1,322,0.7885724306106567,0.7329185009002686
cifar10_00006_automobile,4,15,1,322,0.811927080154419,0.2684438228607178
cifar10_00006_automobile,15,1,1,322,0.6638662815093994,0.3695950508117676
cifar10_00006_automobile,9,21,1,322,0.7842854261398315,1.5720187425613403
cifar10_00006_automobile,26,21,1,322,0.7610247135162354,1.128882646560669
cifar10_00006_automobile,10,25,1,322,0.8994159698486328,0.8825706839561462
cifar10_00006_automobile,5,29,1,322,0.8372522592544556,0.3995438814163208
cifar10_00006_automobile,3,11,1,322,0.8561335802078247,0.3144352436065674
cifar10_00006_automobile,15,17,1,322,0.7111494541168213,1.489866852760315
cifar10_00006_automobile,8,9,1,322,0.7310973405838013,0.1753230094909668
cifar10_00006_automobile,12,2,1,322,0.5558500289916992,0.3455312252044678
cifar10_00006_automobile,29,30,1,322,0.7897359132766724,0.7029156684875488
cifar10_00006_automobile,20,18,1,322,0.7259855270385742,1.3627469539642334
cifar10_00006_automobile,29,1,1,322,0.673303484916687,0.8830428123474121
cifar10_00006_automobile,0,19,1,322,0.8912714123725891,0.6999229192733765
cifar10_00006_automobile,7,2,1,322,0.8403881788253784,0.1569133996963501
cifar10_00006_automobile,22,3,1,322,0.9233641624450684,0.95809006690979
cifar10_00006_automobile,22,1,1,322,0.621581494808197,0.921471118927002
cifar10_00006_automobile,8,24,1,322,0.3877848982810974,0.3648498058319092
cifar10_00006_automobile,9,12,1,322,0.6109912395477295,0.9865020513534546
cifar10_00006_automobile,11,24,1,322,0.6351684331893921,0.2209078073501587
cifar10_00006_automobile,7,19,1,322,0.6317282915115356,0.5181636810302734
cifar10_00006_automobile,30,16,1,322,0.7605908513069153,1.158833622932434
cifar10_00006_automobile,17,8,1,322,0.8954157829284668,1.2675483226776123
cifar10_00006_automobile,30,13,1,322,0.7136155366897583,1.0418109893798828
cifar10_00006_automobile,28,0,1,322,0.7147277593612671,0.6074486970901489
cifar10_00006_automobile,11,9,1,322,0.9302998781204224,0.503135085105896
cifar10_00006_automobile,31,13,1,322,0.9059247374534607,1.709875226020813
cifar10_00006_automobile,14,21,1,322,0.6396043300628662,1.6346347332000732
cifar10_00006_automobile,16,13,1,322,0.39034220576286316,1.2090673446655273
cifar10_00006_automobile,7,10,1,322,0.8127730488777161,0.4204220771789551
cifar10_00006_automobile,28,18,1,322,0.5751800537109375,0.9129928946495056
cifar10_00006_automobile,15,20,1,322,0.6995242834091187,0.9615570306777954
cifar10_00006_automobile,30,23,1,322,0.7392876744270325,0.3753712773323059
cifar10_00006_automobile,29,24,1,322,0.32056373357772827,-0.005980014801025391
cifar10_00006_automobile,18,12,1,322,0.7912289500236511,1.4075367450714111
cifar10_00006_automobile,23,15,1,322,0.6222847104072571,1.5938268899917603
cifar10_00006_automobile,21,26,1,322,0.8272985219955444,1.2871702909469604
cifar10_00006_automobile,12,9,1,322,0.5543783903121948,0.3516991138458252
cifar10_00006_automobile,25,17,1,322,0.8891133069992065,1.100019931793213
cifar10_00006_automobile,11,14,1,322,0.3555886745452881,1.3454509973526
cifar10_00006_automobile,15,3,1,322,0.7803379893302917,0.3134235143661499
cifar10_00006_automobile,24,1,1,322,0.7351365685462952,0.54164719581604
cifar10_00006_automobile,29,19,1,322,0.8271693587303162,1.1135597229003906
cifar10_00006_automobile,16,6,1,322,0.6689934134483337,1.4844636917114258
cifar10_00006_automobile,24,3,1,322,0.805654764175415,1.2533328533172607
cifar10_00006_automobile,2,14,1,322,0.7106360793113708,0.14325928688049316
cifar10_00006_automobile,16,17,1,322,0.4612886309623718,0.84180748462677
cifar10_00006_automobile,27,9,1,322,0.9584890604019165,1.5373497009277344
cifar10_00006_automobile,19,26,1,322,0.7788806557655334,1.252362608909607
cifar10_00006_automobile,9,10,1,322,0.5530182123184204,0.7587976455688477
cifar10_00006_automobile,10,11,1,322,0.8859678506851196,0.8458278179168701
cifar10_00006_automobile,27,26,1,322,0.913608193397522,1.20414137840271
cifar10_00006_automobile,17,14,1,322,0.227432981133461,1.2739530801773071
cifar10_00006_automobile,1,13,1,322,0.7321972846984863,0.12207341194152832
cifar10_00006_automobile,30,30,1,322,0.8978582620620728,0.9654290676116943
cifar10_00006_automobile,0,6,1,322,0.5531232953071594,-0.135939359664917
cifar10_00006_automobile,18,3,1,322,0.46621936559677124,1.0416233539581299
cifar10_00006_automobile,16,14,1,322,0.4519937038421631,1.1616199016571045
cifar10_00006_automobile,8,10,1,322,0.6554753184318542,0.315868616104126
cifar10_00006_automobile,4,0,1,322,0.7052626013755798,0.2022111415863037
cifar10_00006_automobile,30,19,1,322,1.0629926919937134,0.9298919439315796
cifar10_00006_automobile,0,16,1,322,0.5963932871818542,-0.1197357177734375
cifar10_00006_automobile,20,21,1,322,0.7294227480888367,1.4701685905456543
cifar10_00006_automobile,21,5,1,322,0.7876170873641968,1.1855907440185547
cifar10_00006_automobile,14,31,1,322,0.6775965690612793,0.26845335960388184
cifar10_00006_automobile,28,23,1,322,0.8381785154342651,0.7696402072906494
cifar10_00006_automobile,21,22,1,322,0.8292575478553772,1.1685699224472046
cifar10_00006_automobile,11,7,1,322,0.8794630169868469,0.43375349044799805
cifar10_00006_automobile,28,9,1,322,0.7233932018280029,0.6576211452484131
cifar10_00006_automobile,22,11,1,322,0.47481968998908997,1.1921837329864502
cifar10_00006_automobile,29,18,1,322,0.5558369159698486,0.3899444341659546
cifar10_00006_automobile,14,29,1,322,0.6928746104240417,0.0899583101272583
cifar10_00006_automobile,10,5,1,322,0.6354221701622009,0.202004075050354
cifar10_00007_frog,15,27,0,321,0.8125616312026978,1.3414677381515503
cifar10_00007_frog,14,24,0,321,0.8812032341957092,1.0204424858093262
cifar10_00007_frog,18,25,0,321,0.8380842804908752,0.8451525568962097
cifar10_00007_frog,28,25,0,321,0.9336496591567993,1.0453598499298096
cifar10_00007_frog,18,17,0,321,0.8978266716003418,1.1342313289642334
cifar10_00007_frog,5,28,0,321,0.9716778993606567,1.606881856918335
cifar10_00007_frog,22,1,0,321,0.8046956658363342,1.4149292707443237
cifar10_00007_frog,26,20,0,321,0.8790516257286072,1.3572165966033936
cifar10_00007_frog,29,20,0,321,0.8356010317802429,0.9975032806396484
cifar10_00007_frog,26,30,0,321,0.9528330564498901,1.2211525440216064
cifar10_00007_frog,19,17,0,321,0.8430193662643433,1.0962491035461426
cifar10_00007_frog,8,14,0,321,0.9167118072509766,0.9040855169296265
cifar10_00007_frog,20,12,0,321,0.9326094388961792,1.4426825046539307
cifar10_00007_frog,12,25,0,321,0.8876355886459351,1.2572484016418457
cifar10_00007_frog,15,6,0,321,0.8578248023986816,1.7317038774490356
cifar10_00007_frog,10,15,0,321,0.9382330179214478,1.0657308101654053
cifar10_00007_frog,12,2,0,321,0.9207133054733276,2.050199270248413
cifar10_00007_frog,30,29,0,321,0.9290356636047363,1.0044814348220825
cifar10_00007_frog,7,11,0,321,0.8280332088470459,0.7071584463119507
cifar10_00007_frog,6,6,0,321,0.8166465163230896,1.5905392169952393
cifar10_00007_frog,25,25,0,321,0.8954257965087891,1.2858195304870605
cifar10_00007_frog,17,4,0,321,1.0080931186676025,1.8076395988464355
cifar10_00007_frog,18,15,0,321,0.9045324921607971,1.2931532859802246
cifar10_00007_frog,22,10,0,321,0.897632360458374,0.8717139959335327
cifar10_00007_frog,1,27,0,321,1.0294957160949707,1.3071634769439697
cifar10_00007_frog,10,9,0,321,0.9507231712341309,1.0535444021224976
cifar10_00007_frog,13,19,0,321,0.8270916938781738,0.9991864562034607
cifar10_00007_frog,22,5,0,321,0.963808000087738,1.8916325569152832
cifar10_00007_frog,27,30,0,321,0.9541542530059814,1.2584574222564697
cifar10_00007_frog,6,10,0,321,0.9408513307571411,0.7910853028297424
cifar10_00007_frog,12,21,0,321,0.8830851912498474,0.8431110382080078
cifar10_00007_frog,15,22,0,321,0.8922578692436218,0.8405978083610535
cifar10_00007_frog,5,26,0,321,0.98680180311203,1.7046663761138916
cifar10_00007_frog,11,22,0,321,0.8686773777008057,0.9049569368362427
cifar10_00007_frog,17,12,0,321,0.9185115098953247,1.6853805780410767
cifar10_00007_frog,2,16,0,321,0.8770155906677246,1.3947595357894897
cifar10_00007_frog,11,4,0,321,0.9083229303359985,1.7801307439804077
cifar10_00007_frog,28,1,0,321,0.9010634422302246,1.5158650875091553
cifar10_00007_frog,21,8,0,321,0.9233418703079224,1.553976058959961
cifar10_00007_frog,19,25,0,321,0.8753491640090942,0.9615551829338074
cifar10_00007_frog,9,31,0,321,0.9748817682266235,1.6333706378936768
cifar10_00007_frog,29,8,0,321,0.9203675985336304,1.0362213850021362
cifar10_00007_frog,16,0,0,321,0.9222427606582642,1.6257784366607666
cifar10_00007_frog,17,23,0,321,0.8987429141998291,0.8727044463157654
cifar10_00007_frog,26,29,0,321,0.8982919454574585,1.329922080039978
cifar10_00007_frog,20,14,0,321,0.9700562357902527,1.2782249450683594
cifar10_00007_frog,1,8,0,321,0.9264354109764099,1.5848987102508545
cifar10_00007_frog,25,24,0,321,0.9265459179878235,1.0896427631378174
cifar10_00007_frog,28,7,0,321,0.8906862735748291,1.1278023719787598
cifar10_00007_frog,4,0,0,321,0.8897643685340881,1.3783038854599
cifar10_00007_frog,5,17,0,321,0.8906503915786743,1.329888105392456
cifar10_00007_frog,28,17,0,321,0.8822924494743347,0.8936564922332764
cifar10_00007_frog,0,10,0,321,0.969912052154541,1.5036356449127197
cifar10_00007_frog,2,10,0,321,0.8989612460136414,1.4135922193527222
cifar10_00007_frog,29,2,0,321,0.8964004516601562,1.4116629362106323
cifar10_00007_frog,28,31,0,321,0.942253589630127,1.395735502243042
cifar10_00007_frog,19,16,0,321,0.9590145349502563,0.9595913887023926
cifar10_00007_frog,17,19,0,321,0.8981829285621643,1.2163200378417969
cifar10_00007_frog,22,26,0,321,0.9555982351303101,1.1364214420318604
cifar10_00007_frog,9,26,0,321,0.8849627375602722,1.542229175567627
cifar10_00007_frog,6,1,0,321,0.9082975387573242,1.4408962726593018
cifar10_00007_frog,26,21,0,321,1.0253406763076782,1.3274767398834229
cifar10_00007_frog,20,28,0,321,0.8883746862411499,1.090968132019043
cifar10_00007_frog,27,7,0,321,0.9368314146995544,1.41257905960083
cifar10_00007_frog,0,29,0,321,0.8864943981170654,1.624746322631836
cifar10_00007_frog,17,22,0,321,0.9118194580078125,0.9521395564079285
cifar10_00007_frog,28,16,0,321,0.8817624449729919,1.1001522541046143
cifar10_00007_frog,17,2,0,321,0.9382904171943665,2.0604805946350098
cifar10_00007_frog,16,29,0,321,0.9809786081314087,1.4198845624923706
cifar10_00007_frog,27,26,0,321,0.8739230632781982,1.0803617238998413
cifar10_00007_frog,12,8,0,321,0.8960756063461304,1.217588186264038
cifar10_00007_frog,7,1,0,321,0.8971808552742004,1.4348421096801758
cifar10_00007_frog,31,28,0,321,0.9125788807868958,1.0929653644561768
cifar10_00007_frog,2,11,0,321,0.9798756241798401,1.2578834295272827
cifar10_00007_frog,17,14,0,321,0.9327237606048584,1.4506440162658691
cifar10_00007_frog,23,1,0,321,0.9949601292610168,1.6983468532562256
cifar10_00007_frog,9,24,0,321,0.9509775042533875,1.3089960813522339
cifar10_00007_frog,18,22,0,321,0.8826857805252075,0.9373904466629028
cifar10_00007_frog,29,16,0,321,0.9106713533401489,0.9696097373962402
cifar10_00007_frog,8,11,0,321,0.9396530985832214,0.9378147125244141
cifar10_00007_frog,10,16,0,321,0.8323260545730591,0.7723191976547241
cifar10_00007_frog,17,16,0,321,0.8424184918403625,1.0409804582595825
cifar10_00007_frog,21,28,0,321,0.8775129318237305,1.3415426015853882
cifar10_00007_frog,19,11,0,321,0.9997247457504272,1.8263592720031738
cifar10_00007_frog,2,12,0,321,0.9537919163703918,1.409127116203308
cifar10_00007_frog,19,14,0,321,0.9388387203216553,1.4553399085998535
cifar10_00007_frog,28,12,0,321,0.9634801149368286,1.3112196922302246
cifar10_00007_frog,27,24,0,321,0.8605212569236755,0.9833629727363586
cifar10_00007_frog,11,6,0,321,0.9505767822265625,1.6357496976852417
cifar10_00007_frog,7,31,0,321,0.9313762784004211,1.4266092777252197
cifar10_00007_frog,1,5,0,321,0.934329628944397,1.6682524681091309
cifar10_00007_frog,23,14,0,321,0.8959280252456665,1.354290246963501
cifar10_00007_frog,3,23,0,321,0.8732986450195312,1.452793836593628
cifar10_00007_frog,0,13,0,321,0.8768584132194519,1.7431687116622925
cifar10_00007_frog,30,13,0,321,0.9502229690551758,1.212536334991455
cifar10_00007_frog,17,29,0,321,0.9188801050186157,1.2854732275009155
cifar10_00007_frog,15,8,0,321,0.9967703819274902,1.8146382570266724
cifar10_00007_frog,10,19,0,321,0.8385787010192871,0.7276861667633057
cifar10_00007_frog,11,11,0,321,0.8233118057250977,1.0575875043869019
cifar10_00007_frog,17,21,0,321,0.8626360893249512,1.013676643371582
cifar10_00007_frog,26,8,0,321,0.917938768863678,1.5348334312438965
cifar10_00007_frog,4,18,0,321,0.8406450152397156,1.0894664525985718
cifar10_00007_frog,27,25,0,321,0.9043338894844055,1.019667387008667
cifar10_00007_frog,8,7,0,321,0.8386038541793823,0.9387470483779907
cifar10_00007_frog,23,7,0,321,1.0053753852844238,1.6334961652755737
cifar10_00007_frog,20,25,0,321,0.9125698208808899,0.899357795715332
cifar10_00007_frog,8,13,0,321,0.9076502919197083,0.8878648281097412
cifar10_00007_frog,6,7,0,321,0.9554914832115173,1.1518476009368896
cifar10_00007_frog,1,4,0,321,0.9573867321014404,1.6529284715652466
cifar10_00007_frog,26,17,0,321,0.9189603924751282,0.8949996829032898
cifar10_00007_frog,11,29,0,321,0.9210790395736694,1.668807029724121
cifar10_00007_frog,25,17,0,321,0.906655490398407,0.9722998142242432
cifar10_00007_frog,3,13,0,321,0.973573625087738,1.245554804801941
cifar10_00007_frog,31,12,0,321,0.9242782592773438,1.4641668796539307
cifar10_00007_frog,3,5,0,321,0.951056957244873,1.50600004196167
cifar10_00007_frog,29,26,0,321,0.9409023523330688,1.0594700574874878
cifar10_00007_frog,15,12,0,321,0.8829289674758911,1.218032956123352
cifar10_00007_frog,8,2,0,321,0.922295093536377,1.5729291439056396
cifar10_00007_frog,27,3,0,321,0.8720686435699463,1.513155221939087
cifar10_00007_frog,19,8,0,321,0.8969065546989441,1.8917548656463623
cifar10_00007_frog,10,17,0,321,0.899028480052948,0.866856575012207
cifar10_00007_frog,17,0,0,321,0.9472845792770386,1.671331763267517
cifar10_00007_frog,31,30,0,321,0.9240483045578003,1.2253127098083496
cifar10_00007_frog,19,27,0,321,0.8985124826431274,1.2485506534576416
cifar10_00007_frog,8,22,0,321,0.8669890761375427,1.3009326457977295
cifar10_00007_frog,17,13,0,321,0.9356690645217896,1.5734307765960693
cifar10_00007_frog,5,10,0,321,0.8830886483192444,1.011031985282898
cifar10_00007_frog,30,9,0,321,0.88726806640625,1.0526702404022217
cifar10_00007_frog,15,27,1,322,0.7451726198196411,0.7287945747375488
cifar10_00007_frog,14,24,1,322,0.43213218450546265,0.5537222623825073
cifar10_00007_frog,18,25,1,322,0.8677105903625488,0.6124885082244873
cifar10_00007_frog,28,25,1,322,0.7321161031723022,0.5722328424453735
cifar10_00007_frog,18,17,1,322,0.4535055458545685,0.8342211246490479
cifar10_00007_frog,5,28,1,322,0.9010694026947021,0.8492395281791687
cifar10_00007_frog,22,1,1,322,0.17191722989082336,1.7908976078033447
cifar10_00007_frog,26,20,1,322,0.8198682069778442,1.1750270128250122
cifar10_00007_frog,29,20,1,322,0.8788363933563232,0.559267520904541
cifar10_00007_frog,26,30,1,322,0.8211356997489929,0.7558714151382446
cifar10_00007_frog,19,17,1,322,0.6865590214729309,0.7492961287498474
cifar10_00007_frog,8,14,1,322,0.8011966943740845,0.6874434947967529
cifar10_00007_frog,20,12,1,322,0.8255683779716492,0.8749054670333862
cifar10_00007_frog,12,25,1,322,0.7346746921539307,0.9414336681365967
cifar10_00007_frog,15,6,1,322,0.8548523187637329,1.3451716899871826
cifar10_00007_frog,10,15,1,322,0.8001681566238403,0.512326717376709
cifar10_00007_frog,12,2,1,322,0.9509692192077637,1.0225675106048584
cifar10_00007_frog,30,29,1,322,0.8377776741981506,0.5264900922775269
cifar10_00007_frog,7,11,1,322,0.7935196161270142,0.49259674549102783
cifar10_00007_frog,6,6,1,322,0.8675767183303833,0.8487524390220642
cifar10_00007_frog,25,25,1,322,0.4605776071548462,0.5166915655136108
cifar10_00007_frog,17,4,1,322,0.6099957227706909,1.1159439086914062
cifar10_00007_frog,18,15,1,322,0.762992262840271,0.49562323093414307
cifar10_00007_frog,22,10,1,322,0.7505012154579163,0.14756989479064941
cifar10_00007_frog,1,27,1,322,0.9059903025627136,1.0206035375595093
cifar10_00007_frog,10,9,1,322,0.8232474327087402,0.5454933643341064
cifar10_00007_frog,13,19,1,322,0.9137444496154785,0.669792890548706
cifar10_00007_frog,22,5,1,322,0.8438423871994019,1.2266937494277954
cifar10_00007_frog,27,30,1,322,0.3934580683708191,0.7106584310531616
cifar10_00007_frog,6,10,1,322,0.7914509177207947,0.46768009662628174
cifar10_00007_frog,12,21,1,322,0.7979202270507812,0.41555285453796387
cifar10_00007_frog,15,22,1,322,0.8411003351211548,0.31381237506866455
cifar10_00007_frog,5,26,1,322,0.841230034828186,0.9255548715591431
cifar10_00007_frog,11,22,1,322,0.8214172124862671,0.16018974781036377
cifar10_00007_frog,17,12,1,322,0.5268493890762329,1.2560852766036987
cifar10_00007_frog,2,16,1,322,0.7872871160507202,1.0313985347747803
cifar10_00007_frog,11,4,1,322,0.8771218061447144,1.1368932723999023
cifar10_00007_frog,28,1,1,322,0.8592337369918823,1.3054622411727905
cifar10_00007_frog,21,8,1,322,0.8380565643310547,0.8789656758308411
cifar10_00007_frog,19,25,1,322,0.7761393189430237,0.43680429458618164
cifar10_00007_frog,9,31,1,322,0.8932124376296997,1.1007184982299805
cifar10_00007_frog,29,8,1,322,0.6672559976577759,0.6096762418746948
cifar10_00007_frog,16,0,1,322,0.9075690507888794,1.2478225231170654
cifar10_00007_frog,17,23,1,322,0.8037587404251099,0.4603109359741211
cifar10_00007_frog,26,29,1,322,0.3840562701225281,0.7309354543685913
cifar10_00007_frog,20,14,1,322,0.6256104707717896,0.7160553932189941
cifar10_00007_frog,1,8,1,322,0.7934906482696533,1.26289701461792
cifar10_00007_frog,25,24,1,322,0.3490544557571411,0.514937162399292
cifar10_00007_frog,28,7,1,322,0.8167884349822998,0.4397890567779541
cifar10_00007_frog,4,0,1,322,0.8686497807502747,1.445299506187439
cifar10_00007_frog,5,17,1,322,0.8211109638214111,0.6270828247070312
cifar10_00007_frog,28,17,1,322,0.8580653071403503,0.20025634765625
cifar10_00007_frog,0,10,1,322,0.8096706867218018,1.1561691761016846
cifar10_00007_frog,2,10,1,322,0.8973649740219116,0.8533861041069031
cifar10_00007_frog,29,2,1,322,0.8272863626480103,0.7319173812866211
cifar10_00007_frog,28,31,1,322,0.45011258125305176,0.7880539894104004
cifar10_00007_frog,19,16,1,322,0.6790581941604614,0.48305773735046387
cifar10_00007_frog,17,19,1,322,0.8541744351387024,0.8557574152946472
cifar10_00007_frog,22,26,1,322,0.8594276905059814,0.820576548576355
cifar10_00007_frog,9,26,1,322,0.8409005403518677,1.0939395427703857
cifar10_00007_frog,6,1,1,322,0.826920747756958,1.147384762763977
cifar10_00007_frog,26,21,1,322,0.6183586120605469,1.118932843208313
cifar10_00007_frog,20,28,1,322,0.7549642324447632,0.7284449338912964
cifar10_00007_frog,27,7,1,322,0.8806796073913574,0.6691458225250244
cifar10_00007_frog,0,29,1,322,0.893744707107544,1.037898063659668
cifar10_00007_frog,17,22,1,322,0.6974542140960693,0.5632684230804443
cifar10_00007_frog,28,16,1,322,0.8258999586105347,0.49756836891174316
cifar10_00007_frog,17,2,1,322,0.7410866618156433,1.1135601997375488
cifar10_00007_frog,16,29,1,322,0.7912291288375854,1.0471725463867188
cifar10_00007_frog,27,26,1,322,0.8636560440063477,0.5091851949691772
cifar10_00007_frog,12,8,1,322,0.7537872791290283,0.8522152304649353
cifar10_00007_frog,7,1,1,322,0.940111517906189,0.9862344861030579
cifar10_00007_frog,31,28,1,322,0.8569161891937256,0.4983908534049988
cifar10_00007_frog,2,11,1,322,0.7030335664749146,1.0251383781433105
cifar10_00007_frog,17,14,1,322,0.614893913269043,1.0261156558990479
cifar10_00007_frog,23,1,1,322,0.5359605550765991,1.5428755283355713
cifar10_00007_frog,9,24,1,322,0.9569576382637024,0.9923397302627563
cifar10_00007_frog,18,22,1,322,0.8880676031112671,0.7172199487686157
cifar10_00007_frog,29,16,1,322,0.5895665884017944,0.5106703042984009
cifar10_00007_frog,8,11,1,322,0.773175060749054,0.8553436994552612
cifar10_00007_frog,10,16,1,322,0.5504871606826782,0.4574192762374878
cifar10_00007_frog,17,16,1,322,0.6628254652023315,0.6408109664916992
cifar10_00007_frog,21,28,1,322,0.8361653089523315,0.9205247163772583
cifar10_00007_frog,19,11,1,322,0.6315717697143555,0.7478317022323608
cifar10_00007_frog,2,12,1,322,0.7666310667991638,1.2230359315872192
cifar10_00007_frog,19,14,1,322,0.7771113514900208,0.9710874557495117
cifar10_00007_frog,28,12,1,322,0.960239052772522,0.9069600105285645
cifar10_00007_frog,27,24,1,322,0.9556081891059875,0.6843572854995728
cifar10_00007_frog,11,6,1,322,0.7902587652206421,1.328972339630127
cifar10_00007_frog,7,31,1,322,0.8712577819824219,1.0113962888717651
cifar10_00007_frog,1,5,1,322,0.8726066946983337,1.2201476097106934
cifar10_00007_frog,23,14,1,322,0.9209984540939331,1.2662876844406128
cifar10_00007_frog,3,23,1,322,0.8758078813552856,0.7537872195243835
cifar10_00007_frog,0,13,1,322,0.883000910282135,1.494654655456543
cifar10_00007_frog,30,13,1,322,0.7739401459693909,0.6503890752792358
cifar10_00007_frog,17,29,1,322,0.7632871270179749,0.5941808223724365
cifar10_00007_frog,15,8,1,322,0.6494395732879639,1.1476242542266846
cifar10_00007_frog,10,19,1,322,0.8116998672485352,0.20230567455291748
cifar10_00007_frog,11,11,1,322,0.8823594450950623,0.844477117061615
cifar10_00007_frog,17,21,1,322,0.7696621417999268,0.6101832389831543
cifar10_00007_frog,26,8,1,322,0.8679583072662354,0.9358789324760437
cifar10_00007_frog,4,18,1,322,0.8100531101226807,1.3601168394088745
cifar10_00007_frog,27,25,1,322,0.932732105255127,0.6163883209228516
cifar10_00007_frog,8,7,1,322,0.6564686298370361,0.4512544870376587
cifar10_00007_frog,23,7,1,322,0.8979395627975464,1.2843915224075317
cifar10_00007_frog,20,25,1,322,0.889907717704773,0.3756765127182007
cifar10_00007_frog,8,13,1,322,0.7511061429977417,0.7530452609062195
cifar10_00007_frog,6,7,1,322,0.8007936477661133,0.7171099781990051
cifar10_00007_frog,1,4,1,322,0.8892054557800293,1.2212282419204712
cifar10_00007_frog,26,17,1,322,0.9063323140144348,0.403242826461792
cifar10_00007_frog,11,29,1,322,0.7749670743942261,1.1339712142944336
cifar10_00007_frog,25,17,1,322,0.7022571563720703,0.5059884786605835
cifar10_00007_frog,3,13,1,322,0.6338348388671875,0.9436705112457275
cifar10_00007_frog,31,12,1,322,0.8935461044311523,1.0243897438049316
cifar10_00007_frog,3,5,1,322,0.7750627994537354,1.4146770238876343
cifar10_00007_frog,29,26,1,322,0.8401387929916382,0.40771162509918213
cifar10_00007_frog,15,12,1,322,0.7219804525375366,0.9879528284072876
cifar10_00007_frog,8,2,1,322,0.7835967540740967,1.0736567974090576
cifar10_00007_frog,27,3,1,322,0.8041287660598755,1.4617019891738892
cifar10_00007_frog,19,8,1,322,0.869684100151062,1.10671865940094
cifar10_00007_frog,10,17,1,322,0.8230522871017456,0.5404701232910156
cifar10_00007_frog,17,0,1,322,0.8569878339767456,1.137971043586731
cifar10_00007_frog,31,30,1,322,0.9061499834060669,1.0270049571990967
cifar10_00007_frog,19,27,1,322,0.6860132217407227,0.5838065147399902
cifar10_00007_frog,8,22,1,322,0.8297321796417236,0.7335493564605713
cifar10_00007_frog,17,13,1,322,0.5877155065536499,1.272599220275879
cifar10_00007_frog,5,10,1,322,0.810518741607666,0.5252697467803955
cifar10_00007_frog,30,9,1,322,0.7890675663948059,0.4823235273361206
cifar10_00008_cat,6,7,0,321,0.936821460723877,1.7396903038024902
cifar10_00008_cat,7,17,0,321,0.8963007926940918,1.8259127140045166
cifar10_00008_cat,24,1,0,321,0.879555344581604,1.7880351543426514
cifar10_00008_cat,22,12,0,321,0.8713669776916504,1.7098376750946045
cifar10_00008_cat,1,28,0,321,0.9478381872177124,1.7851988077163696
cifar10_00008_cat,2,17,0,321,0.9386504888534546,1.8347777128219604
cifar10_00008_cat,21,30,0,321,0.9905411005020142,1.6415339708328247
cifar10_00008_cat,6,20,0,321,0.912320613861084,1.8387181758880615
cifar10_00008_cat,31,1,0,321,0.9439498782157898,1.6418524980545044
cifar10_00008_cat,11,26,0,321,0.8962317705154419,1.7174108028411865
cifar10_00008_cat,1,25,0,321,0.9363104104995728,1.833191156387329
cifar10_00008_cat,6,1,0,321,0.9752609729766846,1.3573839664459229
cifar10_00008_cat,13,3,0,321,0.91423499584198,1.8277909755706787
cifar10_00008_cat,17,1,0,321,0.7350324392318726,1.8378981351852417
cifar10_00008_cat,3,19,0,321,0.9719472527503967,1.755618929862976
cifar10_00008_cat,18,7,0,321,0.9162282943725586,1.8329695463180542
cifar10_00008_cat,7,29,0,321,0.8783447742462158,1.8422012329101562
cifar10_00008_cat,27,26,0,321,0.8179237842559814,1.6803474426269531
cifar10_00008_cat,24,29,0,321,0.787669837474823,1.7763121128082275
cifar10_00008_cat,20,25,0,321,0.9565678834915161,1.7600133419036865
cifar10_00008_cat,26,6,0,321,0.8948777914047241,1.7751922607421875
cifar10_00008_cat,14,16,0,321,0.8853238224983215,1.8466053009033203
cifar10_00008_cat,2,1,0,321,0.894721508026123,0.912955641746521
cifar10_00008_cat,27,14,0,321,0.9003188610076904,1.7923280000686646
cifar10_00008_cat,7,16,0,321,0.9145435094833374,1.7579561471939087
cifar10_00008_cat,19,5,0,321,0.9924253225326538,1.8483952283859253
cifar10_00008_cat,17,0,0,321,0.914480447769165,1.8426567316055298
cifar10_00008_cat,26,14,0,321,0.9157520532608032,1.8027546405792236
cifar10_00008_cat,30,5,0,321,0.8687827587127686,1.728754997253418
cifar10_00008_cat,5,5,0,321,0.8954566121101379,1.4541571140289307
cifar10_00008_cat,2,13,0,321,0.9465419054031372,1.770603895187378
cifar10_00008_cat,24,17,0,321,0.9217095971107483,1.862739086151123
cifar10_00008_cat,5,20,0,321,0.7835707664489746,1.8777568340301514
cifar10_00008_cat,9,19,0,321,0.8633489608764648,1.855776309967041
cifar10_00008_cat,23,30,0,321,0.9625509977340698,1.7708299160003662
cifar10_00008_cat,22,19,0,321,0.8523876667022705,1.7066895961761475
cifar10_00008_cat,28,19,0,321,0.8985708951950073,1.5506693124771118
cifar10_00008_cat,29,10,0,321,0.9133633971214294,1.7435773611068726
cifar10_00008_cat,25,22,0,321,0.9545288681983948,1.8449482917785645
cifar10_00008_cat,7,21,0,321,0.9074227213859558,1.9100024700164795
cifar10_00008_cat,25,24,0,321,0.9390096068382263,1.8202049732208252
cifar10_00008_cat,16,3,0,321,0.9651069045066833,1.7792599201202393
cifar10_00008_cat,17,30,0,321,1.0343348979949951,1.79445219039917
cifar10_00008_cat,2,8,0,321,0.8537011742591858,1.8766648769378662
cifar10_00008_cat,18,22,0,321,0.9647471904754639,1.734830617904663
cifar10_00008_cat,2,9,0,321,0.8702132701873779,1.8010075092315674
cifar10_00008_cat,18,9,0,321,0.995568573474884,1.8043996095657349
cifar10_00008_cat,9,21,0,321,0.9237024784088135,1.8612275123596191
cifar10_00008_cat,0,0,0,321,0.6335862874984741,0.6546704173088074
cifar10_00008_cat,20,3,0,321,0.723131537437439,1.810558795928955
cifar10_00008_cat,29,0,0,321,0.9189202785491943,1.840607762336731
cifar10_00008_cat,14,31,0,321,0.9329548478126526,1.934321641921997
cifar10_00008_cat,1,31,0,321,0.9063186645507812,1.8542695045471191
cifar10_00008_cat,22,17,0,321,0.9131825566291809,1.8038378953933716
cifar10_00008_cat,30,17,0,321,0.9772007465362549,1.6195334196090698
cifar10_00008_cat,22,7,0,321,0.9678213000297546,1.9240761995315552
cifar10_00008_cat,22,28,0,321,0.9776307940483093,1.7935775518417358
cifar10_00008_cat,13,30,0,321,0.8930913209915161,1.7808641195297241
cifar10_00008_cat,27,31,0,321,1.026444911956787,1.92520010471344
cifar10_00008_cat,28,8,0,321,0.9645598530769348,1.7732675075531006
cifar10_00008_cat,17,14,0,321,0.9353398680686951,1.8440117835998535
cifar10_00008_cat,10,21,0,321,0.9013123512268066,1.8223503828048706
cifar10_00008_cat,11,31,0,321,0.8961693048477173,1.7810086011886597
cifar10_00008_cat,13,20,0,321,0.9903409481048584,1.8027122020721436
cifar10_00008_cat,3,22,0,321,0.8929946422576904,1.8240162134170532
cifar10_00008_cat,21,11,0,321,0.9207191467285156,1.7641966342926025
cifar10_00008_cat,8,5,0,321,0.9600262641906738,1.8973782062530518
cifar10_00008_cat,29,29,0,321,0.9325249195098877,1.7096378803253174
cifar10_00008_cat,11,11,0,321,0.9479261636734009,1.7599906921386719
cifar10_00008_cat,28,16,0,321,0.881538450717926,1.7223305702209473
cifar10_00008_cat,8,22,0,321,0.8230383396148682,1.8405942916870117
cifar10_00008_cat,1,29,0,321,0.8870230317115784,1.7670713663101196
cifar10_00008_cat,28,30,0,321,0.9290984869003296,1.7460618019104004
cifar10_00008_cat,21,19,0,321,0.8759186863899231,1.82395601272583
cifar10_00008_cat,15,11,0,321,1.0393173694610596,1.755195140838623
cifar10_00008_cat,26,29,0,321,0.9555679559707642,1.735268473625183
cifar10_00008_cat,20,14,0,321,0.9596041440963745,1.8739982843399048
cifar10_00008_cat,16,10,0,321,0.9329997301101685,1.7924506664276123
cifar10_00008_cat,13,27,0,321,0.8841637372970581,1.9295107126235962
cifar10_00008_cat,22,26,0,321,0.8732690811157227,1.824798345565796
cifar10_00008_cat,25,12,0,321,0.8768583536148071,1.7537964582443237
cifar10_00008_cat,4,24,0,321,0.9824086427688599,1.778239369392395
cifar10_00008_cat,9,29,0,321,0.9213040471076965,1.804250717163086
cifar10_00008_cat,12,29,0,321,0.9773035645484924,1.6112675666809082
cifar10_00008_cat,16,1,0,321,0.8093822598457336,1.8058377504348755
cifar10_00008_cat,25,0,0,321,0.8176960945129395,1.931976556777954
cifar10_00008_cat,5,8,0,321,0.9019328355789185,1.7586311101913452
cifar10_00008_cat,24,14,0,321,0.973534345626831,1.8280596733093262
cifar10_00008_cat,3,7,0,321,0.8672520518302917,1.6832878589630127
cifar10_00008_cat,12,4,0,321,0.959903359413147,1.8874285221099854
cifar10_00008_cat,24,26,0,321,0.7847709655761719,1.7882006168365479
cifar10_00008_cat,16,21,0,321,1.0085859298706055,1.8364324569702148
cifar10_00008_cat,25,14,0,321,0.9451038241386414,1.8134119510650635
cifar10_00008_cat,23,2,0,321,0.9410555958747864,1.7782437801361084
cifar10_00008_cat,24,23,0,321,0.931550145149231,1.6987217664718628
cifar10_00008_cat,25,29,0,321,0.8668949604034424,1.7582192420959473
cifar10_00008_cat,3,6,0,321,0.9269261956214905,1.6541190147399902
cifar10_00008_cat,14,26,0,321,0.8433659672737122,1.412859559059143
cifar10_00008_cat,15,30,0,321,0.9645547270774841,1.7891602516174316
cifar10_00008_cat,3,12,0,321,0.6962540149688721,1.8052499294281006
cifar10_00008_cat,12,30,0,321,0.9649553894996643,1.6757781505584717
cifar10_00008_cat,13,29,0,321,0.9046661257743835,1.669879674911499
cifar10_00008_cat,17,23,0,321,0.8630560636520386,1.7405428886413574
cifar10_00008_cat,15,9,0,321,0.8964725732803345,1.8264601230621338
cifar10_00008_cat,5,18,0,321,0.8297005891799927,1.8075670003890991
cifar10_00008_cat,30,10,0,321,0.9793909192085266,1.6748206615447998
cifar10_00008_cat,19,25,0,321,0.9321446418762207,1.820934534072876
cifar10_00008_cat,21,7,0,321,0.8600500226020813,1.8580503463745117
cifar10_00008_cat,17,21,0,321,0.9481419324874878,1.7291347980499268
cifar10_00008_cat,17,19,0,321,0.9215052127838135,1.7677630186080933
cifar10_00008_cat,22,6,0,321,0.9143339395523071,1.8436641693115234
cifar10_00008_cat,27,13,0,321,0.9706077575683594,1.8344744443893433
cifar10_00008_cat,11,28,0,321,0.8646378517150879,1.776214838027954
cifar10_00008_cat,26,17,0,321,0.9188492894172668,1.8046185970306396
cifar10_00008_cat,26,10,0,321,0.9727087020874023,1.9079445600509644
cifar10_00008_cat,2,16,0,321,0.888911247253418,1.832148790359497
cifar10_00008_cat,12,0,0,321,0.8265588283538818,1.8693724870681763
cifar10_00008_cat,11,24,0,321,0.9303951859474182,1.9344443082809448
cifar10_00008_cat,26,8,0,321,0.8772437572479248,1.8173867464065552
cifar10_00008_cat,15,7,0,321,1.009466528892517,1.7745401859283447
cifar10_00008_cat,7,9,0,321,0.8952621817588806,1.8003458976745605
cifar10_00008_cat,19,30,0,321,0.9411001801490784,1.7734766006469727
cifar10_00008_cat,9,24,0,321,0.8424602746963501,1.9322614669799805
cifar10_00008_cat,14,3,0,321,0.9000511765480042,1.8153245449066162
cifar10_00008_cat,17,22,0,321,0.9369717836380005,1.774652123451233
cifar10_00008_cat,8,8,0,321,0.9026010036468506,1.7631824016571045
cifar10_00008_cat,15,26,0,321,0.9919288754463196,1.4141364097595215
cifar10_00008_cat,22,31,0,321,0.8927608728408813,1.7509171962738037
cifar10_00008_cat,6,7,1,322,0.6354692578315735,1.462463617324829
cifar10_00008_cat,7,17,1,322,0.9062150716781616,1.395959496498108
cifar10_00008_cat,24,1,1,322,0.8393088579177856,1.3526434898376465
cifar10_00008_cat,22,12,1,322,0.9020031690597534,1.1930805444717407
cifar10_00008_cat,1,28,1,322,0.7465838193893433,1.5260950326919556
cifar10_00008_cat,2,17,1,322,0.696557343006134,1.1531192064285278
cifar10_00008_cat,21,30,1,322,0.8374799489974976,1.4581525325775146
cifar10_00008_cat,6,20,1,322,0.5839540958404541,1.1939263343811035
cifar10_00008_cat,31,1,1,322,0.9649494886398315,1.2469983100891113
cifar10_00008_cat,11,26,1,322,0.49975472688674927,1.1833715438842773
cifar10_00008_cat,1,25,1,322,0.765759289264679,1.1288610696792603
cifar10_00008_cat,6,1,1,322,0.7056133151054382,0.7274372577667236
cifar10_00008_cat,13,3,1,322,0.7819589972496033,1.2209277153015137
cifar10_00008_cat,17,1,1,322,0.6280701160430908,1.312856912612915
cifar10_00008_cat,3,19,1,322,0.831243097782135,1.3622838258743286
cifar10_00008_cat,18,7,1,322,0.7789984941482544,1.2570723295211792
cifar10_00008_cat,7,29,1,322,0.7542986869812012,1.1547925472259521
cifar10_00008_cat,27,26,1,322,0.8810912370681763,1.1758791208267212
cifar10_00008_cat,24,29,1,322,0.7458016872406006,1.3397376537322998
cifar10_00008_cat,20,25,1,322,0.7621418237686157,1.1463541984558105
cifar10_00008_cat,26,6,1,322,0.7882446050643921,1.2445569038391113
cifar10_00008_cat,14,16,1,322,0.6861147880554199,1.234482765197754
cifar10_00008_cat,2,1,1,322,0.7513014674186707,1.235768437385559
cifar10_00008_cat,27,14,1,322,0.8750967979431152,1.3852741718292236
cifar10_00008_cat,7,16,1,322,0.8562765121459961,1.204857349395752
cifar10_00008_cat,19,5,1,322,0.4633793234825134,1.11146879196167
cifar10_00008_cat,17,0,1,322,0.6565762162208557,1.2361568212509155
cifar10_00008_cat,26,14,1,322,0.8180708885192871,1.3924341201782227
cifar10_00008_cat,30,5,1,322,0.8566838502883911,1.1093168258666992
cifar10_00008_cat,5,5,1,322,0.7598578929901123,1.1959033012390137
cifar10_00008_cat,2,13,1,322,0.9137488007545471,1.3226041793823242
cifar10_00008_cat,24,17,1,322,0.8658764362335205,1.1429290771484375
cifar10_00008_cat,5,20,1,322,0.9319228529930115,1.152053713798523
cifar10_00008_cat,9,19,1,322,0.43686091899871826,1.3028013706207275
cifar10_00008_cat,23,30,1,322,0.9837549924850464,1.3999223709106445
cifar10_00008_cat,22,19,1,322,0.8040817975997925,1.184476613998413
cifar10_00008_cat,28,19,1,322,0.8810314536094666,1.0913887023925781
cifar10_00008_cat,29,10,1,322,0.9744023084640503,1.3154171705245972
cifar10_00008_cat,25,22,1,322,0.9535590410232544,1.3062330484390259
cifar10_00008_cat,7,21,1,322,0.7941624522209167,1.2210805416107178
cifar10_00008_cat,25,24,1,322,0.855513870716095,1.2528820037841797
cifar10_00008_cat,16,3,1,322,0.7796437740325928,1.2682121992111206
cifar10_00008_cat,17,30,1,322,0.3243982195854187,1.3490452766418457
cifar10_00008_cat,2,8,1,322,0.834955096244812,1.06742525100708
cifar10_00008_cat,18,22,1,322,0.5852152109146118,1.3187179565429688
cifar10_00008_cat,2,9,1,322,0.7624388933181763,1.1710175275802612
cifar10_00008_cat,18,9,1,322,0.7732616066932678,1.3732553720474243
cifar10_00008_cat,9,21,1,322,0.776648223400116,1.2081060409545898
cifar10_00008_cat,0,0,1,322,0.6875239610671997,1.4018570184707642
cifar10_00008_cat,20,3,1,322,0.8076366782188416,1.1055841445922852
cifar10_00008_cat,29,0,1,322,0.7751995325088501,1.1640434265136719
cifar10_00008_cat,14,31,1,322,0.7792372703552246,1.061005711555481
cifar10_00008_cat,1,31,1,322,0.8886674642562866,1.2979843616485596
cifar10_00008_cat,22,17,1,322,0.9902485013008118,1.2187025547027588
cifar10_00008_cat,30,17,1,322,0.8622370362281799,1.2869071960449219
cifar10_00008_cat,22,7,1,322,0.9146002531051636,1.306124210357666
cifar10_00008_cat,22,28,1,322,0.8182893991470337,1.3063085079193115
cifar10_00008_cat,13,30,1,322,0.7658404111862183,1.401780128479004
cifar10_00008_cat,27,31,1,322,0.950687825679779,1.139939546585083
cifar10_00008_cat,28,8,1,322,0.9621058702468872,1.5818500518798828
cifar10_00008_cat,17,14,1,322,0.71207594871521,1.2079005241394043
cifar10_00008_cat,10,21,1,322,0.72917640209198,1.2271825075149536
cifar10_00008_cat,11,31,1,322,0.9156988263130188,1.2282263040542603
cifar10_00008_cat,13,20,1,322,1.035331130027771,1.3423888683319092
cifar10_00008_cat,3,22,1,322,0.6234855651855469,1.1740367412567139
cifar10_00008_cat,21,11,1,322,0.8782232999801636,1.2053204774856567
cifar10_00008_cat,8,5,1,322,0.7685579061508179,1.2058088779449463
cifar10_00008_cat,29,29,1,322,0.9049174785614014,1.2366423606872559
cifar10_00008_cat,11,11,1,322,0.7824822068214417,1.4425697326660156
cifar10_00008_cat,28,16,1,322,0.9109342694282532,1.2942190170288086
cifar10_00008_cat,8,22,1,322,0.8338832259178162,1.1321803331375122
cifar10_00008_cat,1,29,1,322,0.8905041217803955,1.2529882192611694
cifar10_00008_cat,28,30,1,322,0.9797682762145996,1.2988474369049072
cifar10_00008_cat,21,19,1,322,0.796944260597229,1.111224889755249
cifar10_00008_cat,15,11,1,322,0.894321084022522,1.285434603691101
cifar10_00008_cat,26,29,1,322,0.4594019055366516,1.3511854410171509
cifar10_00008_cat,20,14,1,322,0.7848373651504517,1.3073445558547974
cifar10_00008_cat,16,10,1,322,0.9063941240310669,1.2094488143920898
cifar10_00008_cat,13,27,1,322,0.19543929398059845,0.3111913204193115
cifar10_00008_cat,22,26,1,322,0.8783262968063354,1.3358511924743652
cifar10_00008_cat,25,12,1,322,0.7522953748703003,1.3493103981018066
cifar10_00008_cat,4,24,1,322,0.7771661877632141,1.1219319105148315
cifar10_00008_cat,9,29,1,322,0.6921533346176147,1.08207106590271
cifar10_00008_cat,12,29,1,322,0.66806960105896,1.2785086631774902
cifar10_00008_cat,16,1,1,322,0.8649590611457825,1.3205348253250122
cifar10_00008_cat,25,0,1,322,0.7222750186920166,1.1108180284500122
cifar10_00008_cat,5,8,1,322,0.718858003616333,1.3892942667007446
cifar10_00008_cat,24,14,1,322,0.9025675058364868,1.3719322681427002
cifar10_00008_cat,3,7,1,322,0.6765272617340088,1.40297269821167
cifar10_00008_cat,12,4,1,322,0.8177382946014404,1.1665265560150146
cifar10_00008_cat,24,26,1,322,0.5253360271453857,1.369748830795288
cifar10_00008_cat,16,21,1,322,0.6621170043945312,1.1581250429153442
cifar10_00008_cat,25,14,1,322,0.8347371816635132,1.4662448167800903
cifar10_00008_cat,23,2,1,322,0.7272146940231323,1.1217920780181885
cifar10_00008_cat,24,23,1,322,0.895930826663971,1.3978044986724854
cifar10_00008_cat,25,29,1,322,0.9179242849349976,1.4038935899734497
cifar10_00008_cat,3,6,1,322,0.9528402090072632,1.4426295757293701
cifar10_00008_cat,14,26,1,322,-0.30769985914230347,0.01709294319152832
cifar10_00008_cat,15,30,1,322,0.6614823341369629,1.1631121635437012
cifar10_00008_cat,3,12,1,322,0.8681816458702087,1.2661466598510742
cifar10_00008_cat,12,30,1,322,0.8220195770263672,1.0768226385116577
cifar10_00008_cat,13,29,1,322,0.9173516035079956,1.3816380500793457
cifar10_00008_cat,17,23,1,322,0.7714312672615051,1.1953619718551636
cifar10_00008_cat,15,9,1,322,0.9119315147399902,1.3244736194610596
cifar10_00008_cat,5,18,1,322,0.859099268913269,1.3771759271621704
cifar10_00008_cat,30,10,1,322,0.6154617071151733,1.3148658275604248
cifar10_00008_cat,19,25,1,322,0.8591490387916565,1.191741943359375
cifar10_00008_cat,21,7,1,322,0.7439959049224854,1.2765825986862183
cifar10_00008_cat,17,21,1,322,0.5160893201828003,1.1756882667541504
cifar10_00008_cat,17,19,1,322,0.9067175388336182,1.4130139350891113
cifar10_00008_cat,22,6,1,322,0.46992599964141846,1.2409403324127197
cifar10_00008_cat,27,13,1,322,0.7965141534805298,1.3376152515411377
cifar10_00008_cat,11,28,1,322,0.8677361607551575,1.1320759057998657
cifar10_00008_cat,26,17,1,322,0.8192188739776611,1.2231677770614624
cifar10_00008_cat,26,10,1,322,0.7367043495178223,1.371164321899414
cifar10_00008_cat,2,16,1,322,0.9517179727554321,0.9585904479026794
cifar10_00008_cat,12,0,1,322,0.6938984990119934,1.1080031394958496
cifar10_00008_cat,11,24,1,322,0.40076497197151184,1.0028246641159058
cifar10_00008_cat,26,8,1,322,0.8247886896133423,1.4764347076416016
cifar10_00008_cat,15,7,1,322,0.351117342710495,1.0296777486801147
cifar10_00008_cat,7,9,1,322,0.5138217210769653,1.2285720109939575
cifar10_00008_cat,19,30,1,322,0.7368526458740234,1.051547646522522
cifar10_00008_cat,9,24,1,322,0.750271201133728,1.1242914199829102
cifar10_00008_cat,14,3,1,322,0.7701671123504639,1.343142032623291
cifar10_00008_cat,17,22,1,322,0.8180578947067261,1.4497510194778442
cifar10_00008_cat,8,8,1,322,0.9299965500831604,1.3465015888214111
cifar10_00008_cat,15,26,1,322,-0.539078414440155,0.842540979385376
cifar10_00008_cat,22,31,1,322,0.7446964383125305,1.3125556707382202
cifar10_00009_automobile,27,3,0,321,0.9402578473091125,1.9247117042541504
cifar10_00009_automobile,23,24,0,321,1.0487065315246582,1.8942822217941284
cifar10_00009_automobile,13,3,0,321,0.9066166877746582,1.9215188026428223
cifar10_00009_automobile,6,7,0,321,0.8818523287773132,1.8102935552597046
cifar10_00009_automobile,13,2,0,321,0.9141112565994263,1.920590877532959
cifar10_00009_automobile,4,24,0,321,0.9514955282211304,1.926358699798584
cifar10_00009_automobile,23,11,0,321,0.882322371006012,1.7421636581420898
cifar10_00009_automobile,25,6,0,321,0.9290351867675781,1.8878583908081055
cifar10_00009_automobile,2,26,0,321,0.9977474808692932,1.9812102317810059
cifar10_00009_automobile,24,18,0,321,0.9805191159248352,1.863602638244629
cifar10_00009_automobile,29,26,0,321,0.7357254028320312,1.7510685920715332
cifar10_00009_automobile,30,20,0,321,1.035475254058838,1.893729567527771
cifar10_00009_automobile,13,0,0,321,0.9397428631782532,1.933414101600647
cifar10_00009_automobile,14,31,0,321,0.8856579661369324,1.899319052696228
cifar10_00009_automobile,1,11,0,321,0.9475840330123901,1.9024169445037842
cifar10_00009_automobile,27,11,0,321,0.6123877167701721,1.8312335014343262
cifar10_00009_automobile,22,7,0,321,0.9561265707015991,1.9108831882476807
cifar10_00009_automobile,29,8,0,321,0.9881621599197388,1.9301302433013916
cifar10_00009_automobile,1,1,0,321,0.8938493728637695,1.837045431137085
cifar10_00009_automobile,14,25,0,321,0.8524776101112366,1.9705404043197632
cifar10_00009_automobile,27,8,0,321,0.9486223459243774,1.9080002307891846
cifar10_00009_automobile,30,8,0,321,0.9785155653953552,1.8765071630477905
cifar10_00009_automobile,0,12,0,321,1.0297987461090088,1.9609569311141968
cifar10_00009_automobile,6,14,0,321,0.9179596900939941,1.8724932670593262
cifar10_00009_automobile,10,21,0,321,0.9817513823509216,1.955845832824707
cifar10_00009_automobile,2,27,0,321,0.9214958548545837,1.9073588848114014
cifar10_00009_automobile,23,14,0,321,0.9241625070571899,1.8905971050262451
cifar10_00009_automobile,3,2,0,321,0.9894272089004517,1.9839591979980469
cifar10_00009_automobile,10,3,0,321,0.9636442065238953,1.9964450597763062
cifar10_00009_automobile,4,28,0,321,0.8673194646835327,1.891464114189148
cifar10_00009_automobile,17,28,0,321,0.8760248422622681,1.9505263566970825
cifar10_00009_automobile,12,30,0,321,0.9053149223327637,1.9579823017120361
cifar10_00009_automobile,11,2,0,321,0.9891127943992615,1.9598052501678467
cifar10_00009_automobile,18,7,0,321,0.7125678062438965,1.9504988193511963
cifar10_00009_automobile,13,29,0,321,0.9643229842185974,2.0642738342285156
cifar10_00009_automobile,18,19,0,321,0.9882696866989136,1.8562688827514648
cifar10_00009_automobile,24,28,0,321,0.9031510949134827,1.8836686611175537
cifar10_00009_automobile,9,30,0,321,0.9315610527992249,1.942719578742981
cifar10_00009_automobile,6,28,0,321,0.9302147030830383,1.9913976192474365
cifar10_00009_automobile,30,7,0,321,0.9257864952087402,1.874080777168274
cifar10_00009_automobile,15,9,0,321,0.9042591452598572,1.93995201587677
cifar10_00009_automobile,1,16,0,321,0.8046504259109497,1.8645423650741577
cifar10_00009_automobile,7,22,0,321,0.8988949656486511,1.9112991094589233
cifar10_00009_automobile,26,14,0,321,0.9164011478424072,1.342702031135559
cifar10_00009_automobile,19,26,0,321,0.932188868522644,1.8819918632507324
cifar10_00009_automobile,4,17,0,321,0.8744311332702637,1.92525053024292
cifar10_00009_automobile,0,19,0,321,1.0164783000946045,1.8897500038146973
cifar10_00009_automobile,12,11,0,321,0.920970618724823,1.7900841236114502
cifar10_00009_automobile,3,8,0,321,0.8053090572357178,1.8560987710952759
cifar10_00009_automobile,16,28,0,321,0.8653808832168579,1.9793919324874878
cifar10_00009_automobile,1,21,0,321,1.0003671646118164,1.930929183959961
cifar10_00009_automobile,5,9,0,321,0.9731194972991943,1.8817529678344727
cifar10_00009_automobile,18,17,0,321,0.9665588140487671,1.874401569366455
cifar10_00009_automobile,13,4,0,321,1.0331274271011353,1.9548698663711548
cifar10_00009_automobile,22,10,0,321,0.9488524198532104,1.780667781829834
cifar10_00009_automobile,4,6,0,321,0.8657931089401245,1.9964659214019775
cifar10_00009_automobile,22,18,0,321,0.9828969836235046,1.8947694301605225
cifar10_00009_automobile,6,18,0,321,0.9690413475036621,1.8857612609863281
cifar10_00009_automobile,17,10,0,321,0.9188547730445862,1.8674606084823608
cifar10_00009_automobile,15,5,0,321,0.8890863656997681,1.9612371921539307
cifar10_00009_automobile,30,21,0,321,0.9574545621871948,1.7412577867507935
cifar10_00009_automobile,29,18,0,321,0.9113718867301941,1.912878155708313
cifar10_00009_automobile,13,7,0,321,1.0200340747833252,1.9160319566726685
cifar10_00009_automobile,11,10,0,321,1.0005629062652588,1.8846896886825562
cifar10_00009_automobile,25,28,0,321,0.9608395099639893,1.906886100769043
cifar10_00009_automobile,13,12,0,321,0.9376615285873413,1.8763269186019897
cifar10_00009_automobile,12,6,0,321,1.0578923225402832,1.8862464427947998
cifar10_00009_automobile,11,24,0,321,0.884314775466919,1.9365144968032837
cifar10_00009_automobile,4,11,0,321,0.9707071781158447,1.8202472925186157
cifar10_00009_automobile,23,22,0,321,0.8749139308929443,1.9038569927215576
cifar10_00009_automobile,4,14,0,321,0.8385335206985474,1.9749951362609863
cifar10_00009_automobile,6,24,0,321,0.9804241061210632,1.9072368144989014
cifar10_00009_automobile,25,4,0,321,0.9670639038085938,1.9299967288970947
cifar10_00009_automobile,11,28,0,321,0.9959737062454224,2.030017375946045
cifar10_00009_automobile,28,31,0,321,0.8918042182922363,1.954352855682373
cifar10_00009_automobile,5,0,0,321,0.9469887018203735,1.8119723796844482
cifar10_00009_automobile,0,26,0,321,1.0157508850097656,1.9518482685089111
cifar10_00009_automobile,29,25,0,321,0.964665412902832,1.6288398504257202
cifar10_00009_automobile,5,28,0,321,0.9648513197898865,1.944251537322998
cifar10_00009_automobile,19,31,0,321,0.854961633682251,2.1167526245117188
cifar10_00009_automobile,2,12,0,321,0.9166634678840637,1.8610875606536865
cifar10_00009_automobile,23,19,0,321,0.9682235717773438,2.035705327987671
cifar10_00009_automobile,20,4,0,321,0.9469780921936035,1.976218342781067
cifar10_00009_automobile,22,8,0,321,0.9211838245391846,1.859398603439331
cifar10_00009_automobile,18,25,0,321,1.0797810554504395,1.994903326034546
cifar10_00009_automobile,15,31,0,321,0.8764736652374268,2.037330150604248
cifar10_00009_automobile,22,26,0,321,0.7710456848144531,1.8568382263183594
cifar10_00009_automobile,29,12,0,321,0.9803210496902466,1.8285540342330933
cifar10_00009_automobile,30,10,0,321,1.002459168434143,1.8775913715362549
cifar10_00009_automobile,30,22,0,321,0.9011586308479309,1.9289177656173706
cifar10_00009_automobile,9,13,0,321,0.8658958673477173,1.9038029909133911
cifar10_00009_automobile,10,4,0,321,0.8837538361549377,1.9641515016555786
cifar10_00009_automobile,16,2,0,321,0.8784856200218201,1.980402946472168
cifar10_00009_automobile,11,18,0,321,0.9598440527915955,1.9259856939315796
cifar10_00009_automobile,19,29,0,321,0.8918904066085815,1.9047613143920898
cifar10_00009_automobile,17,22,0,321,0.9711947441101074,1.9554805755615234
cifar10_00009_automobile,18,28,0,321,0.9193336963653564,1.9839915037155151
cifar10_00009_automobile,11,19,0,321,0.9242983460426331,1.9076032638549805
cifar10_00009_automobile,20,22,0,321,0.9471679925918579,1.8473262786865234
cifar10_00009_automobile,16,6,0,321,0.9777431488037109,1.9334465265274048
cifar10_00009_automobile,3,6,0,321,0.9024273157119751,1.8947001695632935
cifar10_00009_automobile,2,29,0,321,0.8859750032424927,1.8567254543304443
cifar10_00009_automobile,29,1,0,321,0.9204850196838379,1.9163557291030884
cifar10_00009_automobile,0,9,0,321,1.0420825481414795,1.8980032205581665
cifar10_00009_automobile,24,31,0,321,0.8679035305976868,2.0000476837158203
cifar10_00009_automobile,12,27,0,321,0.990200400352478,1.9458389282226562
cifar10_00009_automobile,20,19,0,321,0.9435907602310181,1.9349663257598877
cifar10_00009_automobile,23,31,0,321,0.9182632565498352,2.1036932468414307
cifar10_00009_automobile,20,29,0,321,0.8495011329650879,1.9299087524414062
cifar10_00009_automobile,3,26,0,321,0.9565955996513367,1.921819806098938
cifar10_00009_automobile,30,30,0,321,0.9475432634353638,1.8601751327514648
cifar10_00009_automobile,1,19,0,321,1.0805888175964355,1.895460605621338
cifar10_00009_automobile,21,14,0,321,0.9880173206329346,1.7012901306152344
cifar10_00009_automobile,14,0,0,321,0.9750387668609619,1.9833544492721558
cifar10_00009_automobile,17,4,0,321,1.0278453826904297,2.0791614055633545
cifar10_00009_automobile,4,18,0,321,0.9484289884567261,1.9550740718841553
cifar10_00009_automobile,25,5,0,321,0.8660145401954651,1.8344706296920776
cifar10_00009_automobile,9,10,0,321,1.0249075889587402,1.8183531761169434
cifar10_00009_automobile,21,10,0,321,0.8788203001022339,1.857837200164795
cifar10_00009_automobile,17,19,0,321,0.8902186155319214,1.919785976409912
cifar10_00009_automobile,4,15,0,321,0.8535493612289429,2.0223848819732666
cifar10_00009_automobile,29,2,0,321,0.9238775372505188,1.8904374837875366
cifar10_00009_automobile,2,22,0,321,0.9198616147041321,1.8734300136566162
cifar10_00009_automobile,1,6,0,321,0.9219796061515808,1.9334537982940674
cifar10_00009_automobile,17,25,0,321,0.8968083262443542,1.8835654258728027
cifar10_00009_automobile,12,0,0,321,0.9290609955787659,1.9961986541748047
cifar10_00009_automobile,31,30,0,321,0.904469907283783,1.8278268575668335
cifar10_00009_automobile,25,22,0,321,0.7767081260681152,1.8831331729888916
cifar10_00009_automobile,27,3,1,322,0.9520927667617798,1.2278039455413818
cifar10_00009_automobile,23,24,1,322,0.714563250541687,1.122785210609436
cifar10_00009_automobile,13,3,1,322,0.88521409034729,1.3583647012710571
cifar10_00009_automobile,6,7,1,322,0.8584221005439758,1.0685946941375732
cifar10_00009_automobile,13,2,1,322,0.8331514596939087,1.2287427186965942
cifar10_00009_automobile,4,24,1,322,0.5300929546356201,1.1950095891952515
cifar10_00009_automobile,23,11,1,322,0.8001837730407715,1.3643159866333008
cifar10_00009_automobile,25,6,1,322,0.8369651436805725,1.598219871520996
cifar10_00009_automobile,2,26,1,322,0.848629355430603,1.2359180450439453
cifar10_00009_automobile,24,18,1,322,0.9670078754425049,1.565915584564209
cifar10_00009_automobile,29,26,1,322,0.734605073928833,0.9753923416137695
cifar10_00009_automobile,30,20,1,322,0.8970125317573547,1.5644797086715698
cifar10_00009_automobile,13,0,1,322,0.8353415131568909,1.1321609020233154
cifar10_00009_automobile,14,31,1,322,0.7259252667427063,1.083611011505127
cifar10_00009_automobile,1,11,1,322,0.8631376028060913,1.4851019382476807
cifar10_00009_automobile,27,11,1,322,0.8025507926940918,1.3211997747421265
cifar10_00009_automobile,22,7,1,322,0.6884139776229858,1.5937353372573853
cifar10_00009_automobile,29,8,1,322,0.9286572337150574,1.2546265125274658
cifar10_00009_automobile,1,1,1,322,0.8019704818725586,1.45161771774292
cifar10_00009_automobile,14,25,1,322,0.7730438709259033,1.2581655979156494
cifar10_00009_automobile,27,8,1,322,0.843468189239502,1.4748085737228394
cifar10_00009_automobile,30,8,1,322,0.7590535879135132,1.4191341400146484
cifar10_00009_automobile,0,12,1,322,0.9981769919395447,1.576136589050293
cifar10_00009_automobile,6,14,1,322,0.4720061421394348,1.4364426136016846
cifar10_00009_automobile,10,21,1,322,1.0181660652160645,1.354049801826477
cifar10_00009_automobile,2,27,1,322,0.8197717666625977,1.470337986946106
cifar10_00009_automobile,23,14,1,322,0.8569449782371521,1.1923242807388306
cifar10_00009_automobile,3,2,1,322,0.7566985487937927,0.7850821018218994
cifar10_00009_automobile,10,3,1,322,0.8249719738960266,1.1721299886703491
cifar10_00009_automobile,4,28,1,322,0.8110789060592651,1.1979165077209473
cifar10_00009_automobile,17,28,1,322,0.7702623605728149,1.2711918354034424
cifar10_00009_automobile,12,30,1,322,0.8804721832275391,0.9693862795829773
cifar10_00009_automobile,11,2,1,322,0.8355541229248047,0.7422454357147217
cifar10_00009_automobile,18,7,1,322,0.9178510904312134,1.2924375534057617
cifar10_00009_automobile,13,29,1,322,0.397269070148468,1.077284336090088
cifar10_00009_automobile,18,19,1,322,0.763538122177124,1.4012620449066162
cifar10_00009_automobile,24,28,1,322,0.810946524143219,1.5783330202102661
cifar10_00009_automobile,9,30,1,322,0.8150065541267395,1.3714237213134766
cifar10_00009_automobile,6,28,1,322,0.9190113544464111,1.4333685636520386
cifar10_00009_automobile,30,7,1,322,0.8360003232955933,1.2679412364959717
cifar10_00009_automobile,15,9,1,322,0.9467084407806396,1.4020694494247437
cifar10_00009_automobile,1,16,1,322,1.0671634674072266,1.4809709787368774
cifar10_00009_automobile,7,22,1,322,0.6798392534255981,1.38267183303833
cifar10_00009_automobile,26,14,1,322,0.8495749235153198,1.2846813201904297
cifar10_00009_automobile,19,26,1,322,0.8998545408248901,1.5508426427841187
cifar10_00009_automobile,4,17,1,322,0.7083395719528198,1.1771306991577148
cifar10_00009_automobile,0,19,1,322,0.9940848350524902,1.6085360050201416
cifar10_00009_automobile,12,11,1,322,0.9353716969490051,1.5717471837997437
cifar10_00009_automobile,3,8,1,322,0.6616795063018799,1.296401858329773
cifar10_00009_automobile,16,28,1,322,0.7673662900924683,1.1926915645599365
cifar10_00009_automobile,1,21,1,322,0.931330144405365,1.450028657913208
cifar10_00009_automobile,5,9,1,322,0.9132305383682251,1.4991906881332397
cifar10_00009_automobile,18,17,1,322,0.7657432556152344,1.5915260314941406
cifar10_00009_automobile,13,4,1,322,0.872998833656311,1.233102798461914
cifar10_00009_automobile,22,10,1,322,0.8448891639709473,1.581173062324524
cifar10_00009_automobile,4,6,1,322,0.8069032430648804,1.288719654083252
cifar10_00009_automobile,22,18,1,322,0.6753462553024292,1.2252204418182373
cifar10_00009_automobile,6,18,1,322,0.8148753643035889,1.3598217964172363
cifar10_00009_automobile,17,10,1,322,0.7460833787918091,1.325377106666565
cifar10_00009_automobile,15,5,1,322,0.48271244764328003,1.2221143245697021
cifar10_00009_automobile,30,21,1,322,0.7441397905349731,1.0995814800262451
cifar10_00009_automobile,29,18,1,322,0.872978687286377,1.5016096830368042
cifar10_00009_automobile,13,7,1,322,0.9093373417854309,1.084690809249878
cifar10_00009_automobile,11,10,1,322,0.8025093078613281,1.1594865322113037
cifar10_00009_automobile,25,28,1,322,0.8393017053604126,1.5320054292678833
cifar10_00009_automobile,13,12,1,322,0.9864145517349243,1.396730899810791
cifar10_00009_automobile,12,6,1,322,0.9435691833496094,1.1268320083618164
cifar10_00009_automobile,11,24,1,322,0.649729311466217,1.4328155517578125
cifar10_00009_automobile,4,11,1,322,1.1082175970077515,1.3123040199279785
cifar10_00009_automobile,23,22,1,322,0.8259217739105225,1.3144453763961792
cifar10_00009_automobile,4,14,1,322,0.939052164554596,1.379738211631775
cifar10_00009_automobile,6,24,1,322,0.7836313247680664,1.0992980003356934
cifar10_00009_automobile,25,4,1,322,0.8163342475891113,1.0053657293319702
cifar10_00009_automobile,11,28,1,322,0.8434020280838013,1.21756911277771
cifar10_00009_automobile,28,31,1,322,0.4349735379219055,1.5156834125518799
cifar10_00009_automobile,5,0,1,322,0.35480797290802,0.9681248664855957
cifar10_00009_automobile,0,26,1,322,1.0087132453918457,1.5585873126983643
cifar10_00009_automobile,29,25,1,322,0.9124666452407837,1.2434391975402832
cifar10_00009_automobile,5,28,1,322,0.9967631697654724,1.2465293407440186
cifar10_00009_automobile,19,31,1,322,0.7558801174163818,1.2359901666641235
cifar10_00009_automobile,2,12,1,322,0.9586489200592041,1.2892379760742188
cifar10_00009_automobile,23,19,1,322,0.9081716537475586,1.5390870571136475
cifar10_00009_automobile,20,4,1,322,0.9306312799453735,1.2522119283676147
cifar10_00009_automobile,22,8,1,322,0.8508952856063843,1.485360026359558
cifar10_00009_automobile,18,25,1,322,0.44419634342193604,1.1976279020309448
cifar10_00009_automobile,15,31,1,322,0.8312969207763672,1.3474268913269043
cifar10_00009_automobile,22,26,1,322,0.7868244051933289,1.3819975852966309
cifar10_00009_automobile,29,12,1,322,0.7763190269470215,1.1630570888519287
cifar10_00009_automobile,30,10,1,322,0.8953496217727661,1.4573686122894287
cifar10_00009_automobile,30,22,1,322,0.9513149261474609,1.7042971849441528
cifar10_00009_automobile,9,13,1,322,0.8832380771636963,1.2126898765563965
cifar10_00009_automobile,10,4,1,322,0.8010938167572021,1.3859093189239502
cifar10_00009_automobile,16,2,1,322,0.7735483646392822,1.4446732997894287
cifar10_00009_automobile,11,18,1,322,0.8279540538787842,0.9527754187583923
cifar10_00009_automobile,19,29,1,322,0.6286666989326477,1.5390753746032715
cifar10_00009_automobile,17,22,1,322,0.828823447227478,1.3087632656097412
cifar10_00009_automobile,18,28,1,322,0.9619770646095276,1.1613948345184326
cifar10_00009_automobile,11,19,1,322,0.8474340438842773,1.3252583742141724
cifar10_00009_automobile,20,22,1,322,0.7546728849411011,1.4335005283355713
cifar10_00009_automobile,16,6,1,322,0.7879550457000732,1.2474852800369263
cifar10_00009_automobile,3,6,1,322,0.7540251016616821,1.213151454925537
cifar10_00009_automobile,2,29,1,322,0.8516982197761536,1.3787928819656372
cifar10_00009_automobile,29,1,1,322,0.9708828926086426,1.2654587030410767
cifar10_00009_automobile,0,9,1,322,1.084211826324463,1.4980360269546509
cifar10_00009_automobile,24,31,1,322,0.4173477292060852,1.5355278253555298
cifar10_00009_automobile,12,27,1,322,0.8367313146591187,1.380666732788086
cifar10_00009_automobile,20,19,1,322,0.9507877826690674,1.4788089990615845
cifar10_00009_automobile,23,31,1,322,0.6878404021263123,1.4245595932006836
cifar10_00009_automobile,20,29,1,322,0.7526907920837402,1.1119195222854614
cifar10_00009_automobile,3,26,1,322,0.8766539096832275,0.8912227153778076
cifar10_00009_automobile,30,30,1,322,0.6508516073226929,1.4736582040786743
cifar10_00009_automobile,1,19,1,322,0.7428793907165527,1.1770334243774414
cifar10_00009_automobile,21,14,1,322,0.9394310116767883,1.2149205207824707
cifar10_00009_automobile,14,0,1,322,0.776298999786377,1.5253627300262451
cifar10_00009_automobile,17,4,1,322,0.6889238357543945,0.9503158330917358
cifar10_00009_automobile,4,18,1,322,0.7671422958374023,1.515570878982544
cifar10_00009_automobile,25,5,1,322,0.7922267317771912,1.5443376302719116
cifar10_00009_automobile,9,10,1,322,0.9622606635093689,1.6813912391662598
cifar10_00009_automobile,21,10,1,322,0.8776944875717163,1.4474730491638184
cifar10_00009_automobile,17,19,1,322,0.883056640625,1.4737242460250854
cifar10_00009_automobile,4,15,1,322,0.7964801788330078,1.296274185180664
cifar10_00009_automobile,29,2,1,322,0.8445779085159302,1.1432944536209106
cifar10_00009_automobile,2,22,1,322,0.9204864501953125,1.1678563356399536
cifar10_00009_automobile,1,6,1,322,0.8991091847419739,1.3849822282791138
cifar10_00009_automobile,17,25,1,322,0.8378483057022095,1.3951631784439087
cifar10_00009_automobile,12,0,1,322,0.47315514087677,1.2850338220596313
cifar10_00009_automobile,31,30,1,322,0.8002986907958984,1.6158084869384766
cifar10_00009_automobile,25,22,1,322,0.7542520761489868,1.5395324230194092
cifar10_00010_airplane,11,29,0,321,0.863357424736023,1.8579142093658447
cifar10_00010_airplane,18,5,0,321,0.9283082485198975,1.8121027946472168
cifar10_00010_airplane,4,7,0,321,0.8427952527999878,1.876593828201294
cifar10_00010_airplane,8,26,0,321,0.8355308771133423,1.947012186050415
cifar10_00010_airplane,18,7,0,321,0.8981896042823792,1.9814393520355225
cifar10_00010_airplane,26,2,0,321,0.8282375335693359,1.8535608053207397
cifar10_00010_airplane,3,10,0,321,0.8402671813964844,1.9127285480499268
cifar10_00010_airplane,9,18,0,321,0.8105274438858032,1.9206008911132812
cifar10_00010_airplane,26,7,0,321,0.8422006964683533,1.820290446281433
cifar10_00010_airplane,5,7,0,321,0.8633538484573364,1.8975449800491333
cifar10_00010_airplane,4,22,0,321,0.8650206327438354,1.8738441467285156
cifar10_00010_airplane,21,12,0,321,1.4333257675170898,1.9020578861236572
cifar10_00010_airplane,25,5,0,321,0.8568912744522095,1.8224332332611084
cifar10_00010_airplane,1,16,0,321,0.9054811000823975,1.8601895570755005
cifar10_00010_airplane,12,25,0,321,0.9145488739013672,1.9659466743469238
cifar10_00010_airplane,5,4,0,321,0.8669629693031311,1.9193071126937866
cifar10_00010_airplane,29,15,0,321,0.8942219614982605,1.7558434009552002
cifar10_00010_airplane,14,3,0,321,0.957247257232666,1.8265783786773682
cifar10_00010_airplane,21,22,0,321,1.0404183864593506,1.9809696674346924
cifar10_00010_airplane,10,20,0,321,0.8269799947738647,1.5922857522964478
cifar10_00010_airplane,26,19,0,321,0.9287745952606201,1.851991891860962
cifar10_00010_airplane,11,8,0,321,0.882303774356842,1.868093729019165
cifar10_00010_airplane,20,12,0,321,1.1026890277862549,1.9118444919586182
cifar10_00010_airplane,5,25,0,321,0.8718724250793457,1.9530093669891357
cifar10_00010_airplane,4,29,0,321,0.8694766759872437,1.8195068836212158
cifar10_00010_airplane,1,20,0,321,0.9544398784637451,1.8209469318389893
cifar10_00010_airplane,2,4,0,321,0.8990763425827026,1.8636740446090698
cifar10_00010_airplane,28,12,0,321,0.930067777633667,1.7593071460723877
cifar10_00010_airplane,6,9,0,321,0.7570635080337524,1.898191213607788
cifar10_00010_airplane,26,12,0,321,0.9407522678375244,1.9394923448562622
cifar10_00010_airplane,0,21,0,321,0.9831705093383789,1.8787109851837158
cifar10_00010_airplane,13,17,0,321,0.8978443145751953,1.8809311389923096
cifar10_00010_airplane,15,1,0,321,0.9357824325561523,1.7433830499649048
cifar10_00010_airplane,15,10,0,321,0.9263975620269775,1.896272897720337
cifar10_00010_airplane,22,8,0,321,0.9145092964172363,1.874617338180542
cifar10_00010_airplane,14,23,0,321,0.9237085580825806,1.8955307006835938
cifar10_00010_airplane,2,24,0,321,0.8610643744468689,1.8585054874420166
cifar10_00010_airplane,9,5,0,321,0.9406007528305054,1.9106758832931519
cifar10_00010_airplane,29,9,0,321,0.9729932546615601,1.7939889430999756
cifar10_00010_airplane,29,23,0,321,0.9517033696174622,1.9201005697250366
cifar10_00010_airplane,8,16,0,321,0.8579431772232056,1.8561688661575317
cifar10_00010_airplane,8,10,0,321,0.7136222124099731,1.8952275514602661
cifar10_00010_airplane,31,0,0,321,0.8941711187362671,1.6189513206481934
cifar10_00010_airplane,5,14,0,321,0.9581940174102783,1.8577371835708618
cifar10_00010_airplane,3,24,0,321,0.9013060927391052,1.9648395776748657
cifar10_00010_airplane,20,11,0,321,0.8455082774162292,1.9321367740631104
cifar10_00010_airplane,3,19,0,321,0.8874908685684204,1.8458325862884521
cifar10_00010_airplane,28,3,0,321,0.7747321724891663,1.7831435203552246
cifar10_00010_airplane,15,26,0,321,1.031954050064087,1.9104464054107666
cifar10_00010_airplane,1,6,0,321,0.9484152793884277,1.7686984539031982
cifar10_00010_airplane,17,22,0,321,0.964431881904602,1.9045114517211914
cifar10_00010_airplane,25,23,0,321,0.8592008352279663,1.7940973043441772
cifar10_00010_airplane,5,12,0,321,0.7506462335586548,1.8869950771331787
cifar10_00010_airplane,5,6,0,321,0.9082598686218262,1.890967607498169
cifar10_00010_airplane,11,30,0,321,0.9488508701324463,1.7877126932144165
cifar10_00010_airplane,28,26,0,321,0.8557217121124268,1.8537405729293823
cifar10_00010_airplane,30,20,0,321,0.8283519148826599,1.8950821161270142
cifar10_00010_airplane,14,20,0,321,0.8973210453987122,1.9190807342529297
cifar10_00010_airplane,28,13,0,321,0.8670629262924194,1.9807629585266113
cifar10_00010_airplane,27,9,0,321,0.9874324798583984,1.8149157762527466
cifar10_00010_airplane,2,3,0,321,0.8347368836402893,1.814351201057434
cifar10_00010_airplane,4,26,0,321,0.8932710886001587,1.87941575050354
cifar10_00010_airplane,26,9,0,321,0.9826285243034363,1.7361582517623901
cifar10_00010_airplane,8,22,0,321,0.9282814264297485,1.7685778141021729
cifar10_00010_airplane,27,21,0,321,0.903274655342102,1.8289756774902344
cifar10_00010_airplane,30,9,0,321,0.9399294257164001,1.8491395711898804
cifar10_00010_airplane,9,13,0,321,0.778749942779541,1.8670209646224976
cifar10_00010_airplane,27,11,0,321,0.8723908066749573,1.8967485427856445
cifar10_00010_airplane,28,14,0,321,0.887715220451355,1.83573317527771
cifar10_00010_airplane,14,22,0,321,0.9270033240318298,1.8730815649032593
cifar10_00010_airplane,19,1,0,321,0.8709746599197388,1.8292365074157715
cifar10_00010_airplane,4,5,0,321,0.8927962183952332,1.9112266302108765
cifar10_00010_airplane,2,8,0,321,0.8271817564964294,1.8693389892578125
cifar10_00010_airplane,17,17,0,321,1.0099796056747437,1.8447144031524658
cifar10_00010_airplane,9,28,0,321,0.8850239515304565,1.9196819067001343
cifar10_00010_airplane,26,17,0,321,0.9277952909469604,1.8823084831237793
cifar10_00010_airplane,25,31,0,321,0.9304991364479065,2.0086843967437744
cifar10_00010_airplane,11,20,0,321,0.9599511623382568,1.691456913948059
cifar10_00010_airplane,8,7,0,321,0.7411457300186157,1.8686610460281372
cifar10_00010_airplane,22,3,0,321,0.8557210564613342,1.8846887350082397
cifar10_00010_airplane,29,22,0,321,0.7792882919311523,1.8057544231414795
cifar10_00010_airplane,24,7,0,321,0.8951096534729004,1.8393254280090332
cifar10_00010_airplane,18,27,0,321,0.9836570024490356,1.8621025085449219
cifar10_00010_airplane,7,4,0,321,0.7689749598503113,1.9414145946502686
cifar10_00010_airplane,18,20,0,321,0.9904447793960571,1.8645890951156616
cifar10_00010_airplane,17,16,0,321,0.9367128610610962,1.8061199188232422
cifar10_00010_airplane,22,5,0,321,0.7953402996063232,1.8566681146621704
cifar10_00010_airplane,21,27,0,321,0.8809455037117004,1.836297631263733
cifar10_00010_airplane,5,31,0,321,0.9001451730728149,1.847710132598877
cifar10_00010_airplane,29,7,0,321,0.8892685174942017,1.826831340789795
cifar10_00010_airplane,16,26,0,321,0.9108691215515137,1.835582971572876
cifar10_00010_airplane,12,11,0,321,0.9037407040596008,1.8433136940002441
cifar10_00010_airplane,31,24,0,321,0.8783054351806641,1.744653344154358
cifar10_00010_airplane,5,23,0,321,0.9089914560317993,1.7808361053466797
cifar10_00010_airplane,16,4,0,321,0.9200138449668884,1.9245851039886475
cifar10_00010_airplane,14,18,0,321,0.9168697595596313,1.7876307964324951
cifar10_00010_airplane,27,17,0,321,0.9035453796386719,1.8764055967330933
cifar10_00010_airplane,3,22,0,321,0.8958165645599365,1.8128328323364258
cifar10_00010_airplane,3,1,0,321,0.8105802536010742,1.7210773229599
cifar10_00010_airplane,21,4,0,321,0.9334973692893982,1.8335918188095093
cifar10_00010_airplane,18,10,0,321,0.8954272270202637,1.884106159210205
cifar10_00010_airplane,31,21,0,321,0.8511925339698792,1.783233880996704
cifar10_00010_airplane,5,8,0,321,0.8009486198425293,1.8889315128326416
cifar10_00010_airplane,16,25,0,321,0.8980802297592163,1.8101422786712646
cifar10_00010_airplane,9,30,0,321,0.9214943647384644,1.8122626543045044
cifar10_00010_airplane,3,15,0,321,0.8658570647239685,1.7769155502319336
cifar10_00010_airplane,6,19,0,321,0.9415954351425171,1.7800753116607666
cifar10_00010_airplane,23,24,0,321,0.9002870321273804,1.842695713043213
cifar10_00010_airplane,27,5,0,321,0.935967206954956,1.8513622283935547
cifar10_00010_airplane,19,4,0,321,0.8713682889938354,1.813878059387207
cifar10_00010_airplane,8,9,0,321,0.7647337317466736,1.8945980072021484
cifar10_00010_airplane,13,26,0,321,0.9412930607795715,1.9698021411895752
cifar10_00010_airplane,13,18,0,321,0.9303678274154663,1.7973159551620483
cifar10_00010_airplane,7,12,0,321,0.8931756615638733,1.8850750923156738
cifar10_00010_airplane,17,1,0,321,1.747983694076538,1.8869428634643555
cifar10_00010_airplane,13,1,0,321,0.8399513959884644,1.7964084148406982
cifar10_00010_airplane,5,9,0,321,0.7748005390167236,1.9671001434326172
cifar10_00010_airplane,23,17,0,321,0.964391827583313,1.9028348922729492
cifar10_00010_airplane,30,21,0,321,0.8575458526611328,1.8304662704467773
cifar10_00010_airplane,12,31,0,321,0.9291656017303467,1.959489107131958
cifar10_00010_airplane,3,13,0,321,0.8887933492660522,1.9072630405426025
cifar10_00010_airplane,5,10,0,321,0.834372878074646,1.8984397649765015
cifar10_00010_airplane,17,3,0,321,0.9660005569458008,1.9362651109695435
cifar10_00010_airplane,5,0,0,321,0.8913440704345703,1.669050693511963
cifar10_00010_airplane,13,7,0,321,0.9219115972518921,1.9103418588638306
cifar10_00010_airplane,26,28,0,321,0.8787256479263306,1.982224464416504
cifar10_00010_airplane,4,3,0,321,0.7970911860466003,1.7909047603607178
cifar10_00010_airplane,28,19,0,321,0.7229651808738708,1.8421132564544678
cifar10_00010_airplane,11,29,1,322,0.69193434715271,1.4214526414871216
cifar10_00010_airplane,18,5,1,322,0.41340625286102295,1.3243705034255981
cifar10_00010_airplane,4,7,1,322,0.6438583135604858,1.2030363082885742
cifar10_00010_airplane,8,26,1,322,0.8220149874687195,1.3128139972686768
cifar10_00010_airplane,18,7,1,322,0.7867715358734131,0.9907832145690918
cifar10_00010_airplane,26,2,1,322,0.8230929374694824,1.4211766719818115
cifar10_00010_airplane,3,10,1,322,0.8534096479415894,1.1989763975143433
cifar10_00010_airplane,9,18,1,322,0.3156220316886902,0.3745861053466797
cifar10_00010_airplane,26,7,1,322,0.7225556373596191,1.1572281122207642
cifar10_00010_airplane,5,7,1,322,0.7862629294395447,1.1105977296829224
cifar10_00010_airplane,4,22,1,322,0.6247271299362183,1.369629979133606
cifar10_00010_airplane,21,12,1,322,0.8089157342910767,1.410001277923584
cifar10_00010_airplane,25,5,1,322,0.8425849676132202,1.2304013967514038
cifar10_00010_airplane,1,16,1,322,0.8625267744064331,1.2648967504501343
cifar10_00010_airplane,12,25,1,322,0.6051256656646729,1.4179470539093018
cifar10_00010_airplane,5,4,1,322,0.8785680532455444,1.1167136430740356
cifar10_00010_airplane,29,15,1,322,0.7862832546234131,1.2858402729034424
cifar10_00010_airplane,14,3,1,322,0.6901434659957886,1.0647581815719604
cifar10_00010_airplane,21,22,1,322,0.4460424780845642,1.006036400794983
cifar10_00010_airplane,10,20,1,322,0.399356871843338,1.596534013748169
cifar10_00010_airplane,26,19,1,322,0.43004918098449707,1.348250150680542
cifar10_00010_airplane,11,8,1,322,0.8413295149803162,1.2507188320159912
cifar10_00010_airplane,20,12,1,322,0.28020232915878296,1.2360470294952393
cifar10_00010_airplane,5,25,1,322,0.7413890957832336,1.4017618894577026
cifar10_00010_airplane,4,29,1,322,0.7844460010528564,1.4297425746917725
cifar10_00010_airplane,1,20,1,322,0.41223257780075073,1.3900506496429443
cifar10_00010_airplane,2,4,1,322,0.914966344833374,1.4364427328109741
cifar10_00010_airplane,28,12,1,322,0.16592401266098022,1.6784839630126953
cifar10_00010_airplane,6,9,1,322,0.7960803508758545,0.8748126029968262
cifar10_00010_airplane,26,12,1,322,0.36112654209136963,1.4219582080841064
cifar10_00010_airplane,0,21,1,322,0.9347388744354248,1.3966587781906128
cifar10_00010_airplane,13,17,1,322,0.6003411412239075,1.0847506523132324
cifar10_00010_airplane,15,1,1,322,0.6244057416915894,1.5440150499343872
cifar10_00010_airplane,15,10,1,322,0.16604189574718475,1.3934273719787598
cifar10_00010_airplane,22,8,1,322,0.8467854857444763,1.1268421411514282
cifar10_00010_airplane,14,23,1,322,0.9507057070732117,1.2216777801513672
cifar10_00010_airplane,2,24,1,322,0.49240702390670776,1.226149082183838
cifar10_00010_airplane,9,5,1,322,0.9189167022705078,1.298536777496338
cifar10_00010_airplane,29,9,1,322,0.7557128667831421,1.2886266708374023
cifar10_00010_airplane,29,23,1,322,0.8961131572723389,1.1910344362258911
cifar10_00010_airplane,8,16,1,322,0.9231550693511963,1.4422736167907715
cifar10_00010_airplane,8,10,1,322,0.8216670751571655,0.9934595823287964
cifar10_00010_airplane,31,0,1,322,0.941726803779602,1.5377832651138306
cifar10_00010_airplane,5,14,1,322,0.7704361081123352,1.2261836528778076
cifar10_00010_airplane,3,24,1,322,0.6813092231750488,1.2012605667114258
cifar10_00010_airplane,20,11,1,322,0.5655344128608704,1.4723339080810547
cifar10_00010_airplane,3,19,1,322,0.616743266582489,1.373213529586792
cifar10_00010_airplane,28,3,1,322,0.8464410305023193,1.3433917760849
cifar10_00010_airplane,15,26,1,322,0.35909709334373474,1.2827774286270142
cifar10_00010_airplane,1,6,1,322,0.8524281978607178,1.3124366998672485
cifar10_00010_airplane,17,22,1,322,0.6329455375671387,1.1238205432891846
cifar10_00010_airplane,25,23,1,322,0.7916667461395264,1.3702129125595093
cifar10_00010_airplane,5,12,1,322,0.7621475458145142,0.9032627940177917
cifar10_00010_airplane,5,6,1,322,0.8207235336303711,1.2752801179885864
cifar10_00010_airplane,11,30,1,322,0.7946137189865112,1.3213826417922974
cifar10_00010_airplane,28,26,1,322,0.8432469367980957,1.2240958213806152
cifar10_00010_airplane,30,20,1,322,0.9033651947975159,1.265647292137146
cifar10_00010_airplane,14,20,1,322,0.20125342905521393,1.5001097917556763
cifar10_00010_airplane,28,13,1,322,0.6968080997467041,1.5017732381820679
cifar10_00010_airplane,27,9,1,322,0.7269222736358643,1.3688654899597168
cifar10_00010_airplane,2,3,1,322,0.8964495062828064,1.221129059791565
cifar10_00010_airplane,4,26,1,322,0.6397001147270203,1.3158117532730103
cifar10_00010_airplane,26,9,1,322,0.75455641746521,1.4320684671401978
cifar10_00010_airplane,8,22,1,322,0.7917060852050781,1.3161523342132568
cifar10_00010_airplane,27,21,1,322,0.8829526901245117,1.6620490550994873
cifar10_00010_airplane,30,9,1,322,0.996784508228302,1.3188598155975342
cifar10_00010_airplane,9,13,1,322,0.9150105714797974,1.1652275323867798
cifar10_00010_airplane,27,11,1,322,0.5782015323638916,1.4225863218307495
cifar10_00010_airplane,28,14,1,322,0.807457685470581,1.4564497470855713
cifar10_00010_airplane,14,22,1,322,0.7426344156265259,1.5080249309539795
cifar10_00010_airplane,19,1,1,322,0.9474080801010132,1.3232223987579346
cifar10_00010_airplane,4,5,1,322,0.9675607085227966,1.364393711090088
cifar10_00010_airplane,2,8,1,322,0.6201905012130737,1.2671881914138794
cifar10_00010_airplane,17,17,1,322,0.3728336691856384,1.2052230834960938
cifar10_00010_airplane,9,28,1,322,0.13117966055870056,1.1843328475952148
cifar10_00010_airplane,26,17,1,322,0.8536614179611206,1.2853606939315796
cifar10_00010_airplane,25,31,1,322,0.8982288837432861,1.203438401222229
cifar10_00010_airplane,11,20,1,322,0.5773379802703857,1.474210500717163
cifar10_00010_airplane,8,7,1,322,0.7653064727783203,1.1913337707519531
cifar10_00010_airplane,22,3,1,322,0.8034663200378418,1.0933752059936523
cifar10_00010_airplane,29,22,1,322,0.7440724968910217,1.075689673423767
cifar10_00010_airplane,24,7,1,322,0.7641316652297974,1.2205642461776733
cifar10_00010_airplane,18,27,1,322,0.7704520225524902,1.592130184173584
cifar10_00010_airplane,7,4,1,322,0.7145129442214966,1.1557804346084595
cifar10_00010_airplane,18,20,1,322,0.711889922618866,1.063067078590393
cifar10_00010_airplane,17,16,1,322,0.4904695749282837,1.2337491512298584
cifar10_00010_airplane,22,5,1,322,0.7884275913238525,1.1556661128997803
cifar10_00010_airplane,21,27,1,322,0.8927534222602844,1.2465462684631348
cifar10_00010_airplane,5,31,1,322,0.8804363012313843,1.3274269104003906
cifar10_00010_airplane,29,7,1,322,0.7892541885375977,1.1425139904022217
cifar10_00010_airplane,16,26,1,322,0.8828178644180298,1.5303090810775757
cifar10_00010_airplane,12,11,1,322,0.6463230848312378,1.544734001159668
cifar10_00010_airplane,31,24,1,322,0.8402057886123657,1.2537097930908203
cifar10_00010_airplane,5,23,1,322,0.1627608835697174,1.3760850429534912
cifar10_00010_airplane,16,4,1,322,0.4109704792499542,1.2731400728225708
cifar10_00010_airplane,14,18,1,322,0.7885102033615112,1.4268848896026611
cifar10_00010_airplane,27,17,1,322,0.7588133811950684,1.2054495811462402
cifar10_00010_airplane,3,22,1,322,0.6276063919067383,1.2753902673721313
cifar10_00010_airplane,3,1,1,322,0.9269430041313171,1.5916658639907837
cifar10_00010_airplane,21,4,1,322,0.9384370446205139,1.2729960680007935
cifar10_00010_airplane,18,10,1,322,0.3341439366340637,1.3837532997131348
cifar10_00010_airplane,31,21,1,322,0.8644524216651917,1.3677303791046143
cifar10_00010_airplane,5,8,1,322,0.8141093254089355,0.9696844220161438
cifar10_00010_airplane,16,25,1,322,0.7575154900550842,1.428428053855896
cifar10_00010_airplane,9,30,1,322,0.8488274812698364,1.442534327507019
cifar10_00010_airplane,3,15,1,322,0.6631092429161072,1.0892384052276611
cifar10_00010_airplane,6,19,1,322,0.7052953243255615,1.2442052364349365
cifar10_00010_airplane,23,24,1,322,0.8426568508148193,1.2494049072265625
cifar10_00010_airplane,27,5,1,322,0.857689380645752,1.2708263397216797
cifar10_00010_airplane,19,4,1,322,0.6269000768661499,1.4963040351867676
cifar10_00010_airplane,8,9,1,322,0.8252063393592834,1.061272144317627
cifar10_00010_airplane,13,26,1,322,0.733954131603241,1.3947770595550537
cifar10_00010_airplane,13,18,1,322,0.3158043920993805,1.4889212846755981
cifar10_00010_airplane,7,12,1,322,0.8472902774810791,1.2269452810287476
cifar10_00010_airplane,17,1,1,322,0.41401392221450806,1.4952422380447388
cifar10_00010_airplane,13,1,1,322,0.8039239048957825,1.5836894512176514
cifar10_00010_airplane,5,9,1,322,0.8884038925170898,1.2021427154541016
cifar10_00010_airplane,23,17,1,322,0.7633163928985596,1.3284624814987183
cifar10_00010_airplane,30,21,1,322,0.8297285437583923,1.1457600593566895
cifar10_00010_airplane,12,31,1,322,0.9703712463378906,1.0644149780273438
cifar10_00010_airplane,3,13,1,322,0.8132255673408508,1.245168685913086
cifar10_00010_airplane,5,10,1,322,0.8664866089820862,0.7780895829200745
cifar10_00010_airplane,17,3,1,322,0.26111555099487305,1.3537209033966064
cifar10_00010_airplane,5,0,1,322,0.7927626967430115,1.3884305953979492
cifar10_00010_airplane,13,7,1,322,0.5514946579933167,1.324366569519043
cifar10_00010_airplane,26,28,1,322,0.7750200629234314,0.8437134623527527
cifar10_00010_airplane,4,3,1,322,0.8433735966682434,1.1225502490997314
cifar10_00010_airplane,28,19,1,322,0.840579628944397,1.178473949432373
cifar10_00011_truck,19,18,0,321,0.9654978513717651,1.7680913209915161
cifar10_00011_truck,14,31,0,321,0.9855250120162964,1.6052067279815674
cifar10_00011_truck,9,19,0,321,0.897922158241272,1.946042776107788
cifar10_00011_truck,10,21,0,321,1.0995421409606934,1.7809463739395142
cifar10_00011_truck,4,25,0,321,0.98711097240448,1.816616415977478
cifar10_00011_truck,28,6,0,321,0.9813717603683472,1.5916316509246826
cifar10_00011_truck,18,6,0,321,0.9919371604919434,1.7435111999511719
cifar10_00011_truck,0,25,0,321,1.0142717361450195,1.9101083278656006
cifar10_00011_truck,22,19,0,321,0.938927412033081,1.6574708223342896
cifar10_00011_truck,1,0,0,321,0.9896214008331299,1.7588133811950684
cifar10_00011_truck,8,10,0,321,0.933480441570282,1.981016993522644
cifar10_00011_truck,21,25,0,321,0.9926306009292603,1.8350032567977905
cifar10_00011_truck,20,17,0,321,0.9255103468894958,1.86784029006958
cifar10_00011_truck,24,0,0,321,0.965748131275177,1.8564987182617188
cifar10_00011_truck,11,24,0,321,0.9107953310012817,1.760335922241211
cifar10_00011_truck,16,16,0,321,0.9023029804229736,1.8681124448776245
cifar10_00011_truck,27,20,0,321,0.985554575920105,1.640690803527832
cifar10_00011_truck,17,21,0,321,1.000688910484314,1.6725236177444458
cifar10_00011_truck,27,23,0,321,0.7947499752044678,1.3219878673553467
cifar10_00011_truck,13,28,0,321,0.9648758769035339,1.8636963367462158
cifar10_00011_truck,12,25,0,321,0.7928810715675354,1.753469467163086
cifar10_00011_truck,9,9,0,321,0.8808419704437256,1.8212065696716309
cifar10_00011_truck,19,22,0,321,0.9956798553466797,1.8331060409545898
cifar10_00011_truck,21,30,0,321,0.9799243807792664,1.6204206943511963
cifar10_00011_truck,1,26,0,321,0.9997884035110474,1.8957782983779907
cifar10_00011_truck,4,5,0,321,0.9478563666343689,1.7912909984588623
cifar10_00011_truck,26,10,0,321,0.9857227206230164,1.0193285942077637
cifar10_00011_truck,21,24,0,321,0.9175454378128052,1.6789957284927368
cifar10_00011_truck,28,25,0,321,0.8721061944961548,1.2351207733154297
cifar10_00011_truck,6,26,0,321,0.9711335301399231,1.4446980953216553
cifar10_00011_truck,14,19,0,321,1.00262451171875,1.893129587173462
cifar10_00011_truck,11,28,0,321,0.9792786240577698,1.668344259262085
cifar10_00011_truck,11,20,0,321,1.0131806135177612,1.7921956777572632
cifar10_00011_truck,2,5,0,321,0.9679192304611206,1.8961181640625
cifar10_00011_truck,8,9,0,321,0.9755030274391174,1.9154284000396729
cifar10_00011_truck,23,9,0,321,0.9053783416748047,1.3215912580490112
cifar10_00011_truck,22,22,0,321,1.03190016746521,1.6066608428955078
cifar10_00011_truck,0,13,0,321,0.832166314125061,1.6676348447799683
cifar10_00011_truck,23,31,0,321,0.931486964225769,1.6487401723861694
cifar10_00011_truck,22,15,0,321,0.8419042825698853,1.6719759702682495
cifar10_00011_truck,14,12,0,321,0.8741166591644287,1.9153629541397095
cifar10_00011_truck,22,27,0,321,0.9355049133300781,1.6588311195373535
cifar10_00011_truck,4,7,0,321,0.96043461561203,1.7781158685684204
cifar10_00011_truck,5,30,0,321,0.9590073823928833,1.7265703678131104
cifar10_00011_truck,0,29,0,321,0.98127681016922,1.7938259840011597
cifar10_00011_truck,4,15,0,321,1.008435845375061,1.8048347234725952
cifar10_00011_truck,9,20,0,321,0.9172641038894653,1.84048330783844
cifar10_00011_truck,19,24,0,321,1.0229655504226685,1.6941465139389038
cifar10_00011_truck,6,2,0,321,0.9674367308616638,1.7323391437530518
cifar10_00011_truck,29,15,0,321,0.9951852560043335,1.604670524597168
cifar10_00011_truck,15,16,0,321,0.9469687342643738,1.818056344985962
cifar10_00011_truck,2,14,0,321,1.0181732177734375,1.908439040184021
cifar10_00011_truck,27,30,0,321,1.02046799659729,1.8336689472198486
cifar10_00011_truck,9,8,0,321,0.9423389434814453,1.80967378616333
cifar10_00011_truck,6,30,0,321,0.9536974430084229,1.6692479848861694
cifar10_00011_truck,18,24,0,321,1.0672366619110107,1.9060673713684082
cifar10_00011_truck,31,20,0,321,0.996468186378479,1.5237305164337158
cifar10_00011_truck,24,20,0,321,0.9932578802108765,1.7330315113067627
cifar10_00011_truck,5,17,0,321,0.902717113494873,1.7537105083465576
cifar10_00011_truck,14,11,0,321,0.7881677746772766,1.8641161918640137
cifar10_00011_truck,3,14,0,321,0.9094067811965942,1.8619859218597412
cifar10_00011_truck,23,6,0,321,0.9688572883605957,1.625375509262085
cifar10_00011_truck,9,6,0,321,1.0210702419281006,1.9309380054473877
cifar10_00011_truck,3,21,0,321,0.9042587876319885,2.018463373184204
cifar10_00011_truck,24,13,0,321,0.9700488448143005,1.3123433589935303
cifar10_00011_truck,26,12,0,321,0.9766992926597595,1.2167140245437622
cifar10_00011_truck,23,20,0,321,1.0088262557983398,1.7028883695602417
cifar10_00011_truck,19,1,0,321,0.9578787088394165,1.7426104545593262
cifar10_00011_truck,17,23,0,321,1.0047309398651123,1.853041410446167
cifar10_00011_truck,0,4,0,321,0.9238042831420898,1.986832857131958
cifar10_00011_truck,9,21,0,321,0.9402305483818054,1.8217253684997559
cifar10_00011_truck,2,8,0,321,0.9717727303504944,1.8694208860397339
cifar10_00011_truck,8,16,0,321,0.9632625579833984,1.8010677099227905
cifar10_00011_truck,23,10,0,321,1.0038305521011353,1.0179717540740967
cifar10_00011_truck,9,18,0,321,0.9478743672370911,1.9001193046569824
cifar10_00011_truck,28,14,0,321,0.8755899667739868,1.6715682744979858
cifar10_00011_truck,23,14,0,321,0.850620448589325,1.3835716247558594
cifar10_00011_truck,25,18,0,321,0.9729233980178833,1.4818342924118042
cifar10_00011_truck,22,1,0,321,0.9353371262550354,1.606196641921997
cifar10_00011_truck,20,24,0,321,0.8316153883934021,1.7663334608078003
cifar10_00011_truck,25,15,0,321,0.9675196409225464,1.7047741413116455
cifar10_00011_truck,19,20,0,321,1.020902156829834,1.7418407201766968
cifar10_00011_truck,14,10,0,321,0.9074957966804504,1.570814847946167
cifar10_00011_truck,10,22,0,321,1.0791785717010498,1.7254012823104858
cifar10_00011_truck,10,20,0,321,1.0157135725021362,1.8695435523986816
cifar10_00011_truck,30,24,0,321,0.9625189304351807,1.434959053993225
cifar10_00011_truck,3,31,0,321,0.9154289960861206,1.9506490230560303
cifar10_00011_truck,12,15,0,321,0.9029614329338074,1.7986066341400146
cifar10_00011_truck,15,30,0,321,0.9461365342140198,1.1753501892089844
cifar10_00011_truck,14,3,0,321,0.824893593788147,1.831817388534546
cifar10_00011_truck,31,6,0,321,0.9302194714546204,1.8303741216659546
cifar10_00011_truck,17,18,0,321,1.0240274667739868,1.7941665649414062
cifar10_00011_truck,7,14,0,321,0.933495283126831,1.98984694480896
cifar10_00011_truck,17,29,0,321,0.8744940757751465,1.6072298288345337
cifar10_00011_truck,25,24,0,321,0.8999418020248413,1.31891667842865
cifar10_00011_truck,5,25,0,321,0.9787161350250244,1.7079405784606934
cifar10_00011_truck,7,2,0,321,0.9850691556930542,1.697502613067627
cifar10_00011_truck,7,0,0,321,0.9102033376693726,1.6684370040893555
cifar10_00011_truck,31,18,0,321,0.9664822816848755,1.5547772645950317
cifar10_00011_truck,15,19,0,321,0.9626067280769348,1.7879998683929443
cifar10_00011_truck,18,31,0,321,0.9419594407081604,1.5996654033660889
cifar10_00011_truck,21,7,0,321,0.9307478666305542,1.5661249160766602
cifar10_00011_truck,22,28,0,321,0.950425922870636,1.5824553966522217
cifar10_00011_truck,24,29,0,321,0.917335569858551,1.646831750869751
cifar10_00011_truck,1,24,0,321,0.9198869466781616,1.8712674379348755
cifar10_00011_truck,29,12,0,321,0.979179859161377,1.3602635860443115
cifar10_00011_truck,23,26,0,321,0.9381207227706909,1.7467892169952393
cifar10_00011_truck,15,13,0,321,0.9307767152786255,1.7984826564788818
cifar10_00011_truck,17,28,0,321,0.8995727896690369,1.5766642093658447
cifar10_00011_truck,22,24,0,321,0.9184691905975342,1.7645165920257568
cifar10_00011_truck,3,17,0,321,1.0109835863113403,1.8507781028747559
cifar10_00011_truck,11,26,0,321,1.0529929399490356,1.9666807651519775
cifar10_00011_truck,31,29,0,321,0.9952300786972046,1.8483657836914062
cifar10_00011_truck,7,12,0,321,0.812549352645874,1.7669756412506104
cifar10_00011_truck,16,10,0,321,0.887320876121521,1.380527377128601
cifar10_00011_truck,9,15,0,321,1.0110520124435425,1.7450504302978516
cifar10_00011_truck,18,14,0,321,0.8593837022781372,1.848833441734314
cifar10_00011_truck,21,31,0,321,0.922372579574585,1.5563727617263794
cifar10_00011_truck,31,12,0,321,1.024385929107666,1.7338776588439941
cifar10_00011_truck,20,1,0,321,0.9371686577796936,1.771146297454834
cifar10_00011_truck,25,21,0,321,1.0033068656921387,1.4980438947677612
cifar10_00011_truck,21,16,0,321,0.9895253777503967,1.7189843654632568
cifar10_00011_truck,22,20,0,321,1.0017664432525635,1.7158695459365845
cifar10_00011_truck,28,17,0,321,0.929615318775177,1.5950629711151123
cifar10_00011_truck,18,27,0,321,0.9713776111602783,1.703826665878296
cifar10_00011_truck,3,4,0,321,1.0245888233184814,1.8581815958023071
cifar10_00011_truck,31,9,0,321,0.9434330463409424,1.8041993379592896
cifar10_00011_truck,13,16,0,321,1.001279592514038,1.7545160055160522
cifar10_00011_truck,19,18,1,322,0.858641505241394,1.4811114072799683
cifar10_00011_truck,14,31,1,322,0.6900608539581299,1.1100642681121826
cifar10_00011_truck,9,19,1,322,0.8867732286453247,1.1468791961669922
cifar10_00011_truck,10,21,1,322,0.7325000762939453,1.5624685287475586
cifar10_00011_truck,4,25,1,322,0.7795257568359375,1.2027324438095093
cifar10_00011_truck,28,6,1,322,0.9012787342071533,1.2312921285629272
cifar10_00011_truck,18,6,1,322,0.8512974977493286,1.3915306329727173
cifar10_00011_truck,0,25,1,322,0.6470145583152771,0.8837757110595703
cifar10_00011_truck,22,19,1,322,0.6233885288238525,1.118320345878601
cifar10_00011_truck,1,0,1,322,0.4154033064842224,0.3452455997467041
cifar10_00011_truck,8,10,1,322,0.6353789567947388,1.4019396305084229
cifar10_00011_truck,21,25,1,322,0.7699798941612244,1.291528344154358
cifar10_00011_truck,20,17,1,322,0.9670279622077942,1.453447937965393
cifar10_00011_truck,24,0,1,322,0.7834949493408203,1.3338650465011597
cifar10_00011_truck,11,24,1,322,1.0862482786178589,1.3101876974105835
cifar10_00011_truck,16,16,1,322,0.8682346343994141,1.4422392845153809
cifar10_00011_truck,27,20,1,322,0.6937370300292969,1.5663199424743652
cifar10_00011_truck,17,21,1,322,0.7008063793182373,1.128638744354248
cifar10_00011_truck,27,23,1,322,0.7482942342758179,0.46037614345550537
cifar10_00011_truck,13,28,1,322,0.610084056854248,1.2440190315246582
cifar10_00011_truck,12,25,1,322,0.730435848236084,1.4528828859329224
cifar10_00011_truck,9,9,1,322,0.9315038323402405,1.5336942672729492
cifar10_00011_truck,19,22,1,322,0.234416201710701,1.3463085889816284
cifar10_00011_truck,21,30,1,322,0.8004927635192871,1.494162917137146
cifar10_00011_truck,1,26,1,322,0.913622260093689,1.6937265396118164
cifar10_00011_truck,4,5,1,322,0.8686701655387878,1.3939441442489624
cifar10_00011_truck,26,10,1,322,0.9580479860305786,1.0859172344207764
cifar10_00011_truck,21,24,1,322,0.8923403024673462,1.4513579607009888
cifar10_00011_truck,28,25,1,322,0.908323347568512,1.0421907901763916
cifar10_00011_truck,6,26,1,322,0.5163314342498779,1.3035873174667358
cifar10_00011_truck,14,19,1,322,0.85878986120224,1.2650059461593628
cifar10_00011_truck,11,28,1,322,0.7884867787361145,1.232306957244873
cifar10_00011_truck,11,20,1,322,0.5638667941093445,1.4563957452774048
cifar10_00011_truck,2,5,1,322,0.8168652057647705,1.5924516916275024
cifar10_00011_truck,8,9,1,322,0.8512024879455566,1.29680335521698
cifar10_00011_truck,23,9,1,322,0.7955712080001831,1.2107032537460327
cifar10_00011_truck,22,22,1,322,0.5814908742904663,1.3677479028701782
cifar10_00011_truck,0,13,1,322,0.6441606283187866,0.7224526405334473
cifar10_00011_truck,23,31,1,322,0.8508545160293579,0.9276367425918579
cifar10_00011_truck,22,15,1,322,0.9796024560928345,1.0442256927490234
cifar10_00011_truck,14,12,1,322,0.7329527139663696,1.176246166229248
cifar10_00011_truck,22,27,1,322,0.8997926712036133,1.4803097248077393
cifar10_00011_truck,4,7,1,322,0.8497836589813232,1.494741439819336
cifar10_00011_truck,5,30,1,322,0.3524884581565857,1.4051297903060913
cifar10_00011_truck,0,29,1,322,0.832808256149292,0.7029260396957397
cifar10_00011_truck,4,15,1,322,0.8122923970222473,1.1007604598999023
cifar10_00011_truck,9,20,1,322,0.968855619430542,1.3886456489562988
cifar10_00011_truck,19,24,1,322,0.6955991387367249,1.4403430223464966
cifar10_00011_truck,6,2,1,322,0.7244060635566711,1.3300447463989258
cifar10_00011_truck,29,15,1,322,0.893061637878418,0.9986265897750854
cifar10_00011_truck,15,16,1,322,0.7374720573425293,1.2853844165802002
cifar10_00011_truck,2,14,1,322,0.9053969383239746,0.9181699156761169
cifar10_00011_truck,27,30,1,322,0.8091177940368652,1.2364214658737183
cifar10_00011_truck,9,8,1,322,0.7187747955322266,1.374545931816101
cifar10_00011_truck,6,30,1,322,0.7400856614112854,1.6070594787597656
cifar10_00011_truck,18,24,1,322,0.9029479026794434,1.5261757373809814
cifar10_00011_truck,31,20,1,322,0.9065760970115662,1.162647008895874
cifar10_00011_truck,24,20,1,322,0.747611403465271,0.6373953819274902
cifar10_00011_truck,5,17,1,322,0.8073267936706543,1.4048409461975098
cifar10_00011_truck,14,11,1,322,0.5824475884437561,1.6048967838287354
cifar10_00011_truck,3,14,1,322,0.9489274024963379,2.0857696533203125
cifar10_00011_truck,23,6,1,322,0.8952319025993347,1.3608522415161133
cifar10_00011_truck,9,6,1,322,0.8832756876945496,1.273228406906128
cifar10_00011_truck,3,21,1,322,0.5899479985237122,1.4718869924545288
cifar10_00011_truck,24,13,1,322,0.8483547568321228,1.0739778280258179
cifar10_00011_truck,26,12,1,322,0.9309712648391724,1.1236602067947388
cifar10_00011_truck,23,20,1,322,0.8419374227523804,0.5939359664916992
cifar10_00011_truck,19,1,1,322,0.46335840225219727,1.4217196702957153
cifar10_00011_truck,17,23,1,322,1.0108076333999634,1.566117525100708
cifar10_00011_truck,0,4,1,322,0.9145399928092957,1.0445938110351562
cifar10_00011_truck,9,21,1,322,0.7533102631568909,1.467022180557251
cifar10_00011_truck,2,8,1,322,0.6027578711509705,1.257228136062622
cifar10_00011_truck,8,16,1,322,0.7399522066116333,1.2799137830734253
cifar10_00011_truck,23,10,1,322,0.942234218120575,1.1743942499160767
cifar10_00011_truck,9,18,1,322,0.8858382105827332,1.5010004043579102
cifar10_00011_truck,28,14,1,322,0.6857749223709106,1.3535151481628418
cifar10_00011_truck,23,14,1,322,0.8915218114852905,1.0898044109344482
cifar10_00011_truck,25,18,1,322,0.6591370105743408,1.2266327142715454
cifar10_00011_truck,22,1,1,322,0.6881277561187744,1.3328113555908203
cifar10_00011_truck,20,24,1,322,0.8155640363693237,1.5620516538619995
cifar10_00011_truck,25,15,1,322,0.9387903213500977,1.5239797830581665
cifar10_00011_truck,19,20,1,322,0.8098528385162354,1.5122441053390503
cifar10_00011_truck,14,10,1,322,0.6577298045158386,1.241723656654358
cifar10_00011_truck,10,22,1,322,0.82485032081604,0.8932019472122192
cifar10_00011_truck,10,20,1,322,0.9339413642883301,1.4328781366348267
cifar10_00011_truck,30,24,1,322,0.7308984994888306,0.9393206238746643
cifar10_00011_truck,3,31,1,322,0.9825497269630432,1.0493202209472656
cifar10_00011_truck,12,15,1,322,0.7091684341430664,1.349216341972351
cifar10_00011_truck,15,30,1,322,0.8753321170806885,0.8829197883605957
cifar10_00011_truck,14,3,1,322,0.7034003734588623,1.4435282945632935
cifar10_00011_truck,31,6,1,322,0.5269362330436707,1.636208415031433
cifar10_00011_truck,17,18,1,322,0.891115128993988,1.2983863353729248
cifar10_00011_truck,7,14,1,322,0.7784990072250366,0.9056614637374878
cifar10_00011_truck,17,29,1,322,0.702928900718689,1.2946709394454956
cifar10_00011_truck,25,24,1,322,0.8106880187988281,0.9951450824737549
cifar10_00011_truck,5,25,1,322,0.8304951190948486,1.0498368740081787
cifar10_00011_truck,7,2,1,322,0.557625412940979,1.1079882383346558
cifar10_00011_truck,7,0,1,322,1.0013779401779175,1.3352253437042236
cifar10_00011_truck,31,18,1,322,0.826408326625824,1.0518672466278076
cifar10_00011_truck,15,19,1,322,0.8572909832000732,1.109851360321045
cifar10_00011_truck,18,31,1,322,0.7564787864685059,1.198671579360962
cifar10_00011_truck,21,7,1,322,0.8464432954788208,1.0947870016098022
cifar10_00011_truck,22,28,1,322,0.8149030208587646,0.977028489112854
cifar10_00011_truck,24,29,1,322,0.7686439752578735,1.3112030029296875
cifar10_00011_truck,1,24,1,322,0.9210115075111389,1.0353962182998657
cifar10_00011_truck,29,12,1,322,0.8036978244781494,1.1847825050354004
cifar10_00011_truck,23,26,1,322,0.7997007369995117,1.5152816772460938
cifar10_00011_truck,15,13,1,322,0.4797350764274597,1.3301074504852295
cifar10_00011_truck,17,28,1,322,0.6366918087005615,1.1540335416793823
cifar10_00011_truck,22,24,1,322,0.8094086647033691,1.4396334886550903
cifar10_00011_truck,3,17,1,322,0.9532530903816223,1.5509884357452393
cifar10_00011_truck,11,26,1,322,0.889907956123352,1.3880043029785156
cifar10_00011_truck,31,29,1,322,0.9400783181190491,1.4676109552383423
cifar10_00011_truck,7,12,1,322,0.6589650511741638,1.5630664825439453
cifar10_00011_truck,16,10,1,322,0.6950483918190002,1.4690656661987305
cifar10_00011_truck,9,15,1,322,0.9226680397987366,1.305311679840088
cifar10_00011_truck,18,14,1,322,0.8752010464668274,1.5162039995193481
cifar10_00011_truck,21,31,1,322,1.0423773527145386,1.299312949180603
cifar10_00011_truck,31,12,1,322,0.742438018321991,1.6400666236877441
cifar10_00011_truck,20,1,1,322,0.8538427352905273,1.454833745956421
cifar10_00011_truck,25,21,1,322,0.9113023281097412,1.2143832445144653
cifar10_00011_truck,21,16,1,322,0.7829300165176392,1.3413188457489014
cifar10_00011_truck,22,20,1,322,0.845305860042572,0.9584085941314697
cifar10_00011_truck,28,17,1,322,1.0168571472167969,1.251582145690918
cifar10_00011_truck,18,27,1,322,0.5527150630950928,1.59337317943573
cifar10_00011_truck,3,4,1,322,0.6801426410675049,1.0736545324325562
cifar10_00011_truck,31,9,1,322,0.6510285139083862,1.5739214420318604
cifar10_00011_truck,13,16,1,322,0.8616188764572144,1.3913540840148926
cifar10_00012_dog,12,28,0,321,0.8335287570953369,1.186801791191101
cifar10_00012_dog,16,16,0,321,0.9632319211959839,1.7587473392486572
cifar10_00012_dog,0,6,0,321,0.9304774403572083,1.662650465965271
cifar10_00012_dog,21,15,0,321,0.9291782975196838,1.352734923362732
cifar10_00012_dog,15,22,0,321,0.9256616234779358,1.7072564363479614
cifar10_00012_dog,18,31,0,321,0.9466959238052368,1.5297249555587769
cifar10_00012_dog,14,26,0,321,0.9749487042427063,1.9547457695007324
cifar10_00012_dog,7,31,0,321,0.965109646320343,0.8477782011032104
cifar10_00012_dog,5,31,0,321,0.9538296461105347,0.4530907869338989
cifar10_00012_dog,20,26,0,321,0.8834320306777954,1.655897617340088
cifar10_00012_dog,7,22,0,321,0.9295415282249451,1.0169774293899536
cifar10_00012_dog,28,7,0,321,0.9569386839866638,1.6313230991363525
cifar10_00012_dog,19,24,0,321,0.9145431518554688,1.8419225215911865
cifar10_00012_dog,2,25,0,321,0.9207445979118347,1.0388774871826172
cifar10_00012_dog,30,12,0,321,0.9070481657981873,1.6872849464416504
cifar10_00012_dog,28,27,0,321,0.9485295414924622,1.8348400592803955
cifar10_00012_dog,27,9,0,321,1.759918212890625,1.7035174369812012
cifar10_00012_dog,9,26,0,321,0.9417899250984192,0.8724775910377502
cifar10_00012_dog,26,15,0,321,0.8893062472343445,1.540352463722229
cifar10_00012_dog,4,13,0,321,0.9542482495307922,1.5213017463684082
cifar10_00012_dog,20,13,0,321,0.816770613193512,1.7715532779693604
cifar10_00012_dog,30,10,0,321,0.9617346525192261,1.6923832893371582
cifar10_00012_dog,23,29,0,321,0.9436126947402954,1.6876263618469238
cifar10_00012_dog,11,1,0,321,0.8887097835540771,1.5981048345565796
cifar10_00012_dog,20,16,0,321,0.9323747158050537,1.576162338256836
cifar10_00012_dog,10,27,0,321,0.8617597818374634,1.0299882888793945
cifar10_00012_dog,30,2,0,321,1.003047227859497,1.5944950580596924
cifar10_00012_dog,21,25,0,321,0.9018124341964722,1.8780577182769775
cifar10_00012_dog,4,14,0,321,0.9215251207351685,1.4391177892684937
cifar10_00012_dog,10,30,0,321,0.950758159160614,1.0385515689849854
cifar10_00012_dog,0,13,0,321,0.8579516410827637,1.330688238143921
cifar10_00012_dog,17,29,0,321,0.8851472735404968,1.4353302717208862
cifar10_00012_dog,6,4,0,321,0.9197919368743896,0.9426001310348511
cifar10_00012_dog,28,23,0,321,0.8621690273284912,1.6196118593215942
cifar10_00012_dog,5,7,0,321,0.9024050235748291,0.6537686586380005
cifar10_00012_dog,26,31,0,321,0.8650147318840027,1.6627380847930908
cifar10_00012_dog,20,23,0,321,0.9979509115219116,1.71384596824646
cifar10_00012_dog,14,6,0,321,0.863456130027771,1.6142950057983398
cifar10_00012_dog,3,17,0,321,0.9501978754997253,1.210240364074707
cifar10_00012_dog,4,20,0,321,0.9421418309211731,1.1364426612854004
cifar10_00012_dog,20,31,0,321,0.9104316234588623,1.680377721786499
cifar10_00012_dog,24,31,0,321,0.9987000226974487,1.7635717391967773
cifar10_00012_dog,24,30,0,321,0.9467018842697144,1.6749249696731567
cifar10_00012_dog,13,23,0,321,0.8665531873703003,1.8292713165283203
cifar10_00012_dog,7,7,0,321,0.9259065985679626,0.6949775815010071
cifar10_00012_dog,30,31,0,321,0.9821783900260925,1.803982138633728
cifar10_00012_dog,8,16,0,321,0.967614471912384,1.4047037363052368
cifar10_00012_dog,25,17,0,321,0.9327316284179688,1.3938050270080566
cifar10_00012_dog,23,11,0,321,0.7565060257911682,1.7018576860427856
cifar10_00012_dog,3,21,0,321,0.862385630607605,0.9987537860870361
cifar10_00012_dog,28,24,0,321,0.9062422513961792,1.81611967086792
cifar10_00012_dog,16,15,0,321,1.5136945247650146,1.5828039646148682
cifar10_00012_dog,14,29,0,321,0.8870918154716492,1.7603791952133179
cifar10_00012_dog,21,9,0,321,1.3843059539794922,1.565453052520752
cifar10_00012_dog,12,10,0,321,0.9090829491615295,1.966353178024292
cifar10_00012_dog,26,16,0,321,0.8779629468917847,1.4811198711395264
cifar10_00012_dog,0,23,0,321,0.9164906144142151,1.3673943281173706
cifar10_00012_dog,7,10,0,321,0.9210731983184814,0.7481570243835449
cifar10_00012_dog,20,29,0,321,0.9712071418762207,1.7030351161956787
cifar10_00012_dog,27,0,0,321,0.8768645524978638,1.50275719165802
cifar10_00012_dog,30,26,0,321,1.0209393501281738,1.9469144344329834
cifar10_00012_dog,11,4,0,321,0.8806233406066895,1.6333023309707642
cifar10_00012_dog,28,3,0,321,0.9416472911834717,1.5487852096557617
cifar10_00012_dog,1,22,0,321,0.8839138150215149,1.1874332427978516
cifar10_00012_dog,25,25,0,321,0.8283081650733948,1.6638199090957642
cifar10_00012_dog,0,1,0,321,0.9145187735557556,1.5976673364639282
cifar10_00012_dog,25,30,0,321,0.913102924823761,1.6771376132965088
cifar10_00012_dog,9,20,0,321,0.8942744135856628,1.3965227603912354
cifar10_00012_dog,24,25,0,321,0.9438333511352539,1.5832433700561523
cifar10_00012_dog,29,5,0,321,0.9237988591194153,1.5937873125076294
cifar10_00012_dog,20,11,0,321,0.9014121294021606,1.9139466285705566
cifar10_00012_dog,21,18,0,321,0.9451665878295898,1.454392433166504
cifar10_00012_dog,26,5,0,321,0.9087612628936768,1.4561457633972168
cifar10_00012_dog,4,29,0,321,0.9394232034683228,0.594727635383606
cifar10_00012_dog,16,0,0,321,0.898193895816803,1.884960651397705
cifar10_00012_dog,10,20,0,321,1.0144239664077759,1.615882158279419
cifar10_00012_dog,28,22,0,321,0.9578819870948792,1.5928051471710205
cifar10_00012_dog,2,12,0,321,0.9549047350883484,1.5066349506378174
cifar10_00012_dog,23,26,0,321,0.8817819356918335,1.8742986917495728
cifar10_00012_dog,12,13,0,321,0.9478915333747864,1.7650097608566284
cifar10_00012_dog,8,20,0,321,0.9741978645324707,1.1996769905090332
cifar10_00012_dog,21,27,0,321,0.9173514246940613,1.5378825664520264
cifar10_00012_dog,0,10,0,321,0.9948043823242188,1.562439203262329
cifar10_00012_dog,8,26,0,321,0.8994887471199036,0.8511077165603638
cifar10_00012_dog,29,24,0,321,0.9449159502983093,1.6363226175308228
cifar10_00012_dog,8,13,0,321,0.8776025772094727,1.3350377082824707
cifar10_00012_dog,12,30,0,321,0.9118368625640869,1.193244457244873
cifar10_00012_dog,10,9,0,321,1.127915620803833,0.8835528492927551
cifar10_00012_dog,5,2,0,321,0.9185687303543091,1.04990553855896
cifar10_00012_dog,4,24,0,321,0.9106110334396362,0.9322532415390015
cifar10_00012_dog,29,22,0,321,0.9094714522361755,1.6569297313690186
cifar10_00012_dog,1,19,0,321,0.9789236783981323,1.256584644317627
cifar10_00012_dog,26,7,0,321,0.9487966895103455,1.5656107664108276
cifar10_00012_dog,13,22,0,321,0.9113368988037109,1.7157737016677856
cifar10_00012_dog,8,19,0,321,0.9349985122680664,1.2988203763961792
cifar10_00012_dog,4,2,0,321,0.9140871167182922,1.2125427722930908
cifar10_00012_dog,12,31,0,321,0.9143821001052856,1.4207197427749634
cifar10_00012_dog,13,30,0,321,0.9196019172668457,1.6140687465667725
cifar10_00012_dog,24,22,0,321,0.8694053888320923,1.4596928358078003
cifar10_00012_dog,19,8,0,321,0.9259262681007385,1.5536999702453613
cifar10_00012_dog,23,23,0,321,0.951876163482666,1.7080211639404297
cifar10_00012_dog,30,18,0,321,0.9529242515563965,1.6368745565414429
cifar10_00012_dog,22,10,0,321,1.4390602111816406,1.6713171005249023
cifar10_00012_dog,5,13,0,321,0.9732558727264404,1.4905720949172974
cifar10_00012_dog,11,19,0,321,1.504632830619812,1.8288848400115967
cifar10_00012_dog,28,31,0,321,0.9906505346298218,1.6816661357879639
cifar10_00012_dog,21,23,0,321,0.9608030915260315,1.769545078277588
cifar10_00012_dog,26,13,0,321,0.957269012928009,1.572648286819458
cifar10_00012_dog,27,27,0,321,0.8965340852737427,1.5789523124694824
cifar10_00012_dog,23,18,0,321,0.8617908358573914,1.019485354423523
cifar10_00012_dog,7,18,0,321,0.8677507638931274,1.4248321056365967
cifar10_00012_dog,17,4,0,321,0.9161543846130371,0.9468702077865601
cifar10_00012_dog,29,4,0,321,0.8954883813858032,1.5969772338867188
cifar10_00012_dog,10,6,0,321,0.9254516363143921,1.1612187623977661
cifar10_00012_dog,10,7,0,321,0.8581215739250183,1.074297308921814
cifar10_00012_dog,4,18,0,321,0.8665270805358887,1.3669698238372803
cifar10_00012_dog,17,13,0,321,0.8746470212936401,1.39387845993042
cifar10_00012_dog,6,17,0,321,0.985183596611023,1.3698890209197998
cifar10_00012_dog,16,2,0,321,0.8785644769668579,1.4840551614761353
cifar10_00012_dog,30,8,0,321,0.8391919136047363,1.6198644638061523
cifar10_00012_dog,3,12,0,321,0.9086254835128784,1.350946307182312
cifar10_00012_dog,9,28,0,321,0.8791528940200806,0.9728540182113647
cifar10_00012_dog,16,3,0,321,0.9408495426177979,1.1292040348052979
cifar10_00012_dog,0,27,0,321,0.9839024543762207,1.004246711730957
cifar10_00012_dog,2,27,0,321,0.8958569169044495,0.9831550717353821
cifar10_00012_dog,25,24,0,321,0.846024751663208,1.6844220161437988
cifar10_00012_dog,28,1,0,321,0.974526584148407,1.6072815656661987
cifar10_00012_dog,13,28,0,321,1.860160231590271,1.5764076709747314
cifar10_00012_dog,12,28,1,322,0.5348465442657471,0.7305600643157959
cifar10_00012_dog,16,16,1,322,0.12424764782190323,1.3317853212356567
cifar10_00012_dog,0,6,1,322,0.8489363193511963,1.1064214706420898
cifar10_00012_dog,21,15,1,322,0.7934767007827759,1.323668122291565
cifar10_00012_dog,15,22,1,322,0.7797927856445312,1.3917347192764282
cifar10_00012_dog,18,31,1,322,0.8105837106704712,1.0065853595733643
cifar10_00012_dog,14,26,1,322,0.09695176780223846,0.9080536365509033
cifar10_00012_dog,7,31,1,322,0.8820403218269348,0.46753472089767456
cifar10_00012_dog,5,31,1,322,0.8028041124343872,0.09618282318115234
cifar10_00012_dog,20,26,1,322,0.8292570114135742,0.9277164936065674
cifar10_00012_dog,7,22,1,322,0.700116753578186,0.4014819860458374
cifar10_00012_dog,28,7,1,322,0.7065359354019165,1.2785321474075317
cifar10_00012_dog,19,24,1,322,0.8884974122047424,1.138373851776123
cifar10_00012_dog,2,25,1,322,0.22501054406166077,0.5981121063232422
cifar10_00012_dog,30,12,1,322,0.7972196340560913,1.185878872871399
cifar10_00012_dog,28,27,1,322,0.7892756462097168,1.3522017002105713
cifar10_00012_dog,27,9,1,322,0.4279405474662781,1.1899890899658203
cifar10_00012_dog,9,26,1,322,0.8442426919937134,0.3882911205291748
cifar10_00012_dog,26,15,1,322,0.5090540051460266,1.084581971168518
cifar10_00012_dog,4,13,1,322,0.8214700818061829,0.9072639346122742
cifar10_00012_dog,20,13,1,322,0.9436564445495605,1.1965402364730835
cifar10_00012_dog,30,10,1,322,0.7196692228317261,1.0866258144378662
cifar10_00012_dog,23,29,1,322,0.5681099891662598,1.1989669799804688
cifar10_00012_dog,11,1,1,322,0.9155363440513611,1.140821099281311
cifar10_00012_dog,20,16,1,322,0.7457998394966125,1.2287225723266602
cifar10_00012_dog,10,27,1,322,0.7845023274421692,0.5514497756958008
cifar10_00012_dog,30,2,1,322,0.7857509255409241,1.3718845844268799
cifar10_00012_dog,21,25,1,322,0.6951232552528381,1.2268571853637695
cifar10_00012_dog,4,14,1,322,0.9734498858451843,1.16630220413208
cifar10_00012_dog,10,30,1,322,0.5513431429862976,0.45616960525512695
cifar10_00012_dog,0,13,1,322,0.8608179688453674,1.041623830795288
cifar10_00012_dog,17,29,1,322,0.8094906806945801,0.8912403583526611
cifar10_00012_dog,6,4,1,322,0.83094322681427,0.3445768356323242
cifar10_00012_dog,28,23,1,322,0.8084973096847534,1.5107319355010986
cifar10_00012_dog,5,7,1,322,0.7870279550552368,0.268512487411499
cifar10_00012_dog,26,31,1,322,0.8277312517166138,1.3728134632110596
cifar10_00012_dog,20,23,1,322,0.732155442237854,1.3131495714187622
cifar10_00012_dog,14,6,1,322,0.6318051815032959,1.347987174987793
cifar10_00012_dog,3,17,1,322,0.8432904481887817,0.7227231860160828
cifar10_00012_dog,4,20,1,322,0.7678427696228027,0.9089487791061401
cifar10_00012_dog,20,31,1,322,0.8054529428482056,0.9764009714126587
cifar10_00012_dog,24,31,1,322,0.6879011392593384,1.1701316833496094
cifar10_00012_dog,24,30,1,322,0.7122026681900024,1.3452727794647217
cifar10_00012_dog,13,23,1,322,0.5936369299888611,1.37388277053833
cifar10_00012_dog,7,7,1,322,0.4801708459854126,0.4872252941131592
cifar10_00012_dog,30,31,1,322,0.7988702058792114,1.4327571392059326
cifar10_00012_dog,8,16,1,322,0.8362894654273987,0.9149327278137207
cifar10_00012_dog,25,17,1,322,0.8034831285476685,1.0099737644195557
cifar10_00012_dog,23,11,1,322,0.16890734434127808,1.0913121700286865
cifar10_00012_dog,3,21,1,322,0.7449877858161926,0.2043677568435669
cifar10_00012_dog,28,24,1,322,0.8122522830963135,1.2013466358184814
cifar10_00012_dog,16,15,1,322,0.42573708295822144,1.4724304676055908
cifar10_00012_dog,14,29,1,322,0.44785165786743164,1.147775411605835
cifar10_00012_dog,21,9,1,322,0.5136586427688599,1.5978095531463623
cifar10_00012_dog,12,10,1,322,0.8263983130455017,1.0505625009536743
cifar10_00012_dog,26,16,1,322,0.569006085395813,1.178900957107544
cifar10_00012_dog,0,23,1,322,0.7417962551116943,0.6524873971939087
cifar10_00012_dog,7,10,1,322,0.7313759326934814,0.47283899784088135
cifar10_00012_dog,20,29,1,322,0.8432722091674805,1.2180107831954956
cifar10_00012_dog,27,0,1,322,0.8960418701171875,1.1643534898757935
cifar10_00012_dog,30,26,1,322,0.7654004693031311,1.6263859272003174
cifar10_00012_dog,11,4,1,322,0.26683109998703003,1.3717840909957886
cifar10_00012_dog,28,3,1,322,0.9560022354125977,1.289231538772583
cifar10_00012_dog,1,22,1,322,0.8191497325897217,0.7428691983222961
cifar10_00012_dog,25,25,1,322,0.7452425360679626,1.9292889833450317
cifar10_00012_dog,0,1,1,322,0.8500778079032898,0.6931092739105225
cifar10_00012_dog,25,30,1,322,0.7833331823348999,1.2715232372283936
cifar10_00012_dog,9,20,1,322,1.010902762413025,1.0172592401504517
cifar10_00012_dog,24,25,1,322,0.8865488171577454,1.5445985794067383
cifar10_00012_dog,29,5,1,322,0.7286657094955444,1.513418436050415
cifar10_00012_dog,20,11,1,322,0.8357394933700562,1.3582825660705566
cifar10_00012_dog,21,18,1,322,0.8108270168304443,1.3046561479568481
cifar10_00012_dog,26,5,1,322,0.8030472993850708,1.0171934366226196
cifar10_00012_dog,4,29,1,322,0.7877480983734131,0.6175062656402588
cifar10_00012_dog,16,0,1,322,0.6462050676345825,1.3286664485931396
cifar10_00012_dog,10,20,1,322,0.6981890201568604,1.29438054561615
cifar10_00012_dog,28,22,1,322,0.8513213396072388,1.006598711013794
cifar10_00012_dog,2,12,1,322,0.7718806266784668,1.0603206157684326
cifar10_00012_dog,23,26,1,322,0.9198405146598816,1.2392688989639282
cifar10_00012_dog,12,13,1,322,0.7620183825492859,1.212388277053833
cifar10_00012_dog,8,20,1,322,0.8234606981277466,0.6835314631462097
cifar10_00012_dog,21,27,1,322,0.5256839394569397,1.1482579708099365
cifar10_00012_dog,0,10,1,322,0.8900540471076965,1.005130410194397
cifar10_00012_dog,8,26,1,322,0.8620825409889221,0.31457459926605225
cifar10_00012_dog,29,24,1,322,0.9043796062469482,1.1180081367492676
cifar10_00012_dog,8,13,1,322,0.9083397388458252,0.9980624914169312
cifar10_00012_dog,12,30,1,322,0.7793157696723938,1.075457215309143
cifar10_00012_dog,10,9,1,322,2.3702774047851562,1.2006803750991821
cifar10_00012_dog,5,2,1,322,0.9012296199798584,0.19073760509490967
cifar10_00012_dog,4,24,1,322,0.9509760141372681,0.7354003190994263
cifar10_00012_dog,29,22,1,322,0.6701463460922241,1.4638293981552124
cifar10_00012_dog,1,19,1,322,0.9136737585067749,0.7732447385787964
cifar10_00012_dog,26,7,1,322,0.5013054013252258,0.903371274471283
cifar10_00012_dog,13,22,1,322,0.823209285736084,1.3629977703094482
cifar10_00012_dog,8,19,1,322,0.9914729595184326,0.9229919910430908
cifar10_00012_dog,4,2,1,322,0.8147420883178711,0.5874121189117432
cifar10_00012_dog,12,31,1,322,0.4927941560745239,0.5011869072914124
cifar10_00012_dog,13,30,1,322,0.7728333473205566,0.9916441440582275
cifar10_00012_dog,24,22,1,322,0.5784220099449158,1.016573190689087
cifar10_00012_dog,19,8,1,322,0.3331090807914734,1.5326378345489502
cifar10_00012_dog,23,23,1,322,0.6292467713356018,1.2385485172271729
cifar10_00012_dog,30,18,1,322,0.6558701992034912,1.13427734375
cifar10_00012_dog,22,10,1,322,0.4641306400299072,1.1301292181015015
cifar10_00012_dog,5,13,1,322,0.9730158448219299,0.8395968675613403
cifar10_00012_dog,11,19,1,322,0.5991109609603882,1.461557388305664
cifar10_00012_dog,28,31,1,322,0.9068922996520996,2.0437283515930176
cifar10_00012_dog,21,23,1,322,0.7186762690544128,1.532627820968628
cifar10_00012_dog,26,13,1,322,0.770917534828186,0.9687070846557617
cifar10_00012_dog,27,27,1,322,0.869920015335083,1.1146321296691895
cifar10_00012_dog,23,18,1,322,0.8283082246780396,0.6296513080596924
cifar10_00012_dog,7,18,1,322,0.6372240781784058,1.046400785446167
cifar10_00012_dog,17,4,1,322,0.7881900668144226,0.6675111055374146
cifar10_00012_dog,29,4,1,322,0.8683896064758301,1.3913301229476929
cifar10_00012_dog,10,6,1,322,0.7316234111785889,0.6530816555023193
cifar10_00012_dog,10,7,1,322,0.8273951411247253,0.691718578338623
cifar10_00012_dog,4,18,1,322,0.863727867603302,1.1230850219726562
cifar10_00012_dog,17,13,1,322,0.8317579030990601,1.1628494262695312
cifar10_00012_dog,6,17,1,322,0.831296443939209,0.7719509601593018
cifar10_00012_dog,16,2,1,322,0.4747418761253357,1.237115502357483
cifar10_00012_dog,30,8,1,322,0.4508482813835144,1.2910758256912231
cifar10_00012_dog,3,12,1,322,0.8275253772735596,0.8855306506156921
cifar10_00012_dog,9,28,1,322,0.9477674961090088,0.19455766677856445
cifar10_00012_dog,16,3,1,322,0.8288127183914185,0.8560299873352051
cifar10_00012_dog,0,27,1,322,0.8487961292266846,0.8679366707801819
cifar10_00012_dog,2,27,1,322,0.8536272048950195,0.24340391159057617
cifar10_00012_dog,25,24,1,322,0.5512004494667053,1.416298747062683
cifar10_00012_dog,28,1,1,322,0.8063117265701294,1.3700077533721924
cifar10_00012_dog,13,28,1,322,0.5728524923324585,1.1362030506134033
cifar10_00013_horse,3,4,0,321,0.883098840713501,0.879080593585968
cifar10_00013_horse,21,1,0,321,0.8882296681404114,1.5031986236572266
cifar10_00013_horse,8,26,0,321,0.8681308031082153,1.6098018884658813
cifar10_00013_horse,10,29,0,321,0.9938240051269531,1.6008342504501343
cifar10_00013_horse,14,24,0,321,0.9351845979690552,1.7016130685806274
cifar10_00013_horse,8,12,0,321,0.8280938863754272,1.6428803205490112
cifar10_00013_horse,17,6,0,321,0.853915810585022,1.4551446437835693
cifar10_00013_horse,17,23,0,321,0.976710319519043,1.7379488945007324
cifar10_00013_horse,7,17,0,321,0.9340041875839233,1.219274640083313
cifar10_00013_horse,16,2,0,321,0.9019069671630859,1.5160505771636963
cifar10_00013_horse,13,25,0,321,0.9612886905670166,1.5074374675750732
cifar10_00013_horse,3,10,0,321,0.9767327308654785,0.2139083594083786
cifar10_00013_horse,27,1,0,321,1.0039559602737427,0.9913574457168579
cifar10_00013_horse,8,11,0,321,0.8465260863304138,1.6297082901000977
cifar10_00013_horse,15,10,0,321,0.973730206489563,1.8366252183914185
cifar10_00013_horse,19,10,0,321,0.9734991788864136,1.4267606735229492
cifar10_00013_horse,4,6,0,321,0.9019511342048645,0.8614732027053833
cifar10_00013_horse,21,25,0,321,0.8932915925979614,1.6337194442749023
cifar10_00013_horse,25,30,0,321,0.9135650396347046,0.0927770733833313
cifar10_00013_horse,25,2,0,321,0.985882580280304,0.6735790371894836
cifar10_00013_horse,26,19,0,321,0.9916682839393616,0.6845617294311523
cifar10_00013_horse,22,20,0,321,0.9425562620162964,-0.053142428398132324
cifar10_00013_horse,10,26,0,321,0.9904270172119141,1.4422470331192017
cifar10_00013_horse,9,2,0,321,0.9409811496734619,0.9629701375961304
cifar10_00013_horse,7,14,0,321,0.9116451740264893,1.067636489868164
cifar10_00013_horse,3,17,0,321,0.917123556137085,1.221876621246338
cifar10_00013_horse,1,21,0,321,0.9420346021652222,1.2052003145217896
cifar10_00013_horse,14,15,0,321,0.9323233366012573,1.804164171218872
cifar10_00013_horse,5,25,0,321,0.9376130700111389,1.569697618484497
cifar10_00013_horse,11,25,0,321,0.8783486485481262,1.4399795532226562
cifar10_00013_horse,25,16,0,321,0.9866906404495239,1.2210487127304077
cifar10_00013_horse,28,21,0,321,0.8469291925430298,1.2560334205627441
cifar10_00013_horse,7,1,0,321,0.9642471671104431,0.7850818037986755
cifar10_00013_horse,17,2,0,321,0.9418221712112427,1.4973866939544678
cifar10_00013_horse,22,17,0,321,0.9926456809043884,0.7590509653091431
cifar10_00013_horse,19,19,0,321,0.9229298830032349,1.3668086528778076
cifar10_00013_horse,22,7,0,321,0.9202757477760315,1.5070526599884033
cifar10_00013_horse,31,16,0,321,0.9722347259521484,1.4947595596313477
cifar10_00013_horse,13,0,0,321,0.9033730030059814,1.437658429145813
cifar10_00013_horse,10,4,0,321,0.8788928389549255,1.1252728700637817
cifar10_00013_horse,22,8,0,321,0.8645493984222412,1.5811172723770142
cifar10_00013_horse,23,31,0,321,0.9968875050544739,1.3008592128753662
cifar10_00013_horse,25,29,0,321,0.9398728609085083,0.36263251304626465
cifar10_00013_horse,3,8,0,321,0.9791508913040161,1.0281352996826172
cifar10_00013_horse,2,27,0,321,0.9402145743370056,1.0463534593582153
cifar10_00013_horse,11,9,0,321,0.8758805394172668,1.9127930402755737
cifar10_00013_horse,2,15,0,321,0.938869059085846,1.184471607208252
cifar10_00013_horse,20,14,0,321,0.7047585248947144,-0.08186101913452148
cifar10_00013_horse,8,29,0,321,0.9691404104232788,1.7732460498809814
cifar10_00013_horse,20,22,0,321,0.9618180990219116,1.4977306127548218
cifar10_00013_horse,18,24,0,321,0.7273957133293152,1.1866674423217773
cifar10_00013_horse,22,30,0,321,0.9742122888565063,0.4661172032356262
cifar10_00013_horse,16,3,0,321,0.8979153037071228,1.7462546825408936
cifar10_00013_horse,11,15,0,321,0.9321246147155762,2.02103328704834
cifar10_00013_horse,28,5,0,321,0.9583091735839844,0.2206864058971405
cifar10_00013_horse,6,6,0,321,0.8653338551521301,0.912683367729187
cifar10_00013_horse,31,3,0,321,0.5205052495002747,-0.31641560792922974
cifar10_00013_horse,19,11,0,321,1.0452083349227905,1.806128740310669
cifar10_00013_horse,12,26,0,321,0.974239706993103,1.312991738319397
cifar10_00013_horse,31,22,0,321,0.974939227104187,1.3632758855819702
cifar10_00013_horse,16,30,0,321,0.9920435547828674,1.3058265447616577
cifar10_00013_horse,23,5,0,321,0.9462469816207886,1.5629373788833618
cifar10_00013_horse,22,12,0,321,0.9221211671829224,1.5423309803009033
cifar10_00013_horse,20,16,0,321,0.8857911825180054,1.220599889755249
cifar10_00013_horse,18,4,0,321,0.7784663438796997,1.7489967346191406
cifar10_00013_horse,21,11,0,321,0.9411600828170776,1.58463716506958
cifar10_00013_horse,7,12,0,321,0.9656285047531128,0.9217115640640259
cifar10_00013_horse,16,18,0,321,0.9862313270568848,1.9645752906799316
cifar10_00013_horse,0,23,0,321,0.9289149641990662,1.1074771881103516
cifar10_00013_horse,3,18,0,321,0.9590510725975037,1.1421139240264893
cifar10_00013_horse,21,2,0,321,1.0029487609863281,1.596238136291504
cifar10_00013_horse,17,25,0,321,0.8580805659294128,0.935380756855011
cifar10_00013_horse,14,13,0,321,0.8981527090072632,1.7699849605560303
cifar10_00013_horse,21,21,0,321,0.8555047512054443,0.5540555715560913
cifar10_00013_horse,23,24,0,321,0.9322731494903564,1.8873558044433594
cifar10_00013_horse,0,15,0,321,0.8983398675918579,0.7469394207000732
cifar10_00013_horse,29,15,0,321,1.0388758182525635,1.5171339511871338
cifar10_00013_horse,28,24,0,321,0.8945380449295044,1.5155781507492065
cifar10_00013_horse,16,21,0,321,0.8668266534805298,1.900500774383545
cifar10_00013_horse,23,10,0,321,0.8557857871055603,1.7120227813720703
cifar10_00013_horse,0,2,0,321,0.9545682072639465,1.4377412796020508
cifar10_00013_horse,24,27,0,321,0.8746312856674194,0.9377683401107788
cifar10_00013_horse,6,0,0,321,0.8849664926528931,1.3801250457763672
cifar10_00013_horse,3,12,0,321,0.9637569189071655,0.7808288335800171
cifar10_00013_horse,22,15,0,321,0.9079059362411499,0.7024393081665039
cifar10_00013_horse,25,26,0,321,0.9255887866020203,1.6352912187576294
cifar10_00013_horse,1,31,0,321,0.9187090396881104,0.35478299856185913
cifar10_00013_horse,28,8,0,321,0.8720705509185791,0.8162916898727417
cifar10_00013_horse,24,26,0,321,0.8905043601989746,1.6747955083847046
cifar10_00013_horse,16,20,0,321,0.9356862902641296,1.7969828844070435
cifar10_00013_horse,31,13,0,321,0.9681903719902039,1.347078800201416
cifar10_00013_horse,16,1,0,321,0.8868824243545532,1.3249397277832031
cifar10_00013_horse,18,23,0,321,0.9300723075866699,1.7636481523513794
cifar10_00013_horse,15,1,0,321,0.8981965780258179,1.4630169868469238
cifar10_00013_horse,11,19,0,321,0.9357444643974304,1.8777344226837158
cifar10_00013_horse,24,24,0,321,0.9142569303512573,1.8029745817184448
cifar10_00013_horse,10,5,0,321,0.9154976606369019,1.3609600067138672
cifar10_00013_horse,2,22,0,321,0.888727068901062,1.3449962139129639
cifar10_00013_horse,17,9,0,321,0.8850567936897278,1.643681526184082
cifar10_00013_horse,2,8,0,321,1.0491893291473389,1.3952410221099854
cifar10_00013_horse,29,2,0,321,0.6980968713760376,-0.2676604092121124
cifar10_00013_horse,10,15,0,321,0.8618342280387878,1.7336381673812866
cifar10_00013_horse,15,26,0,321,0.902493953704834,0.8927508592605591
cifar10_00013_horse,0,28,0,321,0.907256543636322,0.576835572719574
cifar10_00013_horse,18,7,0,321,0.8803245425224304,1.4903655052185059
cifar10_00013_horse,25,22,0,321,0.9758492112159729,1.1333813667297363
cifar10_00013_horse,8,17,0,321,0.9867305755615234,1.3329522609710693
cifar10_00013_horse,9,23,0,321,0.9428303241729736,1.9943113327026367
cifar10_00013_horse,7,0,0,321,0.9489936828613281,1.3751399517059326
cifar10_00013_horse,20,13,0,321,0.8970127701759338,0.615080714225769
cifar10_00013_horse,8,19,0,321,0.8656457662582397,1.809532642364502
cifar10_00013_horse,0,8,0,321,0.9571374654769897,1.1982187032699585
cifar10_00013_horse,3,21,0,321,0.9183040857315063,1.366037130355835
cifar10_00013_horse,8,8,0,321,0.9445308446884155,1.451185703277588
cifar10_00013_horse,14,25,0,321,0.9107711315155029,1.3455743789672852
cifar10_00013_horse,10,16,0,321,0.8932760953903198,1.6784944534301758
cifar10_00013_horse,13,5,0,321,0.8687343001365662,1.860351800918579
cifar10_00013_horse,5,27,0,321,0.7906463146209717,1.7604972124099731
cifar10_00013_horse,12,5,0,321,0.9237417578697205,1.5909366607666016
cifar10_00013_horse,10,7,0,321,0.9023240804672241,1.4330649375915527
cifar10_00013_horse,18,28,0,321,0.8590006828308105,-0.38932347297668457
cifar10_00013_horse,21,26,0,321,0.8896956443786621,0.9709432125091553
cifar10_00013_horse,28,14,0,321,0.9971885085105896,1.5918384790420532
cifar10_00013_horse,19,15,0,321,0.8988569378852844,1.3702900409698486
cifar10_00013_horse,17,17,0,321,0.8037419319152832,1.580962896347046
cifar10_00013_horse,19,14,0,321,0.914095401763916,1.056785225868225
cifar10_00013_horse,26,29,0,321,0.9616414308547974,0.9539265632629395
cifar10_00013_horse,29,4,0,321,0.6271165609359741,-0.17389070987701416
cifar10_00013_horse,3,4,1,322,0.9604435563087463,0.6793768405914307
cifar10_00013_horse,21,1,1,322,0.8863707184791565,0.9842532873153687
cifar10_00013_horse,8,26,1,322,0.7679402232170105,1.296124815940857
cifar10_00013_horse,10,29,1,322,0.8435931205749512,1.0544911623001099
cifar10_00013_horse,14,24,1,322,0.7366639971733093,1.0822851657867432
cifar10_00013_horse,8,12,1,322,0.6188441514968872,0.9570297598838806
cifar10_00013_horse,17,6,1,322,0.6320031881332397,1.3744990825653076
cifar10_00013_horse,17,23,1,322,0.553382158279419,1.185691475868225
cifar10_00013_horse,7,17,1,322,0.8496683835983276,0.8305461406707764
cifar10_00013_horse,16,2,1,322,0.5396198034286499,1.465075969696045
cifar10_00013_horse,13,25,1,322,0.8158127665519714,0.7755666375160217
cifar10_00013_horse,3,10,1,322,0.9527724385261536,0.4868549108505249
cifar10_00013_horse,27,1,1,322,0.9528193473815918,1.0063122510910034
cifar10_00013_horse,8,11,1,322,0.568006694316864,1.3711376190185547
cifar10_00013_horse,15,10,1,322,0.5995177030563354,1.3426648378372192
cifar10_00013_horse,19,10,1,322,0.5999950766563416,1.5478876829147339
cifar10_00013_horse,4,6,1,322,0.8481895327568054,0.4840719699859619
cifar10_00013_horse,21,25,1,322,0.61784827709198,1.1868419647216797
cifar10_00013_horse,25,30,1,322,0.661386251449585,0.2314664125442505
cifar10_00013_horse,25,2,1,322,0.8381105661392212,1.1618672609329224
cifar10_00013_horse,26,19,1,322,0.7497023344039917,0.4493062496185303
cifar10_00013_horse,22,20,1,322,0.8131026029586792,0.6128216981887817
cifar10_00013_horse,10,26,1,322,0.8984464406967163,1.1494468450546265
cifar10_00013_horse,9,2,1,322,0.7918277978897095,0.14809119701385498
cifar10_00013_horse,7,14,1,322,0.911035418510437,0.5840805172920227
cifar10_00013_horse,3,17,1,322,0.836783230304718,0.886305034160614
cifar10_00013_horse,1,21,1,322,0.8549221158027649,0.7666322588920593
cifar10_00013_horse,14,15,1,322,0.4193165600299835,1.0241692066192627
cifar10_00013_horse,5,25,1,322,1.0334081649780273,1.5106931924819946
cifar10_00013_horse,11,25,1,322,0.7852293252944946,1.0685349702835083
cifar10_00013_horse,25,16,1,322,1.01462721824646,0.5873550772666931
cifar10_00013_horse,28,21,1,322,0.752285361289978,0.7659974098205566
cifar10_00013_horse,7,1,1,322,0.8857209086418152,0.6707667708396912
cifar10_00013_horse,17,2,1,322,0.4077952206134796,1.5351262092590332
cifar10_00013_horse,22,17,1,322,0.8981995582580566,0.5590324401855469
cifar10_00013_horse,19,19,1,322,0.9617953300476074,1.0443781614303589
cifar10_00013_horse,22,7,1,322,0.699539065361023,1.081977128982544
cifar10_00013_horse,31,16,1,322,0.9974696636199951,1.35894775390625
cifar10_00013_horse,13,0,1,322,0.9517651796340942,1.4704029560089111
cifar10_00013_horse,10,4,1,322,0.9055382013320923,0.463914155960083
cifar10_00013_horse,22,8,1,322,0.7251886129379272,1.309311866760254
cifar10_00013_horse,23,31,1,322,0.9276697635650635,1.2402629852294922
cifar10_00013_horse,25,29,1,322,0.7075769901275635,0.3826199769973755
cifar10_00013_horse,3,8,1,322,0.9471938610076904,0.6038707494735718
cifar10_00013_horse,2,27,1,322,0.8554255962371826,1.5202136039733887
cifar10_00013_horse,11,9,1,322,0.3695187568664551,1.1811500787734985
cifar10_00013_horse,2,15,1,322,0.912976861000061,0.9007712602615356
cifar10_00013_horse,20,14,1,322,0.7297542095184326,0.5277775526046753
cifar10_00013_horse,8,29,1,322,0.39452123641967773,0.7190191745758057
cifar10_00013_horse,20,22,1,322,0.6046866178512573,1.6235203742980957
cifar10_00013_horse,18,24,1,322,0.7052981853485107,1.0396697521209717
cifar10_00013_horse,22,30,1,322,0.8893027305603027,1.459001064300537
cifar10_00013_horse,16,3,1,322,0.4475613832473755,1.2902113199234009
cifar10_00013_horse,11,15,1,322,0.895418643951416,1.1629096269607544
cifar10_00013_horse,28,5,1,322,0.7629963159561157,0.06404346227645874
cifar10_00013_horse,6,6,1,322,0.5498251914978027,0.5678010582923889
cifar10_00013_horse,31,3,1,322,0.8235097527503967,0.8314624428749084
cifar10_00013_horse,19,11,1,322,0.5098981857299805,0.9350582361221313
cifar10_00013_horse,12,26,1,322,0.7435404062271118,0.8972938060760498
cifar10_00013_horse,31,22,1,322,0.8826949000358582,1.3257261514663696
cifar10_00013_horse,16,30,1,322,0.7795356512069702,1.1782596111297607
cifar10_00013_horse,23,5,1,322,0.811110258102417,1.0475555658340454
cifar10_00013_horse,22,12,1,322,0.8691707253456116,1.1991047859191895
cifar10_00013_horse,20,16,1,322,0.7180701494216919,0.6924811601638794
cifar10_00013_horse,18,4,1,322,0.37339478731155396,1.216876745223999
cifar10_00013_horse,21,11,1,322,0.6100572943687439,1.2425603866577148
cifar10_00013_horse,7,12,1,322,0.9968075156211853,0.8834314346313477
cifar10_00013_horse,16,18,1,322,0.5158284902572632,0.9881643652915955
cifar10_00013_horse,0,23,1,322,0.7584949731826782,0.8810343742370605
cifar10_00013_horse,3,18,1,322,0.8353326320648193,0.37754392623901367
cifar10_00013_horse,21,2,1,322,0.8769176602363586,0.9793045520782471
cifar10_00013_horse,17,25,1,322,0.5071666240692139,0.5327578783035278
cifar10_00013_horse,14,13,1,322,0.710055947303772,1.5486117601394653
cifar10_00013_horse,21,21,1,322,0.8299136757850647,0.9170046448707581
cifar10_00013_horse,23,24,1,322,0.7731891870498657,1.3409841060638428
cifar10_00013_horse,0,15,1,322,0.8269734382629395,0.8689143061637878
cifar10_00013_horse,29,15,1,322,0.7123895883560181,1.3627691268920898
cifar10_00013_horse,28,24,1,322,0.7124885320663452,1.2827720642089844
cifar10_00013_horse,16,21,1,322,0.3302133083343506,1.1217010021209717
cifar10_00013_horse,23,10,1,322,0.8786789774894714,1.0344834327697754
cifar10_00013_horse,0,2,1,322,0.9721912145614624,0.9826295971870422
cifar10_00013_horse,24,27,1,322,0.8705577850341797,0.8187201619148254
cifar10_00013_horse,6,0,1,322,0.9319754838943481,0.8912091255187988
cifar10_00013_horse,3,12,1,322,0.8151147365570068,0.5299673080444336
cifar10_00013_horse,22,15,1,322,0.9173294901847839,0.17708629369735718
cifar10_00013_horse,25,26,1,322,0.6218388080596924,1.2740684747695923
cifar10_00013_horse,1,31,1,322,0.761776328086853,1.0478664636611938
cifar10_00013_horse,28,8,1,322,0.5927045345306396,0.8230041861534119
cifar10_00013_horse,24,26,1,322,0.7360193133354187,1.172730803489685
cifar10_00013_horse,16,20,1,322,0.9192379713058472,1.461040735244751
cifar10_00013_horse,31,13,1,322,1.001161813735962,1.087324619293213
cifar10_00013_horse,16,1,1,322,0.7684810161590576,0.8449403047561646
cifar10_00013_horse,18,23,1,322,0.607954740524292,1.3676209449768066
cifar10_00013_horse,15,1,1,322,0.9178899526596069,1.0706374645233154
cifar10_00013_horse,11,19,1,322,0.9669589996337891,1.1234610080718994
cifar10_00013_horse,24,24,1,322,0.5314193964004517,1.3331981897354126
cifar10_00013_horse,10,5,1,322,0.8605937957763672,0.8185632824897766
cifar10_00013_horse,2,22,1,322,0.8935484886169434,0.9484978914260864
cifar10_00013_horse,17,9,1,322,0.6701477766036987,1.388129472732544
cifar10_00013_horse,2,8,1,322,0.880030632019043,0.4164482355117798
cifar10_00013_horse,29,2,1,322,0.7951441407203674,0.5353043675422668
cifar10_00013_horse,10,15,1,322,0.8268469572067261,1.2944679260253906
cifar10_00013_horse,15,26,1,322,0.8796888589859009,0.7456578612327576
cifar10_00013_horse,0,28,1,322,0.7555815577507019,0.4052799940109253
cifar10_00013_horse,18,7,1,322,0.7377355098724365,1.1103935241699219
cifar10_00013_horse,25,22,1,322,0.7155221700668335,1.0965670347213745
cifar10_00013_horse,8,17,1,322,0.791403591632843,0.48979848623275757
cifar10_00013_horse,9,23,1,322,0.5033608078956604,1.0822672843933105
cifar10_00013_horse,7,0,1,322,0.8756594657897949,0.6446530818939209
cifar10_00013_horse,20,13,1,322,0.7211069464683533,0.4050307273864746
cifar10_00013_horse,8,19,1,322,0.6183942556381226,1.4650825262069702
cifar10_00013_horse,0,8,1,322,1.0072941780090332,0.9216843247413635
cifar10_00013_horse,3,21,1,322,0.4708286225795746,0.9332744479179382
cifar10_00013_horse,8,8,1,322,0.9833723902702332,0.8088876605033875
cifar10_00013_horse,14,25,1,322,0.8033045530319214,0.6319749355316162
cifar10_00013_horse,10,16,1,322,0.7504500150680542,1.621649146080017
cifar10_00013_horse,13,5,1,322,0.6452104449272156,1.2061808109283447
cifar10_00013_horse,5,27,1,322,0.5205755829811096,1.6523979902267456
cifar10_00013_horse,12,5,1,322,0.558395266532898,1.4985666275024414
cifar10_00013_horse,10,7,1,322,0.757094144821167,1.2628132104873657
cifar10_00013_horse,18,28,1,322,0.997031033039093,0.5076839923858643
cifar10_00013_horse,21,26,1,322,0.8577041625976562,1.0115430355072021
cifar10_00013_horse,28,14,1,322,0.6130067110061646,1.3159235715866089
cifar10_00013_horse,19,15,1,322,0.9506407380104065,1.3644441366195679
cifar10_00013_horse,17,17,1,322,0.7490208148956299,1.584160327911377
cifar10_00013_horse,19,14,1,322,0.9792881011962891,0.865190863609314
cifar10_00013_horse,26,29,1,322,0.8556320667266846,0.7203143835067749
cifar10_00013_horse,29,4,1,322,0.6595960855484009,0.3199784755706787
cifar10_00014_truck,26,18,0,321,0.9338455200195312,1.6646695137023926
cifar10_00014_truck,30,18,0,321,0.984514594078064,1.3203942775726318
cifar10_00014_truck,22,9,0,321,0.9513040781021118,1.7018252611160278
cifar10_00014_truck,3,4,0,321,0.9043974280357361,1.0836994647979736
cifar10_00014_truck,14,2,0,321,0.7303985357284546,2.20676851272583
cifar10_00014_truck,26,27,0,321,0.9245738387107849,1.3415460586547852
cifar10_00014_truck,24,29,0,321,0.9676048159599304,1.5034807920455933
cifar10_00014_truck,6,26,0,321,0.9350888133049011,1.8397351503372192
cifar10_00014_truck,27,29,0,321,0.8768806457519531,1.6646184921264648
cifar10_00014_truck,12,18,0,321,0.9498546719551086,1.8718903064727783
cifar10_00014_truck,0,7,0,321,0.9736588597297668,1.655045509338379
cifar10_00014_truck,17,0,0,321,0.8418778777122498,1.638547658920288
cifar10_00014_truck,10,9,0,321,0.944352924823761,1.8739721775054932
cifar10_00014_truck,7,12,0,321,0.9128168821334839,1.7946102619171143
cifar10_00014_truck,29,26,0,321,0.9302527904510498,1.3759493827819824
cifar10_00014_truck,14,15,0,321,0.8756604194641113,1.9514656066894531
cifar10_00014_truck,5,2,0,321,0.9231919646263123,1.0572869777679443
cifar10_00014_truck,31,14,0,321,0.9215825796127319,1.3122966289520264
cifar10_00014_truck,22,14,0,321,0.8137872815132141,1.7615383863449097
cifar10_00014_truck,19,18,0,321,0.9379339814186096,1.9023652076721191
cifar10_00014_truck,29,10,0,321,0.8932479619979858,0.9320030212402344
cifar10_00014_truck,18,15,0,321,0.8806276917457581,1.8026745319366455
cifar10_00014_truck,16,18,0,321,0.9546120166778564,1.9781848192214966
cifar10_00014_truck,0,28,0,321,0.8424758911132812,2.1280758380889893
cifar10_00014_truck,13,18,0,321,0.8883792757987976,1.8853884935379028
cifar10_00014_truck,1,15,0,321,0.9198861122131348,1.846925973892212
cifar10_00014_truck,22,19,0,321,0.9804015159606934,1.829099178314209
cifar10_00014_truck,10,20,0,321,0.9892247915267944,1.7797727584838867
cifar10_00014_truck,4,22,0,321,0.9329143166542053,1.8920226097106934
cifar10_00014_truck,13,25,0,321,0.924621045589447,2.0633487701416016
cifar10_00014_truck,22,30,0,321,0.9306381940841675,1.3416955471038818
cifar10_00014_truck,11,5,0,321,0.9504010081291199,1.3975597620010376
cifar10_00014_truck,26,23,0,321,0.962659478187561,1.292654037475586
cifar10_00014_truck,22,7,0,321,0.9640227556228638,1.796079397201538
cifar10_00014_truck,10,26,0,321,0.908835768699646,1.828822374343872
cifar10_00014_truck,10,14,0,321,0.9126148819923401,1.8671268224716187
cifar10_00014_truck,19,30,0,321,1.0309220552444458,1.6486364603042603
cifar10_00014_truck,18,14,0,321,0.9660608768463135,1.928545594215393
cifar10_00014_truck,11,18,0,321,0.9674198627471924,1.8982876539230347
cifar10_00014_truck,7,17,0,321,0.8910669684410095,1.774214506149292
cifar10_00014_truck,5,28,0,321,0.894136905670166,1.8432185649871826
cifar10_00014_truck,5,26,0,321,0.9039111733436584,1.7990987300872803
cifar10_00014_truck,24,11,0,321,0.8521155118942261,1.835397720336914
cifar10_00014_truck,7,19,0,321,0.9030249118804932,1.8844281435012817
cifar10_00014_truck,29,30,0,321,0.9884374141693115,1.4308797121047974
cifar10_00014_truck,27,3,0,321,1.0009799003601074,1.39250910282135
cifar10_00014_truck,4,27,0,321,0.8579210638999939,1.8847219944000244
cifar10_00014_truck,7,30,0,321,0.8076573610305786,1.92259681224823
cifar10_00014_truck,23,24,0,321,0.8784615993499756,1.5020923614501953
cifar10_00014_truck,29,17,0,321,1.0118887424468994,1.1725629568099976
cifar10_00014_truck,6,1,0,321,0.9233768582344055,1.2611175775527954
cifar10_00014_truck,8,4,0,321,0.9164223074913025,1.3176958560943604
cifar10_00014_truck,17,11,0,321,0.9641180038452148,1.7228357791900635
cifar10_00014_truck,17,9,0,321,1.0055081844329834,1.6645625829696655
cifar10_00014_truck,10,29,0,321,0.931179940700531,1.9553245306015015
cifar10_00014_truck,15,10,0,321,1.0392601490020752,1.8275020122528076
cifar10_00014_truck,22,1,0,321,0.8720642328262329,1.8136816024780273
cifar10_00014_truck,9,14,0,321,0.8909161686897278,1.7901155948638916
cifar10_00014_truck,12,13,0,321,0.9448609352111816,1.6951301097869873
cifar10_00014_truck,31,27,0,321,0.9822285771369934,1.5665837526321411
cifar10_00014_truck,7,31,0,321,0.8486664295196533,1.88813316822052
cifar10_00014_truck,25,10,0,321,0.9969882369041443,1.7004739046096802
cifar10_00014_truck,0,26,0,321,0.9443426132202148,1.9223215579986572
cifar10_00014_truck,4,0,0,321,0.9457523822784424,1.5854774713516235
cifar10_00014_truck,27,7,0,321,0.7181495428085327,0.6415976285934448
cifar10_00014_truck,14,26,0,321,0.8743833303451538,1.8755793571472168
cifar10_00014_truck,25,17,0,321,0.9140094518661499,1.8570269346237183
cifar10_00014_truck,11,15,0,321,0.8834521770477295,1.798736810684204
cifar10_00014_truck,7,8,0,321,0.9483718276023865,1.874129295349121
cifar10_00014_truck,27,28,0,321,0.900438666343689,1.5574870109558105
cifar10_00014_truck,9,17,0,321,0.9023919105529785,1.8242913484573364
cifar10_00014_truck,4,14,0,321,0.9227138161659241,1.8903617858886719
cifar10_00014_truck,22,8,0,321,0.9790893793106079,1.7620322704315186
cifar10_00014_truck,26,12,0,321,0.9384992122650146,1.5159025192260742
cifar10_00014_truck,28,27,0,321,0.9166807532310486,1.2899839878082275
cifar10_00014_truck,24,9,0,321,0.9232198596000671,1.7995761632919312
cifar10_00014_truck,3,8,0,321,0.9370706081390381,1.3332488536834717
cifar10_00014_truck,19,25,0,321,0.882339596748352,1.3600069284439087
cifar10_00014_truck,1,1,0,321,0.9563069343566895,1.2967534065246582
cifar10_00014_truck,7,2,0,321,0.9723158478736877,1.2446937561035156
cifar10_00014_truck,18,21,0,321,0.9953278303146362,1.7690105438232422
cifar10_00014_truck,27,15,0,321,0.9148203730583191,1.2803092002868652
cifar10_00014_truck,1,11,0,321,0.8804780840873718,1.889012336730957
cifar10_00014_truck,14,6,0,321,0.9686740636825562,1.7654261589050293
cifar10_00014_truck,29,27,0,321,0.8357783555984497,1.38602614402771
cifar10_00014_truck,24,4,0,321,0.9430038928985596,1.8204748630523682
cifar10_00014_truck,23,4,0,321,0.963833212852478,1.851834774017334
cifar10_00014_truck,7,11,0,321,0.9871882796287537,1.8381271362304688
cifar10_00014_truck,2,12,0,321,0.9173110723495483,1.914842128753662
cifar10_00014_truck,8,2,0,321,0.950505256652832,1.174031376838684
cifar10_00014_truck,11,9,0,321,0.8633482456207275,1.831199049949646
cifar10_00014_truck,3,31,0,321,0.9553509950637817,1.9147051572799683
cifar10_00014_truck,31,15,0,321,0.9750267267227173,1.3069583177566528
cifar10_00014_truck,6,9,0,321,0.8678593039512634,1.858582854270935
cifar10_00014_truck,9,26,0,321,0.977161169052124,1.8627978563308716
cifar10_00014_truck,7,20,0,321,0.9861424565315247,1.8264235258102417
cifar10_00014_truck,29,4,0,321,0.9184169173240662,0.9895137548446655
cifar10_00014_truck,22,27,0,321,0.9137915372848511,1.4321411848068237
cifar10_00014_truck,13,27,0,321,0.9186159372329712,1.9221616983413696
cifar10_00014_truck,25,21,0,321,0.9714698195457458,1.6581830978393555
cifar10_00014_truck,27,17,0,321,0.9327263832092285,1.5199366807937622
cifar10_00014_truck,6,8,0,321,1.0287120342254639,2.158125638961792
cifar10_00014_truck,14,9,0,321,0.8585840463638306,1.836053490638733
cifar10_00014_truck,28,1,0,321,0.9187026619911194,1.2122266292572021
cifar10_00014_truck,21,25,0,321,0.9912061095237732,1.5668599605560303
cifar10_00014_truck,24,6,0,321,0.9550732374191284,1.6157755851745605
cifar10_00014_truck,24,2,0,321,0.9493830800056458,1.6628098487854004
cifar10_00014_truck,14,21,0,321,0.958579421043396,1.6360268592834473
cifar10_00014_truck,27,19,0,321,0.9557695984840393,1.5319957733154297
cifar10_00014_truck,26,15,0,321,0.943160355091095,1.5569947957992554
cifar10_00014_truck,6,2,0,321,0.8341958522796631,1.203715443611145
cifar10_00014_truck,21,10,0,321,1.0237624645233154,1.6658120155334473
cifar10_00014_truck,5,0,0,321,0.9506485462188721,1.579838514328003
cifar10_00014_truck,30,27,0,321,0.9878876209259033,1.3201689720153809
cifar10_00014_truck,31,31,0,321,0.9728982448577881,1.7670183181762695
cifar10_00014_truck,13,20,0,321,0.9399241209030151,1.8088250160217285
cifar10_00014_truck,18,3,0,321,0.9601444602012634,1.8087434768676758
cifar10_00014_truck,20,21,0,321,0.9454993009567261,1.8054916858673096
cifar10_00014_truck,18,24,0,321,0.9358260035514832,1.5844759941101074
cifar10_00014_truck,27,11,0,321,0.7669140696525574,0.9175798892974854
cifar10_00014_truck,28,16,0,321,0.8276172876358032,1.122766137123108
cifar10_00014_truck,28,0,0,321,0.9329385161399841,1.736560583114624
cifar10_00014_truck,16,23,0,321,0.9798457622528076,1.7066468000411987
cifar10_00014_truck,0,19,0,321,0.8245475888252258,1.7980742454528809
cifar10_00014_truck,16,11,0,321,0.9589031338691711,1.8309223651885986
cifar10_00014_truck,8,27,0,321,0.9237776398658752,1.9263471364974976
cifar10_00014_truck,3,5,0,321,0.9915035963058472,1.0426344871520996
cifar10_00014_truck,9,27,0,321,0.8761465549468994,1.9143697023391724
cifar10_00014_truck,26,18,1,322,0.8404353857040405,1.1561048030853271
cifar10_00014_truck,30,18,1,322,0.7374271154403687,0.9785008430480957
cifar10_00014_truck,22,9,1,322,0.8529014587402344,1.1747498512268066
cifar10_00014_truck,3,4,1,322,0.8757779598236084,0.5760465860366821
cifar10_00014_truck,14,2,1,322,0.5948591232299805,1.246651291847229
cifar10_00014_truck,26,27,1,322,0.8965737819671631,0.7036112546920776
cifar10_00014_truck,24,29,1,322,0.9346637725830078,1.3705775737762451
cifar10_00014_truck,6,26,1,322,0.9550715684890747,1.6015905141830444
cifar10_00014_truck,27,29,1,322,0.7221333980560303,1.106492042541504
cifar10_00014_truck,12,18,1,322,0.8964110612869263,1.4361926317214966
cifar10_00014_truck,0,7,1,322,0.8649824857711792,1.273717999458313
cifar10_00014_truck,17,0,1,322,0.7821265459060669,1.4898059368133545
cifar10_00014_truck,10,9,1,322,0.699668288230896,1.4709630012512207
cifar10_00014_truck,7,12,1,322,0.4860043525695801,1.508405327796936
cifar10_00014_truck,29,26,1,322,0.9376876354217529,0.7880556583404541
cifar10_00014_truck,14,15,1,322,0.9572641849517822,1.31754732131958
cifar10_00014_truck,5,2,1,322,0.8035591840744019,0.7008352279663086
cifar10_00014_truck,31,14,1,322,0.972626805305481,1.0976190567016602
cifar10_00014_truck,22,14,1,322,0.7867781519889832,1.3902058601379395
cifar10_00014_truck,19,18,1,322,0.793321967124939,1.6039189100265503
cifar10_00014_truck,29,10,1,322,0.6624385714530945,0.3601071834564209
cifar10_00014_truck,18,15,1,322,0.6394779086112976,1.6047191619873047
cifar10_00014_truck,16,18,1,322,0.3062363862991333,1.3021771907806396
cifar10_00014_truck,0,28,1,322,-0.6562953591346741,0.5814743041992188
cifar10_00014_truck,13,18,1,322,0.8879498243331909,1.6335729360580444
cifar10_00014_truck,1,15,1,322,0.7065670490264893,1.1269311904907227
cifar10_00014_truck,22,19,1,322,0.8474546670913696,1.3855273723602295
cifar10_00014_truck,10,20,1,322,0.704626739025116,0.9510453343391418
cifar10_00014_truck,4,22,1,322,0.8759129643440247,1.4215831756591797
cifar10_00014_truck,13,25,1,322,0.9988304376602173,1.202401041984558
cifar10_00014_truck,22,30,1,322,0.9767146110534668,0.9909011125564575
cifar10_00014_truck,11,5,1,322,0.9171528220176697,1.1798996925354004
cifar10_00014_truck,26,23,1,322,0.7912966012954712,0.553359866142273
cifar10_00014_truck,22,7,1,322,0.6402603387832642,1.0224778652191162
cifar10_00014_truck,10,26,1,322,0.8901031017303467,1.4727957248687744
cifar10_00014_truck,10,14,1,322,0.6264195442199707,1.3738034963607788
cifar10_00014_truck,19,30,1,322,0.8600661754608154,1.2592792510986328
cifar10_00014_truck,18,14,1,322,0.7150909304618835,1.309455156326294
cifar10_00014_truck,11,18,1,322,0.7916332483291626,1.410593867301941
cifar10_00014_truck,7,17,1,322,0.7321926355361938,1.5466172695159912
cifar10_00014_truck,5,28,1,322,0.765650749206543,1.5657432079315186
cifar10_00014_truck,5,26,1,322,0.7421970367431641,1.6958227157592773
cifar10_00014_truck,24,11,1,322,0.7591273784637451,1.5554938316345215
cifar10_00014_truck,7,19,1,322,0.8627808094024658,1.270880937576294
cifar10_00014_truck,29,30,1,322,0.8765625953674316,0.8801137208938599
cifar10_00014_truck,27,3,1,322,0.9597864747047424,0.5775913000106812
cifar10_00014_truck,4,27,1,322,0.7083530426025391,1.4508240222930908
cifar10_00014_truck,7,30,1,322,0.6091156005859375,1.3663772344589233
cifar10_00014_truck,23,24,1,322,0.8777339458465576,1.0514215230941772
cifar10_00014_truck,29,17,1,322,0.8062652945518494,0.9814466834068298
cifar10_00014_truck,6,1,1,322,0.8260054588317871,0.6727030277252197
cifar10_00014_truck,8,4,1,322,0.5901205539703369,0.1922215223312378
cifar10_00014_truck,17,11,1,322,0.5240349769592285,1.443230390548706
cifar10_00014_truck,17,9,1,322,1.0914502143859863,1.5246626138687134
cifar10_00014_truck,10,29,1,322,0.7853448987007141,1.1102941036224365
cifar10_00014_truck,15,10,1,322,0.8697065114974976,1.2276818752288818
cifar10_00014_truck,22,1,1,322,0.758827805519104,1.2818249464035034
cifar10_00014_truck,9,14,1,322,0.8897197246551514,1.2637356519699097
cifar10_00014_truck,12,13,1,322,0.8780401349067688,1.3995282649993896
cifar10_00014_truck,31,27,1,322,0.9356735944747925,1.2311525344848633
cifar10_00014_truck,7,31,1,322,0.8134710192680359,1.5681644678115845
cifar10_00014_truck,25,10,1,322,0.9065355062484741,1.2503924369812012
cifar10_00014_truck,0,26,1,322,-0.32541990280151367,0.8022849559783936
cifar10_00014_truck,4,0,1,322,0.8277133703231812,0.8660390377044678
cifar10_00014_truck,27,7,1,322,0.7659528255462646,1.3267171382904053
cifar10_00014_truck,14,26,1,322,0.8724980354309082,1.2980668544769287
cifar10_00014_truck,25,17,1,322,0.9072237610816956,1.7205017805099487
cifar10_00014_truck,11,15,1,322,0.9292581677436829,1.0583891868591309
cifar10_00014_truck,7,8,1,322,0.840158224105835,1.4134122133255005
cifar10_00014_truck,27,28,1,322,0.728368878364563,1.379134178161621
cifar10_00014_truck,9,17,1,322,0.591361403465271,1.125877022743225
cifar10_00014_truck,4,14,1,322,0.9344866275787354,1.6971006393432617
cifar10_00014_truck,22,8,1,322,0.6580338478088379,1.185415267944336
cifar10_00014_truck,26,12,1,322,0.8369452953338623,1.2267478704452515
cifar10_00014_truck,28,27,1,322,0.9570836424827576,0.7689146995544434
cifar10_00014_truck,24,9,1,322,0.885948121547699,1.2082107067108154
cifar10_00014_truck,3,8,1,322,0.806972324848175,0.9348001480102539
cifar10_00014_truck,19,25,1,322,0.8582900762557983,1.1915647983551025
cifar10_00014_truck,1,1,1,322,0.8578224778175354,0.6542465686798096
cifar10_00014_truck,7,2,1,322,0.7102017402648926,1.0331604480743408
cifar10_00014_truck,18,21,1,322,0.8296772241592407,1.5558058023452759
cifar10_00014_truck,27,15,1,322,0.7875252962112427,1.062577724456787
cifar10_00014_truck,1,11,1,322,0.7556607723236084,1.2371578216552734
cifar10_00014_truck,14,6,1,322,0.772080659866333,1.5129271745681763
cifar10_00014_truck,29,27,1,322,0.8363126516342163,0.7309601306915283
cifar10_00014_truck,24,4,1,322,0.9577106237411499,1.5086299180984497
cifar10_00014_truck,23,4,1,322,0.7090352773666382,0.9647791385650635
cifar10_00014_truck,7,11,1,322,0.6804977059364319,1.4785349369049072
cifar10_00014_truck,2,12,1,322,0.9532725214958191,1.4067223072052002
cifar10_00014_truck,8,2,1,322,0.6088060140609741,0.6041034460067749
cifar10_00014_truck,11,9,1,322,0.8988584280014038,1.1774656772613525
cifar10_00014_truck,3,31,1,322,0.9152222275733948,0.6986522674560547
cifar10_00014_truck,31,15,1,322,0.8935853838920593,1.2785245180130005
cifar10_00014_truck,6,9,1,322,0.7508469820022583,1.0875394344329834
cifar10_00014_truck,9,26,1,322,0.9093457460403442,1.6781744956970215
cifar10_00014_truck,7,20,1,322,0.7438292503356934,1.218254804611206
cifar10_00014_truck,29,4,1,322,0.8762422800064087,0.6029870510101318
cifar10_00014_truck,22,27,1,322,0.7870097160339355,1.2467055320739746
cifar10_00014_truck,13,27,1,322,0.744895339012146,1.4975955486297607
cifar10_00014_truck,25,21,1,322,0.834164559841156,1.237405776977539
cifar10_00014_truck,27,17,1,322,0.9756710529327393,1.2158191204071045
cifar10_00014_truck,6,8,1,322,0.6278862953186035,0.6349246501922607
cifar10_00014_truck,14,9,1,322,0.9723771810531616,1.480208158493042
cifar10_00014_truck,28,1,1,322,0.8947983980178833,0.7464452981948853
cifar10_00014_truck,21,25,1,322,0.8445261716842651,0.7866610884666443
cifar10_00014_truck,24,6,1,322,0.9284788370132446,1.3085823059082031
cifar10_00014_truck,24,2,1,322,0.8684499859809875,1.3601932525634766
cifar10_00014_truck,14,21,1,322,0.9056144952774048,1.4387297630310059
cifar10_00014_truck,27,19,1,322,0.8553634881973267,1.1224744319915771
cifar10_00014_truck,26,15,1,322,0.7418868541717529,1.1744384765625
cifar10_00014_truck,6,2,1,322,0.7363114356994629,0.7905398607254028
cifar10_00014_truck,21,10,1,322,0.8392866253852844,1.2326323986053467
cifar10_00014_truck,5,0,1,322,0.9040746688842773,0.44864368438720703
cifar10_00014_truck,30,27,1,322,0.8396669030189514,1.127110242843628
cifar10_00014_truck,31,31,1,322,1.019308090209961,0.9826616644859314
cifar10_00014_truck,13,20,1,322,0.822566032409668,1.382495403289795
cifar10_00014_truck,18,3,1,322,0.9393817186355591,1.5330723524093628
cifar10_00014_truck,20,21,1,322,0.7266431450843811,1.2962820529937744
cifar10_00014_truck,18,24,1,322,0.505810558795929,1.1992632150650024
cifar10_00014_truck,27,11,1,322,0.9711825847625732,0.9951227903366089
cifar10_00014_truck,28,16,1,322,0.7783536314964294,0.7505220174789429
cifar10_00014_truck,28,0,1,322,1.0173335075378418,0.8194159269332886
cifar10_00014_truck,16,23,1,322,0.7871137857437134,1.5036314725875854
cifar10_00014_truck,0,19,1,322,0.6694926023483276,0.9102393388748169
cifar10_00014_truck,16,11,1,322,0.7703416347503662,1.192382574081421
cifar10_00014_truck,8,27,1,322,0.5598490238189697,1.3633660078048706
cifar10_00014_truck,3,5,1,322,0.7138623595237732,0.4770923852920532
cifar10_00014_truck,9,27,1,322,0.7240356802940369,1.6737338304519653
cifar10_00015_ship,20,1,0,321,0.8926679491996765,1.5432333946228027
cifar10_00015_ship,28,24,0,321,1.0184221267700195,1.2711436748504639
cifar10_00015_ship,8,3,0,321,0.880074679851532,1.5864864587783813
cifar10_00015_ship,13,8,0,321,0.901369571685791,1.5859286785125732
cifar10_00015_ship,19,8,0,321,0.9646766781806946,1.7910010814666748
cifar10_00015_ship,22,15,0,321,0.9322410821914673,1.0981872081756592
cifar10_00015_ship,11,11,0,321,0.9030691385269165,1.621760606765747
cifar10_00015_ship,13,11,0,321,0.8753098845481873,1.4630223512649536
cifar10_00015_ship,15,16,0,321,0.9157106876373291,1.7334741353988647
cifar10_00015_ship,24,26,0,321,0.8987212181091309,1.0865728855133057
cifar10_00015_ship,19,27,0,321,0.9149174690246582,1.452291488647461
cifar10_00015_ship,30,18,0,321,0.9355390071868896,1.40147066116333
cifar10_00015_ship,7,13,0,321,1.0100433826446533,1.7457636594772339
cifar10_00015_ship,28,6,0,321,0.761608898639679,1.0017001628875732
cifar10_00015_ship,3,28,0,321,0.7667186856269836,1.6087138652801514
cifar10_00015_ship,27,19,0,321,1.0551741123199463,0.910209059715271
cifar10_00015_ship,15,24,0,321,0.9536664485931396,1.604423999786377
cifar10_00015_ship,23,28,0,321,0.962016761302948,1.6570569276809692
cifar10_00015_ship,7,6,0,321,0.9507386088371277,1.6251546144485474
cifar10_00015_ship,0,20,0,321,0.8991467356681824,1.7559558153152466
cifar10_00015_ship,11,4,0,321,0.826754093170166,1.508800745010376
cifar10_00015_ship,5,5,0,321,0.8145943880081177,1.7695667743682861
cifar10_00015_ship,19,28,0,321,0.9509265422821045,1.0960988998413086
cifar10_00015_ship,24,14,0,321,0.9607493281364441,1.812301516532898
cifar10_00015_ship,29,18,0,321,0.8036012649536133,1.492156982421875
cifar10_00015_ship,1,1,0,321,0.8707007169723511,1.7044352293014526
cifar10_00015_ship,3,20,0,321,0.8401010036468506,1.600902795791626
cifar10_00015_ship,16,21,0,321,0.8947581648826599,1.6591029167175293
cifar10_00015_ship,5,26,0,321,0.8565194606781006,1.6024434566497803
cifar10_00015_ship,30,16,0,321,0.8901069760322571,1.380515456199646
cifar10_00015_ship,20,6,0,321,0.785198986530304,1.8724931478500366
cifar10_00015_ship,25,28,0,321,0.9604268074035645,1.757293701171875
cifar10_00015_ship,6,30,0,321,0.8481542468070984,1.4411864280700684
cifar10_00015_ship,15,25,0,321,0.9240020513534546,1.5200004577636719
cifar10_00015_ship,18,19,0,321,0.9629760980606079,1.6569098234176636
cifar10_00015_ship,18,28,0,321,0.9004964828491211,1.0326273441314697
cifar10_00015_ship,1,15,0,321,0.862210750579834,1.6863751411437988
cifar10_00015_ship,26,1,0,321,0.8238142132759094,0.8059439659118652
cifar10_00015_ship,14,14,0,321,0.8497626185417175,1.695694088935852
cifar10_00015_ship,30,3,0,321,0.7987722754478455,0.8922262191772461
cifar10_00015_ship,7,4,0,321,0.9326184988021851,1.6311122179031372
cifar10_00015_ship,26,10,0,321,0.7590780854225159,1.180009126663208
cifar10_00015_ship,26,0,0,321,0.8495182991027832,1.1941496133804321
cifar10_00015_ship,25,17,0,321,0.9107598066329956,1.0180068016052246
cifar10_00015_ship,5,19,0,321,0.8387898206710815,1.6443471908569336
cifar10_00015_ship,24,7,0,321,0.833394467830658,1.0282131433486938
cifar10_00015_ship,22,1,0,321,0.8158179521560669,1.3489091396331787
cifar10_00015_ship,15,30,0,321,0.869459331035614,1.4660272598266602
cifar10_00015_ship,9,7,0,321,0.9430079460144043,1.6929835081100464
cifar10_00015_ship,22,6,0,321,0.8504721522331238,1.6660163402557373
cifar10_00015_ship,19,10,0,321,0.9277558326721191,1.7066599130630493
cifar10_00015_ship,4,8,0,321,0.8361295461654663,1.8385224342346191
cifar10_00015_ship,31,14,0,321,0.8887844085693359,0.9286035299301147
cifar10_00015_ship,12,8,0,321,0.8936934471130371,1.63930082321167
cifar10_00015_ship,15,27,0,321,0.8970966339111328,1.3287086486816406
cifar10_00015_ship,5,0,0,321,0.9687875509262085,1.8943960666656494
cifar10_00015_ship,4,18,0,321,0.9338557720184326,1.6389065980911255
cifar10_00015_ship,7,25,0,321,0.8201725482940674,1.5484731197357178
cifar10_00015_ship,23,4,0,321,0.9213982820510864,1.5121428966522217
cifar10_00015_ship,26,7,0,321,0.8196802735328674,0.8721706867218018
cifar10_00015_ship,14,12,0,321,0.9523493051528931,1.5464805364608765
cifar10_00015_ship,3,5,0,321,0.9547725915908813,1.8431787490844727
cifar10_00015_ship,6,16,0,321,0.9685806035995483,1.6230108737945557
cifar10_00015_ship,8,15,0,321,0.8407792448997498,1.599095106124878
cifar10_00015_ship,25,26,0,321,0.8682135343551636,1.5937401056289673
cifar10_00015_ship,8,11,0,321,0.9537944197654724,1.900368332862854
cifar10_00015_ship,21,11,0,321,0.9320326447486877,1.6195628643035889
cifar10_00015_ship,3,26,0,321,0.7691834568977356,1.580701470375061
cifar10_00015_ship,17,22,0,321,0.965980052947998,1.6514943838119507
cifar10_00015_ship,16,27,0,321,0.9852522611618042,1.1414700746536255
cifar10_00015_ship,30,31,0,321,0.9786396026611328,0.6519142985343933
cifar10_00015_ship,0,1,0,321,1.016919493675232,1.777975082397461
cifar10_00015_ship,12,13,0,321,0.7882552146911621,1.694466471672058
cifar10_00015_ship,28,16,0,321,0.9281399846076965,1.4789860248565674
cifar10_00015_ship,15,12,0,321,0.9445095062255859,1.4353485107421875
cifar10_00015_ship,19,4,0,321,0.9353312253952026,1.811139702796936
cifar10_00015_ship,14,15,0,321,0.9111443758010864,1.7191407680511475
cifar10_00015_ship,16,23,0,321,0.8993419408798218,1.600304126739502
cifar10_00015_ship,3,10,0,321,0.8394120931625366,1.8166825771331787
cifar10_00015_ship,22,4,0,321,0.9227573871612549,1.6924419403076172
cifar10_00015_ship,24,29,0,321,0.9463300108909607,1.5331201553344727
cifar10_00015_ship,6,25,0,321,0.9151867628097534,1.586437702178955
cifar10_00015_ship,1,19,0,321,0.944234311580658,1.7312359809875488
cifar10_00015_ship,12,4,0,321,0.9624742865562439,1.4875308275222778
cifar10_00015_ship,24,24,0,321,1.0184612274169922,1.6641355752944946
cifar10_00015_ship,8,26,0,321,0.94659423828125,1.545788288116455
cifar10_00015_ship,25,8,0,321,0.7628559470176697,1.0140607357025146
cifar10_00015_ship,25,12,0,321,0.9639429450035095,1.6461058855056763
cifar10_00015_ship,0,28,0,321,0.9112312197685242,1.7227630615234375
cifar10_00015_ship,9,23,0,321,0.9352193474769592,1.4715077877044678
cifar10_00015_ship,14,28,0,321,0.8453168272972107,1.335668921470642
cifar10_00015_ship,24,19,0,321,0.8790906071662903,1.4187819957733154
cifar10_00015_ship,9,28,0,321,0.8859393000602722,1.5961222648620605
cifar10_00015_ship,6,22,0,321,0.7752691507339478,1.6275378465652466
cifar10_00015_ship,5,3,0,321,0.9657812714576721,1.8563768863677979
cifar10_00015_ship,4,12,0,321,0.9067450165748596,1.8193985223770142
cifar10_00015_ship,11,27,0,321,0.8833894729614258,1.441329002380371
cifar10_00015_ship,25,3,0,321,0.8327460289001465,0.928727388381958
cifar10_00015_ship,1,4,0,321,0.889513373374939,1.8040575981140137
cifar10_00015_ship,29,7,0,321,0.800961434841156,0.6598186492919922
cifar10_00015_ship,24,22,0,321,0.9878277778625488,1.6402699947357178
cifar10_00015_ship,0,31,0,321,0.9305688142776489,1.7890678644180298
cifar10_00015_ship,25,9,0,321,0.8505125045776367,1.0042057037353516
cifar10_00015_ship,17,8,0,321,0.8294596672058105,1.7174787521362305
cifar10_00015_ship,14,31,0,321,0.865705132484436,1.3018405437469482
cifar10_00015_ship,8,9,0,321,0.9240286946296692,1.744347095489502
cifar10_00015_ship,19,3,0,321,0.9478330612182617,1.7428481578826904
cifar10_00015_ship,30,15,0,321,0.9127537608146667,1.1468579769134521
cifar10_00015_ship,5,11,0,321,0.9305251836776733,1.7269649505615234
cifar10_00015_ship,4,11,0,321,0.9134502410888672,1.8737833499908447
cifar10_00015_ship,11,24,0,321,0.9645084142684937,1.6294891834259033
cifar10_00015_ship,21,6,0,321,0.9648904800415039,1.7514140605926514
cifar10_00015_ship,19,2,0,321,0.9164055585861206,1.7424936294555664
cifar10_00015_ship,13,6,0,321,0.9881433248519897,1.53269624710083
cifar10_00015_ship,26,4,0,321,0.810702919960022,0.9447791576385498
cifar10_00015_ship,31,16,0,321,0.9280993938446045,0.8758074045181274
cifar10_00015_ship,10,25,0,321,0.9584349989891052,1.4981944561004639
cifar10_00015_ship,18,0,0,321,0.8482561707496643,1.6639659404754639
cifar10_00015_ship,31,20,0,321,0.9387893080711365,1.5831221342086792
cifar10_00015_ship,0,17,0,321,0.9219464063644409,1.7844579219818115
cifar10_00015_ship,19,12,0,321,0.9504172801971436,1.7402567863464355
cifar10_00015_ship,2,21,0,321,0.8305607438087463,1.5622375011444092
cifar10_00015_ship,0,4,0,321,0.9799578785896301,1.8273301124572754
cifar10_00015_ship,7,12,0,321,0.9561579823493958,1.8944095373153687
cifar10_00015_ship,31,4,0,321,0.832800030708313,0.9429875612258911
cifar10_00015_ship,7,14,0,321,0.7976822853088379,1.6679680347442627
cifar10_00015_ship,18,3,0,321,0.9217532873153687,1.8345905542373657
cifar10_00015_ship,0,14,0,321,0.9468795657157898,1.7762413024902344
cifar10_00015_ship,20,1,1,322,0.8807984590530396,1.5400781631469727
cifar10_00015_ship,28,24,1,322,0.6791520118713379,0.6960053443908691
cifar10_00015_ship,8,3,1,322,0.5154893398284912,1.3520498275756836
cifar10_00015_ship,13,8,1,322,0.866176187992096,1.074542760848999
cifar10_00015_ship,19,8,1,322,0.7228527069091797,1.1965136528015137
cifar10_00015_ship,22,15,1,322,0.8282067179679871,1.0474402904510498
cifar10_00015_ship,11,11,1,322,0.6779960989952087,1.2621732950210571
cifar10_00015_ship,13,11,1,322,0.4844662845134735,0.8998080492019653
cifar10_00015_ship,15,16,1,322,0.7558670043945312,1.3211910724639893
cifar10_00015_ship,24,26,1,322,0.9131676554679871,1.4383493661880493
cifar10_00015_ship,19,27,1,322,0.8303183913230896,1.0047539472579956
cifar10_00015_ship,30,18,1,322,0.8383781909942627,1.2729076147079468
cifar10_00015_ship,7,13,1,322,0.9148444533348083,1.2484380006790161
cifar10_00015_ship,28,6,1,322,0.8109780550003052,1.0139827728271484
cifar10_00015_ship,3,28,1,322,0.8735584616661072,1.2032722234725952
cifar10_00015_ship,27,19,1,322,0.8691401481628418,0.3898378014564514
cifar10_00015_ship,15,24,1,322,0.7424500584602356,1.3147785663604736
cifar10_00015_ship,23,28,1,322,0.798283576965332,1.2515562772750854
cifar10_00015_ship,7,6,1,322,1.0129705667495728,1.3131802082061768
cifar10_00015_ship,0,20,1,322,0.928769052028656,1.43203604221344
cifar10_00015_ship,11,4,1,322,0.7786288261413574,1.3911863565444946
cifar10_00015_ship,5,5,1,322,0.7575658559799194,1.256232500076294
cifar10_00015_ship,19,28,1,322,0.5929862260818481,0.7875555753707886
cifar10_00015_ship,24,14,1,322,0.7694101333618164,1.3076329231262207
cifar10_00015_ship,29,18,1,322,0.9729430675506592,1.052344799041748
cifar10_00015_ship,1,1,1,322,0.7651804089546204,1.3445720672607422
cifar10_00015_ship,3,20,1,322,0.9483233094215393,1.3318984508514404
cifar10_00015_ship,16,21,1,322,0.7183472514152527,1.1609420776367188
cifar10_00015_ship,5,26,1,322,0.6974716186523438,1.36632239818573
cifar10_00015_ship,30,16,1,322,0.8122885227203369,0.9356090426445007
cifar10_00015_ship,20,6,1,322,0.8236820101737976,1.3596516847610474
cifar10_00015_ship,25,28,1,322,0.705007016658783,1.3118116855621338
cifar10_00015_ship,6,30,1,322,0.8785354495048523,1.4992512464523315
cifar10_00015_ship,15,25,1,322,0.8171025514602661,1.296250343322754
cifar10_00015_ship,18,19,1,322,0.7555006146430969,1.3759386539459229
cifar10_00015_ship,18,28,1,322,0.7439165115356445,0.901311457157135
cifar10_00015_ship,1,15,1,322,0.883569061756134,1.2302169799804688
cifar10_00015_ship,26,1,1,322,0.6922425627708435,1.317617416381836
cifar10_00015_ship,14,14,1,322,0.8507603406906128,1.4471659660339355
cifar10_00015_ship,30,3,1,322,0.8359420299530029,1.1251808404922485
cifar10_00015_ship,7,4,1,322,0.8428857922554016,1.5079987049102783
cifar10_00015_ship,26,10,1,322,0.7334891557693481,1.2013040781021118
cifar10_00015_ship,26,0,1,322,0.743597686290741,1.3535923957824707
cifar10_00015_ship,25,17,1,322,1.017693281173706,0.939289927482605
cifar10_00015_ship,5,19,1,322,0.8232839107513428,1.3246815204620361
cifar10_00015_ship,24,7,1,322,1.0701464414596558,1.2481451034545898
cifar10_00015_ship,22,1,1,322,0.7819358110427856,1.3905606269836426
cifar10_00015_ship,15,30,1,322,0.7916817665100098,1.3126506805419922
cifar10_00015_ship,9,7,1,322,0.9239416122436523,1.658250331878662
cifar10_00015_ship,22,6,1,322,0.6779970526695251,1.546635627746582
cifar10_00015_ship,19,10,1,322,0.7632414102554321,1.1891158819198608
cifar10_00015_ship,4,8,1,322,0.9453124403953552,1.400936484336853
cifar10_00015_ship,31,14,1,322,0.9460294246673584,1.418607473373413
cifar10_00015_ship,12,8,1,322,0.838884711265564,1.1976830959320068
cifar10_00015_ship,15,27,1,322,0.6697418093681335,0.972003698348999
cifar10_00015_ship,5,0,1,322,0.7265958786010742,1.3828976154327393
cifar10_00015_ship,4,18,1,322,0.6572421789169312,1.240042805671692
cifar10_00015_ship,7,25,1,322,0.8989766836166382,1.2622442245483398
cifar10_00015_ship,23,4,1,322,0.8810703158378601,1.2745075225830078
cifar10_00015_ship,26,7,1,322,0.771087110042572,0.8884491920471191
cifar10_00015_ship,14,12,1,322,0.6190530061721802,1.1361684799194336
cifar10_00015_ship,3,5,1,322,0.870439887046814,1.3640847206115723
cifar10_00015_ship,6,16,1,322,0.8866808414459229,1.301647663116455
cifar10_00015_ship,8,15,1,322,0.9911106824874878,1.3846116065979004
cifar10_00015_ship,25,26,1,322,0.6994329690933228,1.3820685148239136
cifar10_00015_ship,8,11,1,322,0.7544423341751099,1.242929458618164
cifar10_00015_ship,21,11,1,322,0.6945204734802246,1.3879873752593994
cifar10_00015_ship,3,26,1,322,0.9356648325920105,1.3422740697860718
cifar10_00015_ship,17,22,1,322,0.5026966333389282,1.1508097648620605
cifar10_00015_ship,16,27,1,322,0.8150675296783447,1.077732801437378
cifar10_00015_ship,30,31,1,322,0.8028777837753296,1.5259984731674194
cifar10_00015_ship,0,1,1,322,0.9514672756195068,1.6471959352493286
cifar10_00015_ship,12,13,1,322,0.40128251910209656,1.112764596939087
cifar10_00015_ship,28,16,1,322,0.9555412530899048,1.2696950435638428
cifar10_00015_ship,15,12,1,322,0.7549529671669006,1.243149995803833
cifar10_00015_ship,19,4,1,322,0.857794463634491,1.4729313850402832
cifar10_00015_ship,14,15,1,322,0.9169491529464722,1.2534372806549072
cifar10_00015_ship,16,23,1,322,0.8869417905807495,1.6253304481506348
cifar10_00015_ship,3,10,1,322,0.4176182448863983,1.0821260213851929
cifar10_00015_ship,22,4,1,322,0.5336135625839233,1.4071218967437744
cifar10_00015_ship,24,29,1,322,0.7065690159797668,1.3672665357589722
cifar10_00015_ship,6,25,1,322,0.7372013330459595,1.2017818689346313
cifar10_00015_ship,1,19,1,322,0.9286680221557617,1.4622962474822998
cifar10_00015_ship,12,4,1,322,0.9806932210922241,0.9277440309524536
cifar10_00015_ship,24,24,1,322,0.8728246688842773,1.0671958923339844
cifar10_00015_ship,8,26,1,322,0.9006630182266235,1.3345063924789429
cifar10_00015_ship,25,8,1,322,0.8461288213729858,1.1052722930908203
cifar10_00015_ship,25,12,1,322,0.9365355968475342,1.3618316650390625
cifar10_00015_ship,0,28,1,322,0.8925681114196777,1.2590367794036865
cifar10_00015_ship,9,23,1,322,0.7683054208755493,1.3561160564422607
cifar10_00015_ship,14,28,1,322,0.6607978343963623,1.3051021099090576
cifar10_00015_ship,24,19,1,322,0.5578088760375977,1.11665678024292
cifar10_00015_ship,9,28,1,322,0.8065383434295654,1.2506574392318726
cifar10_00015_ship,6,22,1,322,0.9030291438102722,1.427001953125
cifar10_00015_ship,5,3,1,322,0.8614675998687744,1.3491419553756714
cifar10_00015_ship,4,12,1,322,0.864396333694458,1.128735899925232
cifar10_00015_ship,11,27,1,322,0.6195050477981567,1.0981929302215576
cifar10_00015_ship,25,3,1,322,0.6961988806724548,1.1588191986083984
cifar10_00015_ship,1,4,1,322,0.7179857492446899,1.4834980964660645
cifar10_00015_ship,29,7,1,322,0.8949126601219177,1.1682014465332031
cifar10_00015_ship,24,22,1,322,0.8635717034339905,1.3270750045776367
cifar10_00015_ship,0,31,1,322,0.8396127820014954,1.6165034770965576
cifar10_00015_ship,25,9,1,322,0.9326523542404175,1.279541015625
cifar10_00015_ship,17,8,1,322,0.7609039545059204,1.4075751304626465
cifar10_00015_ship,14,31,1,322,0.5773059725761414,1.3833370208740234
cifar10_00015_ship,8,9,1,322,0.5506327152252197,1.061930775642395
cifar10_00015_ship,19,3,1,322,0.5055274963378906,1.284499168395996
cifar10_00015_ship,30,15,1,322,0.7585182189941406,1.0505305528640747
cifar10_00015_ship,5,11,1,322,0.8428986072540283,1.4005872011184692
cifar10_00015_ship,4,11,1,322,0.4221670925617218,1.3864405155181885
cifar10_00015_ship,11,24,1,322,0.7149386405944824,1.3845356702804565
cifar10_00015_ship,21,6,1,322,0.8516523838043213,1.358116626739502
cifar10_00015_ship,19,2,1,322,0.5338119268417358,1.2452715635299683
cifar10_00015_ship,13,6,1,322,0.7470144033432007,0.9775615930557251
cifar10_00015_ship,26,4,1,322,0.7211799025535583,1.1700396537780762
cifar10_00015_ship,31,16,1,322,0.9418994784355164,1.3335617780685425
cifar10_00015_ship,10,25,1,322,0.6584057807922363,1.0632964372634888
cifar10_00015_ship,18,0,1,322,0.7486684322357178,1.5717475414276123
cifar10_00015_ship,31,20,1,322,0.8816206455230713,0.8686197400093079
cifar10_00015_ship,0,17,1,322,0.9072042107582092,1.2330756187438965
cifar10_00015_ship,19,12,1,322,0.7263176441192627,1.3270639181137085
cifar10_00015_ship,2,21,1,322,0.8801513910293579,1.314886212348938
cifar10_00015_ship,0,4,1,322,0.9353622198104858,1.4620250463485718
cifar10_00015_ship,7,12,1,322,0.49825066328048706,1.055809736251831
cifar10_00015_ship,31,4,1,322,0.7471617460250854,1.223986268043518
cifar10_00015_ship,7,14,1,322,0.7806007862091064,1.36980402469635
cifar10_00015_ship,18,3,1,322,0.5368178486824036,1.1493418216705322
cifar10_00015_ship,0,14,1,322,0.9487240314483643,1.423515796661377
cifar10_00016_dog,24,16,0,321,0.9121716618537903,1.7432258129119873
cifar10_00016_dog,31,17,0,321,0.07875795662403107,-0.333889901638031
cifar10_00016_dog,3,7,0,321,0.9366428852081299,1.6846914291381836
cifar10_00016_dog,6,20,0,321,0.9944820404052734,1.2909386157989502
cifar10_00016_dog,2,11,0,321,0.8779277801513672,1.7232415676116943
cifar10_00016_dog,24,23,0,321,0.9813586473464966,2.001657485961914
cifar10_00016_dog,5,10,0,321,0.8740687370300293,1.4237024784088135
cifar10_00016_dog,12,19,0,321,0.9965527057647705,1.8709098100662231
cifar10_00016_dog,11,31,0,321,0.6879467964172363,0.6097467541694641
cifar10_00016_dog,18,9,0,321,0.9442943334579468,1.8500036001205444
cifar10_00016_dog,6,16,0,321,0.9064972400665283,1.8136093616485596
cifar10_00016_dog,0,13,0,321,0.9471250176429749,1.8231894969940186
cifar10_00016_dog,6,13,0,321,0.8477588891983032,1.8263499736785889
cifar10_00016_dog,12,28,0,321,0.6943563222885132,0.6595664620399475
cifar10_00016_dog,15,10,0,321,0.9065948724746704,1.757683515548706
cifar10_00016_dog,4,1,0,321,0.9093930721282959,1.605230689048767
cifar10_00016_dog,6,15,0,321,0.9707925915718079,1.842063069343567
cifar10_00016_dog,9,21,0,321,0.9225242137908936,1.258057951927185
cifar10_00016_dog,20,11,0,321,0.9292637705802917,2.015385866165161
cifar10_00016_dog,1,27,0,321,0.8048645257949829,0.5049048662185669
cifar10_00016_dog,0,18,0,321,0.9359102845191956,1.9809362888336182
cifar10_00016_dog,24,7,0,321,0.8742544651031494,1.9416487216949463
cifar10_00016_dog,2,0,0,321,0.9261535406112671,1.7318060398101807
cifar10_00016_dog,3,30,0,321,0.9105962514877319,1.4048733711242676
cifar10_00016_dog,3,2,0,321,0.8211888074874878,1.5792268514633179
cifar10_00016_dog,20,21,0,321,1.0096101760864258,1.7190349102020264
cifar10_00016_dog,30,27,0,321,0.9813900589942932,1.6150410175323486
cifar10_00016_dog,19,14,0,321,0.9370646476745605,1.8505840301513672
cifar10_00016_dog,8,16,0,321,0.943178653717041,1.9092837572097778
cifar10_00016_dog,10,15,0,321,0.8681477308273315,1.8163927793502808
cifar10_00016_dog,24,12,0,321,0.964992105960846,1.8093812465667725
cifar10_00016_dog,12,27,0,321,0.861311674118042,0.5221258401870728
cifar10_00016_dog,15,22,0,321,0.9749204516410828,1.748022437095642
cifar10_00016_dog,5,27,0,321,0.889816164970398,1.1045197248458862
cifar10_00016_dog,16,15,0,321,0.9490577578544617,2.0759294033050537
cifar10_00016_dog,27,27,0,321,1.0780363082885742,1.880387544631958
cifar10_00016_dog,21,5,0,321,0.8673986792564392,2.0549049377441406
cifar10_00016_dog,16,25,0,321,0.9477289319038391,1.1884404420852661
cifar10_00016_dog,21,30,0,321,0.9444373250007629,1.8860597610473633
cifar10_00016_dog,22,24,0,321,0.9444561004638672,1.748284101486206
cifar10_00016_dog,28,12,0,321,0.9082034826278687,1.4339818954467773
cifar10_00016_dog,28,6,0,321,0.9246038198471069,1.8607542514801025
cifar10_00016_dog,30,17,0,321,0.5423414707183838,0.260464072227478
cifar10_00016_dog,15,4,0,321,0.9286768436431885,1.4433249235153198
cifar10_00016_dog,17,16,0,321,0.9219042062759399,1.8695995807647705
cifar10_00016_dog,13,17,0,321,0.9510357975959778,2.0899276733398438
cifar10_00016_dog,13,31,0,321,0.7842538356781006,0.7519534230232239
cifar10_00016_dog,9,17,0,321,0.9716135859489441,1.7688676118850708
cifar10_00016_dog,19,20,0,321,0.9526352882385254,1.4774274826049805
cifar10_00016_dog,25,14,0,321,0.9604566097259521,1.7345807552337646
cifar10_00016_dog,0,9,0,321,0.9663980007171631,1.8962302207946777
cifar10_00016_dog,15,3,0,321,0.9137690663337708,1.6159639358520508
cifar10_00016_dog,15,29,0,321,0.7798590660095215,0.602141261100769
cifar10_00016_dog,15,7,0,321,0.8052880764007568,1.5142573118209839
cifar10_00016_dog,3,25,0,321,0.8535453081130981,1.4506072998046875
cifar10_00016_dog,22,25,0,321,0.8617202043533325,1.774350881576538
cifar10_00016_dog,6,3,0,321,0.9084275960922241,1.6058948040008545
cifar10_00016_dog,9,19,0,321,0.9509567022323608,1.618764042854309
cifar10_00016_dog,10,26,0,321,0.9686051607131958,1.2692101001739502
cifar10_00016_dog,21,16,0,321,0.9051474928855896,1.8088312149047852
cifar10_00016_dog,3,3,0,321,0.9446254968643188,1.6566141843795776
cifar10_00016_dog,16,13,0,321,0.9170156717300415,1.8916285037994385
cifar10_00016_dog,20,16,0,321,0.8363908529281616,1.8656154870986938
cifar10_00016_dog,6,10,0,321,0.9154316186904907,1.4414470195770264
cifar10_00016_dog,13,22,0,321,0.9509929418563843,1.7603093385696411
cifar10_00016_dog,9,4,0,321,0.9219421744346619,1.2239125967025757
cifar10_00016_dog,15,31,0,321,0.8684300184249878,1.028799057006836
cifar10_00016_dog,6,31,0,321,0.5139421820640564,0.49370044469833374
cifar10_00016_dog,26,20,0,321,0.9785252213478088,1.7944798469543457
cifar10_00016_dog,29,12,0,321,0.8497593998908997,1.3478171825408936
cifar10_00016_dog,22,14,0,321,0.8479396104812622,1.8910363912582397
cifar10_00016_dog,28,5,0,321,0.8450783491134644,1.9475078582763672
cifar10_00016_dog,3,5,0,321,0.9516255259513855,1.7446069717407227
cifar10_00016_dog,29,16,0,321,0.7412867546081543,0.6818776726722717
cifar10_00016_dog,15,20,0,321,0.9130817651748657,1.7829127311706543
cifar10_00016_dog,23,19,0,321,0.904985785484314,1.7886639833450317
cifar10_00016_dog,31,20,0,321,0.4121948480606079,0.13691365718841553
cifar10_00016_dog,1,18,0,321,0.8605462312698364,1.6871116161346436
cifar10_00016_dog,28,18,0,321,0.7072001099586487,0.9708549380302429
cifar10_00016_dog,17,3,0,321,0.9949813485145569,1.7703368663787842
cifar10_00016_dog,0,17,0,321,0.9462428092956543,1.7953238487243652
cifar10_00016_dog,14,26,0,321,0.866969883441925,0.6036890745162964
cifar10_00016_dog,19,21,0,321,0.9591437578201294,1.570467472076416
cifar10_00016_dog,11,0,0,321,0.9484105110168457,1.7856557369232178
cifar10_00016_dog,4,30,0,321,0.759501576423645,1.123198390007019
cifar10_00016_dog,3,22,0,321,0.9012115001678467,1.2992377281188965
cifar10_00016_dog,18,16,0,321,0.9813092947006226,1.8067094087600708
cifar10_00016_dog,24,29,0,321,0.9255186319351196,1.7779088020324707
cifar10_00016_dog,10,7,0,321,0.9441865682601929,1.335293173789978
cifar10_00016_dog,20,1,0,321,0.8873521685600281,1.908846139907837
cifar10_00016_dog,14,28,0,321,0.8225936889648438,0.5569066405296326
cifar10_00016_dog,1,2,0,321,0.9500117301940918,1.6648163795471191
cifar10_00016_dog,15,23,0,321,0.906522274017334,1.5397446155548096
cifar10_00016_dog,24,22,0,321,1.0343048572540283,1.792913794517517
cifar10_00016_dog,10,8,0,321,0.8818197846412659,1.4340037107467651
cifar10_00016_dog,13,19,0,321,0.9111876487731934,1.8324484825134277
cifar10_00016_dog,14,11,0,321,0.950160026550293,1.8939279317855835
cifar10_00016_dog,21,2,0,321,0.866828441619873,1.8271137475967407
cifar10_00016_dog,26,3,0,321,0.9765354990959167,1.9287443161010742
cifar10_00016_dog,17,24,0,321,0.9175325632095337,1.7267000675201416
cifar10_00016_dog,13,11,0,321,1.058320164680481,1.807832956314087
cifar10_00016_dog,27,19,0,321,0.9016557335853577,1.713660717010498
cifar10_00016_dog,11,22,0,321,0.9137332439422607,1.5996859073638916
cifar10_00016_dog,25,16,0,321,0.9990359544754028,1.6614019870758057
cifar10_00016_dog,22,18,0,321,0.9099627733230591,1.8856102228164673
cifar10_00016_dog,6,11,0,321,0.9115419387817383,1.7031216621398926
cifar10_00016_dog,12,3,0,321,0.8950484395027161,1.4369518756866455
cifar10_00016_dog,25,3,0,321,0.939873456954956,2.037898540496826
cifar10_00016_dog,17,25,0,321,0.8950498700141907,1.1889711618423462
cifar10_00016_dog,31,3,0,321,0.9969199299812317,1.7483813762664795
cifar10_00016_dog,7,23,0,321,0.9267593622207642,1.1963474750518799
cifar10_00016_dog,28,14,0,321,0.9505273699760437,1.2648831605911255
cifar10_00016_dog,14,0,0,321,0.9545595645904541,1.790107011795044
cifar10_00016_dog,12,13,0,321,0.9063022136688232,2.009395122528076
cifar10_00016_dog,5,20,0,321,0.9677704572677612,1.226289987564087
cifar10_00016_dog,12,5,0,321,0.9484613537788391,1.4642785787582397
cifar10_00016_dog,23,1,0,321,0.9085054397583008,1.811616063117981
cifar10_00016_dog,29,23,0,321,0.5678161382675171,0.48220473527908325
cifar10_00016_dog,4,2,0,321,0.8988497853279114,1.653092384338379
cifar10_00016_dog,31,16,0,321,0.23848482966423035,0.1731289029121399
cifar10_00016_dog,11,4,0,321,0.9423319697380066,1.3792610168457031
cifar10_00016_dog,11,13,0,321,0.9343552589416504,1.9346078634262085
cifar10_00016_dog,3,21,0,321,0.8970476984977722,1.4248521327972412
cifar10_00016_dog,30,4,0,321,0.9523992538452148,1.8301429748535156
cifar10_00016_dog,23,25,0,321,0.9187901616096497,1.7505218982696533
cifar10_00016_dog,22,12,0,321,0.9146144390106201,1.791405200958252
cifar10_00016_dog,26,1,0,321,0.923454999923706,1.818498969078064
cifar10_00016_dog,8,31,0,321,0.34212857484817505,0.4202370047569275
cifar10_00016_dog,24,16,1,322,0.6813740730285645,1.3230273723602295
cifar10_00016_dog,31,17,1,322,0.5059243440628052,-0.14139366149902344
cifar10_00016_dog,3,7,1,322,0.6243764758110046,1.3030370473861694
cifar10_00016_dog,6,20,1,322,0.9036834239959717,0.9610971808433533
cifar10_00016_dog,2,11,1,322,0.7814116477966309,1.347727656364441
cifar10_00016_dog,24,23,1,322,0.922644317150116,1.176051139831543
cifar10_00016_dog,5,10,1,322,0.9004875421524048,0.8976590633392334
cifar10_00016_dog,12,19,1,322,0.9633311033248901,1.3247959613800049
cifar10_00016_dog,11,31,1,322,0.6119070053100586,0.9357327222824097
cifar10_00016_dog,18,9,1,322,0.6759612560272217,1.2284644842147827
cifar10_00016_dog,6,16,1,322,0.9297099113464355,1.359298825263977
cifar10_00016_dog,0,13,1,322,0.9820766448974609,1.3879590034484863
cifar10_00016_dog,6,13,1,322,0.8761565685272217,1.6791653633117676
cifar10_00016_dog,12,28,1,322,0.919455885887146,0.9533945918083191
cifar10_00016_dog,15,10,1,322,0.7692769765853882,1.4556982517242432
cifar10_00016_dog,4,1,1,322,0.9484272599220276,1.2952830791473389
cifar10_00016_dog,6,15,1,322,0.9815049767494202,1.5665371417999268
cifar10_00016_dog,9,21,1,322,0.7078607082366943,1.1561886072158813
cifar10_00016_dog,20,11,1,322,0.7005265951156616,1.3578534126281738
cifar10_00016_dog,1,27,1,322,0.8960069417953491,1.196129560470581
cifar10_00016_dog,0,18,1,322,1.0182209014892578,1.5296082496643066
cifar10_00016_dog,24,7,1,322,0.8196467161178589,1.755283236503601
cifar10_00016_dog,2,0,1,322,0.8676712512969971,1.1043040752410889
cifar10_00016_dog,3,30,1,322,0.5676950812339783,1.1014759540557861
cifar10_00016_dog,3,2,1,322,0.6638748645782471,1.1910680532455444
cifar10_00016_dog,20,21,1,322,0.851352870464325,1.2411441802978516
cifar10_00016_dog,30,27,1,322,0.8289042711257935,1.412465214729309
cifar10_00016_dog,19,14,1,322,0.7625362873077393,1.321982979774475
cifar10_00016_dog,8,16,1,322,0.894560694694519,1.2417289018630981
cifar10_00016_dog,10,15,1,322,0.4817460775375366,1.2409671545028687
cifar10_00016_dog,24,12,1,322,0.8331014513969421,1.3827898502349854
cifar10_00016_dog,12,27,1,322,0.8608784675598145,0.5792698860168457
cifar10_00016_dog,15,22,1,322,0.7378800511360168,1.3388718366622925
cifar10_00016_dog,5,27,1,322,0.6346315145492554,1.0713706016540527
cifar10_00016_dog,16,15,1,322,0.7434150576591492,0.9783897399902344
cifar10_00016_dog,27,27,1,322,0.8292507529258728,1.4682368040084839
cifar10_00016_dog,21,5,1,322,0.526821494102478,0.573243260383606
cifar10_00016_dog,16,25,1,322,1.008558988571167,1.1507632732391357
cifar10_00016_dog,21,30,1,322,0.958839476108551,1.4697540998458862
cifar10_00016_dog,22,24,1,322,0.9793310165405273,1.3537691831588745
cifar10_00016_dog,28,12,1,322,0.7918283939361572,1.425894021987915
cifar10_00016_dog,28,6,1,322,0.8628436326980591,1.364933967590332
cifar10_00016_dog,30,17,1,322,0.64745032787323,0.949649453163147
cifar10_00016_dog,15,4,1,322,0.8452714085578918,0.9184634685516357
cifar10_00016_dog,17,16,1,322,0.8720802664756775,1.369518518447876
cifar10_00016_dog,13,17,1,322,0.811516523361206,1.035581350326538
cifar10_00016_dog,13,31,1,322,0.6843545436859131,1.2451592683792114
cifar10_00016_dog,9,17,1,322,0.4608723819255829,1.2222079038619995
cifar10_00016_dog,19,20,1,322,0.7193008661270142,1.1609081029891968
cifar10_00016_dog,25,14,1,322,0.7313827276229858,1.60302734375
cifar10_00016_dog,0,9,1,322,1.002730369567871,1.1843901872634888
cifar10_00016_dog,15,3,1,322,0.9121339321136475,1.2458359003067017
cifar10_00016_dog,15,29,1,322,0.9216773509979248,0.9381943345069885
cifar10_00016_dog,15,7,1,322,0.5585373640060425,0.9702234268188477
cifar10_00016_dog,3,25,1,322,0.8655514717102051,1.0261634588241577
cifar10_00016_dog,22,25,1,322,0.994033694267273,1.2923953533172607
cifar10_00016_dog,6,3,1,322,0.5914120674133301,1.3398234844207764
cifar10_00016_dog,9,19,1,322,0.8814288973808289,1.2625176906585693
cifar10_00016_dog,10,26,1,322,0.7360548973083496,1.0585522651672363
cifar10_00016_dog,21,16,1,322,0.9241019487380981,1.457395076751709
cifar10_00016_dog,3,3,1,322,0.5076335072517395,1.382735252380371
cifar10_00016_dog,16,13,1,322,0.9315358400344849,1.7005765438079834
cifar10_00016_dog,20,16,1,322,0.873306393623352,1.504301905632019
cifar10_00016_dog,6,10,1,322,0.7074722647666931,0.9005656242370605
cifar10_00016_dog,13,22,1,322,0.7550792694091797,1.4121649265289307
cifar10_00016_dog,9,4,1,322,0.6010545492172241,0.971682071685791
cifar10_00016_dog,15,31,1,322,0.6887115836143494,1.084205150604248
cifar10_00016_dog,6,31,1,322,0.8180592060089111,1.2647926807403564
cifar10_00016_dog,26,20,1,322,0.783837616443634,1.3261795043945312
cifar10_00016_dog,29,12,1,322,0.7986593246459961,1.1289645433425903
cifar10_00016_dog,22,14,1,322,0.8920657634735107,0.9477255344390869
cifar10_00016_dog,28,5,1,322,0.8279401063919067,1.4899238348007202
cifar10_00016_dog,3,5,1,322,0.7507513165473938,1.2711191177368164
cifar10_00016_dog,29,16,1,322,0.6755397915840149,0.6248155236244202
cifar10_00016_dog,15,20,1,322,0.9337003231048584,1.3152050971984863
cifar10_00016_dog,23,19,1,322,0.755037248134613,1.6695501804351807
cifar10_00016_dog,31,20,1,322,0.8223565220832825,1.4309799671173096
cifar10_00016_dog,1,18,1,322,0.7918817400932312,1.067457914352417
cifar10_00016_dog,28,18,1,322,0.6823940277099609,1.2576154470443726
cifar10_00016_dog,17,3,1,322,0.7842378616333008,1.3843848705291748
cifar10_00016_dog,0,17,1,322,0.9670360684394836,1.3555415868759155
cifar10_00016_dog,14,26,1,322,0.6751219630241394,0.5244513154029846
cifar10_00016_dog,19,21,1,322,0.7781589031219482,1.4150735139846802
cifar10_00016_dog,11,0,1,322,0.8765417337417603,1.2172740697860718
cifar10_00016_dog,4,30,1,322,0.6921087503433228,1.7323353290557861
cifar10_00016_dog,3,22,1,322,0.9008606672286987,0.7708220481872559
cifar10_00016_dog,18,16,1,322,0.9492959976196289,1.4201852083206177
cifar10_00016_dog,24,29,1,322,0.9157757759094238,1.4184551239013672
cifar10_00016_dog,10,7,1,322,0.8454330563545227,0.9924304485321045
cifar10_00016_dog,20,1,1,322,0.3366212844848633,1.1356425285339355
cifar10_00016_dog,14,28,1,322,0.7904472351074219,0.8193064332008362
cifar10_00016_dog,1,2,1,322,0.86330646276474,1.0341339111328125
cifar10_00016_dog,15,23,1,322,0.9074796438217163,1.4062111377716064
cifar10_00016_dog,24,22,1,322,0.7358310222625732,1.423707127571106
cifar10_00016_dog,10,8,1,322,0.913621187210083,1.0392038822174072
cifar10_00016_dog,13,19,1,322,0.9400464296340942,1.4055513143539429
cifar10_00016_dog,14,11,1,322,0.7540420293807983,1.0401763916015625
cifar10_00016_dog,21,2,1,322,0.8048996329307556,1.2724463939666748
cifar10_00016_dog,26,3,1,322,0.4460422396659851,0.6844826936721802
cifar10_00016_dog,17,24,1,322,0.8081544041633606,1.345872402191162
cifar10_00016_dog,13,11,1,322,0.6143574714660645,1.2407395839691162
cifar10_00016_dog,27,19,1,322,0.6789888143539429,1.1869330406188965
cifar10_00016_dog,11,22,1,322,0.7544869184494019,1.3260149955749512
cifar10_00016_dog,25,16,1,322,0.8607954978942871,1.3454928398132324
cifar10_00016_dog,22,18,1,322,0.6758623719215393,1.367916464805603
cifar10_00016_dog,6,11,1,322,0.8126547336578369,0.9428369998931885
cifar10_00016_dog,12,3,1,322,0.7385090589523315,1.171705961227417
cifar10_00016_dog,25,3,1,322,0.5099501609802246,0.8618279695510864
cifar10_00016_dog,17,25,1,322,0.8953641653060913,1.6574821472167969
cifar10_00016_dog,31,3,1,322,1.0221327543258667,1.5359810590744019
cifar10_00016_dog,7,23,1,322,0.7511906623840332,0.903855562210083
cifar10_00016_dog,28,14,1,322,0.765893280506134,1.2660322189331055
cifar10_00016_dog,14,0,1,322,0.8946608304977417,1.4097306728363037
cifar10_00016_dog,12,13,1,322,0.8645757436752319,1.181603193283081
cifar10_00016_dog,5,20,1,322,0.837471604347229,1.0667333602905273
cifar10_00016_dog,12,5,1,322,0.9200358390808105,0.8896119594573975
cifar10_00016_dog,23,1,1,322,0.7929575443267822,1.4594988822937012
cifar10_00016_dog,29,23,1,322,0.484127402305603,0.8981639742851257
cifar10_00016_dog,4,2,1,322,0.8924083113670349,1.4566371440887451
cifar10_00016_dog,31,16,1,322,0.5683746933937073,0.6117591857910156
cifar10_00016_dog,11,4,1,322,0.6977413892745972,1.13975191116333
cifar10_00016_dog,11,13,1,322,0.7257024049758911,1.096463680267334
cifar10_00016_dog,3,21,1,322,0.8961116671562195,0.956743597984314
cifar10_00016_dog,30,4,1,322,0.5909625291824341,1.1096775531768799
cifar10_00016_dog,23,25,1,322,0.8363373279571533,1.4505200386047363
cifar10_00016_dog,22,12,1,322,0.9665794968605042,1.4578344821929932
cifar10_00016_dog,26,1,1,322,0.5983685255050659,1.1036494970321655
cifar10_00016_dog,8,31,1,322,0.5298652052879333,0.7009052634239197
cifar10_00017_horse,26,24,0,321,0.9693260788917542,1.6268863677978516
cifar10_00017_horse,12,2,0,321,0.9372633695602417,1.4185328483581543
cifar10_00017_horse,9,26,0,321,0.8802926540374756,1.8601722717285156
cifar10_00017_horse,3,23,0,321,0.939566433429718,1.7947969436645508
cifar10_00017_horse,17,6,0,321,0.9155669212341309,1.110400915145874
cifar10_00017_horse,23,10,0,321,1.0034492015838623,1.8794605731964111
cifar10_00017_horse,11,14,0,321,0.8607275485992432,1.6261074542999268
cifar10_00017_horse,29,12,0,321,0.8746321201324463,1.8671129941940308
cifar10_00017_horse,8,23,0,321,0.9328197240829468,1.8811736106872559
cifar10_00017_horse,10,23,0,321,0.8776509761810303,2.006152629852295
cifar10_00017_horse,29,29,0,321,0.9391035437583923,1.8129260540008545
cifar10_00017_horse,29,24,0,321,0.8626341819763184,1.6187177896499634
cifar10_00017_horse,26,22,0,321,0.9248989224433899,1.7435204982757568
cifar10_00017_horse,13,2,0,321,0.9539823532104492,1.3695085048675537
cifar10_00017_horse,7,15,0,321,0.9292797446250916,1.70820951461792
cifar10_00017_horse,0,6,0,321,1.0428919792175293,1.909008502960205
cifar10_00017_horse,23,24,0,321,0.9334997534751892,1.7962971925735474
cifar10_00017_horse,12,16,0,321,0.9808670282363892,1.9146056175231934
cifar10_00017_horse,21,0,0,321,0.9317421913146973,1.6436781883239746
cifar10_00017_horse,13,12,0,321,0.9563658237457275,1.4855518341064453
cifar10_00017_horse,21,13,0,321,0.9279506802558899,1.1812821626663208
cifar10_00017_horse,5,2,0,321,0.8775646090507507,1.710066556930542
cifar10_00017_horse,28,27,0,321,1.7723796367645264,1.7900665998458862
cifar10_00017_horse,16,31,0,321,1.0162293910980225,1.8506149053573608
cifar10_00017_horse,22,29,0,321,0.882250964641571,1.9064826965332031
cifar10_00017_horse,28,5,0,321,0.9147564172744751,1.9595309495925903
cifar10_00017_horse,26,7,0,321,0.9018611907958984,1.8373459577560425
cifar10_00017_horse,22,5,0,321,1.444643259048462,1.5203644037246704
cifar10_00017_horse,26,10,0,321,0.9422340393066406,1.907775640487671
cifar10_00017_horse,2,5,0,321,0.8356932401657104,1.9523935317993164
cifar10_00017_horse,19,24,0,321,0.8808273077011108,1.7166776657104492
cifar10_00017_horse,7,17,0,321,0.9448654651641846,1.8062959909439087
cifar10_00017_horse,26,8,0,321,0.9644928574562073,1.848867654800415
cifar10_00017_horse,11,17,0,321,0.894265353679657,1.8990755081176758
cifar10_00017_horse,17,27,0,321,0.9998618364334106,1.8360753059387207
cifar10_00017_horse,15,19,0,321,0.9090653657913208,1.7269999980926514
cifar10_00017_horse,7,12,0,321,0.8660529255867004,1.4128385782241821
cifar10_00017_horse,18,7,0,321,0.9722176790237427,1.306628704071045
cifar10_00017_horse,2,15,0,321,0.9384660720825195,1.616432547569275
cifar10_00017_horse,16,10,0,321,0.9130474328994751,1.8320006132125854
cifar10_00017_horse,0,4,0,321,0.9702432155609131,1.9266743659973145
cifar10_00017_horse,0,5,0,321,1.0412499904632568,1.8699485063552856
cifar10_00017_horse,13,22,0,321,0.9785879850387573,1.7822916507720947
cifar10_00017_horse,3,25,0,321,0.7797976136207581,1.8144853115081787
cifar10_00017_horse,1,21,0,321,0.9452352523803711,1.666869044303894
cifar10_00017_horse,30,12,0,321,0.8877911567687988,1.8701622486114502
cifar10_00017_horse,12,3,0,321,0.8250412940979004,1.3791639804840088
cifar10_00017_horse,26,2,0,321,1.8085410594940186,1.5554592609405518
cifar10_00017_horse,24,15,0,321,0.9693232178688049,1.7872638702392578
cifar10_00017_horse,0,18,0,321,0.9698972105979919,1.7030607461929321
cifar10_00017_horse,26,14,0,321,0.9734539985656738,2.0614585876464844
cifar10_00017_horse,4,8,0,321,0.9562661647796631,1.9298197031021118
cifar10_00017_horse,30,0,0,321,0.9575636386871338,1.8193320035934448
cifar10_00017_horse,10,31,0,321,0.9489383101463318,2.050539016723633
cifar10_00017_horse,12,26,0,321,0.8582595586776733,1.8795998096466064
cifar10_00017_horse,22,8,0,321,0.8667065501213074,1.872654914855957
cifar10_00017_horse,13,18,0,321,0.780785322189331,1.7508256435394287
cifar10_00017_horse,0,28,0,321,0.9551048278808594,1.7173397541046143
cifar10_00017_horse,22,9,0,321,0.9619882106781006,1.725833773612976
cifar10_00017_horse,17,28,0,321,0.9451295137405396,1.7609164714813232
cifar10_00017_horse,8,9,0,321,0.9316701889038086,1.5983877182006836
cifar10_00017_horse,15,28,0,321,0.962546169757843,1.7566792964935303
cifar10_00017_horse,22,1,0,321,0.9280338883399963,1.4138221740722656
cifar10_00017_horse,24,17,0,321,0.9689252972602844,1.7447808980941772
cifar10_00017_horse,15,10,0,321,0.9353040456771851,1.844951868057251
cifar10_00017_horse,17,22,0,321,0.9852219820022583,1.7606452703475952
cifar10_00017_horse,15,31,0,321,0.935038149356842,1.937424659729004
cifar10_00017_horse,0,3,0,321,0.8871575593948364,1.9387714862823486
cifar10_00017_horse,7,11,0,321,0.8904644250869751,1.5005100965499878
cifar10_00017_horse,26,19,0,321,0.9367479085922241,1.9322741031646729
cifar10_00017_horse,3,8,0,321,0.9037854671478271,1.6991651058197021
cifar10_00017_horse,20,21,0,321,1.006432294845581,1.6290128231048584
cifar10_00017_horse,1,15,0,321,0.9426970481872559,1.6903401613235474
cifar10_00017_horse,5,0,0,321,0.9730955958366394,1.7131156921386719
cifar10_00017_horse,8,28,0,321,0.921737790107727,1.7847797870635986
cifar10_00017_horse,30,19,0,321,0.952646791934967,1.8947303295135498
cifar10_00017_horse,29,31,0,321,0.9203463196754456,1.76139235496521
cifar10_00017_horse,29,0,0,321,2.0954298973083496,1.744279384613037
cifar10_00017_horse,15,4,0,321,0.9093253016471863,1.1988509893417358
cifar10_00017_horse,5,1,0,321,0.8459838032722473,1.7745708227157593
cifar10_00017_horse,23,22,0,321,0.9587336182594299,1.4871931076049805
cifar10_00017_horse,10,27,0,321,0.8849623203277588,1.9245259761810303
cifar10_00017_horse,0,12,0,321,0.9693737030029297,1.9152324199676514
cifar10_00017_horse,18,24,0,321,1.0085837841033936,1.8298225402832031
cifar10_00017_horse,23,26,0,321,0.9149930477142334,1.6506953239440918
cifar10_00017_horse,5,30,0,321,1.0140554904937744,1.8293962478637695
cifar10_00017_horse,8,15,0,321,0.889847457408905,1.6831529140472412
cifar10_00017_horse,2,8,0,321,0.8651914596557617,1.7553664445877075
cifar10_00017_horse,3,11,0,321,0.9217537045478821,1.738996982574463
cifar10_00017_horse,18,4,0,321,0.9200395345687866,1.1739765405654907
cifar10_00017_horse,14,10,0,321,0.8849313855171204,1.8232542276382446
cifar10_00017_horse,23,14,0,321,1.0487468242645264,1.628965139389038
cifar10_00017_horse,30,29,0,321,0.9510802626609802,1.7911741733551025
cifar10_00017_horse,14,5,0,321,0.9587287306785583,1.2443379163742065
cifar10_00017_horse,19,25,0,321,0.8578612804412842,1.7762037515640259
cifar10_00017_horse,20,24,0,321,0.9218504428863525,1.455716848373413
cifar10_00017_horse,21,21,0,321,0.9971883296966553,1.6710503101348877
cifar10_00017_horse,24,5,0,321,0.12206411361694336,1.5381572246551514
cifar10_00017_horse,15,6,0,321,0.8889872431755066,1.1262054443359375
cifar10_00017_horse,1,22,0,321,0.8066319823265076,1.60970139503479
cifar10_00017_horse,24,7,0,321,0.6920726299285889,1.6370036602020264
cifar10_00017_horse,30,10,0,321,0.9310226440429688,1.8267066478729248
cifar10_00017_horse,30,25,0,321,0.9563258290290833,1.982275366783142
cifar10_00017_horse,14,31,0,321,0.9180814623832703,1.8632522821426392
cifar10_00017_horse,24,2,0,321,0.8381307125091553,1.5957891941070557
cifar10_00017_horse,16,1,0,321,0.9192065000534058,1.3576778173446655
cifar10_00017_horse,10,30,0,321,0.9036107659339905,1.895239233970642
cifar10_00017_horse,6,6,0,321,0.8940916061401367,1.8398747444152832
cifar10_00017_horse,5,31,0,321,0.9751833081245422,1.8085486888885498
cifar10_00017_horse,10,12,0,321,0.9563319087028503,1.4998605251312256
cifar10_00017_horse,19,11,0,321,0.9675498008728027,1.5571454763412476
cifar10_00017_horse,29,14,0,321,0.9473399519920349,1.7693699598312378
cifar10_00017_horse,30,13,0,321,0.9182868003845215,1.8716495037078857
cifar10_00017_horse,18,2,0,321,0.8533397316932678,1.2087337970733643
cifar10_00017_horse,15,3,0,321,0.9363335371017456,1.257455825805664
cifar10_00017_horse,20,5,0,321,0.9539140462875366,1.321752667427063
cifar10_00017_horse,1,18,0,321,0.9474081993103027,1.6628440618515015
cifar10_00017_horse,19,22,0,321,1.0018491744995117,1.6235876083374023
cifar10_00017_horse,6,16,0,321,0.9736077189445496,1.839354157447815
cifar10_00017_horse,20,19,0,321,0.925488293170929,1.6730778217315674
cifar10_00017_horse,2,19,0,321,0.9912132024765015,1.6848828792572021
cifar10_00017_horse,4,0,0,321,0.9758684635162354,1.675642967224121
cifar10_00017_horse,30,26,0,321,0.9061337113380432,1.9114253520965576
cifar10_00017_horse,6,19,0,321,0.9207079410552979,1.8609495162963867
cifar10_00017_horse,30,15,0,321,0.8738869428634644,1.8133195638656616
cifar10_00017_horse,12,0,0,321,0.9025349617004395,1.8123191595077515
cifar10_00017_horse,25,15,0,321,0.9407570362091064,1.9429080486297607
cifar10_00017_horse,12,28,0,321,0.9400316476821899,1.8290488719940186
cifar10_00017_horse,26,24,1,322,0.8227392435073853,1.0917147397994995
cifar10_00017_horse,12,2,1,322,0.7660554051399231,0.9739582538604736
cifar10_00017_horse,9,26,1,322,0.6920105218887329,1.1856756210327148
cifar10_00017_horse,3,23,1,322,0.669541597366333,1.172864317893982
cifar10_00017_horse,17,6,1,322,0.5007565021514893,0.945749044418335
cifar10_00017_horse,23,10,1,322,0.6284430027008057,1.3251625299453735
cifar10_00017_horse,11,14,1,322,0.6093215942382812,1.2907953262329102
cifar10_00017_horse,29,12,1,322,0.5298876166343689,1.258066177368164
cifar10_00017_horse,8,23,1,322,0.5942723751068115,1.2408688068389893
cifar10_00017_horse,10,23,1,322,0.8037094473838806,1.1254700422286987
cifar10_00017_horse,29,29,1,322,0.8203896880149841,1.4737403392791748
cifar10_00017_horse,29,24,1,322,0.8031203746795654,0.49574828147888184
cifar10_00017_horse,26,22,1,322,0.9548522233963013,1.4021317958831787
cifar10_00017_horse,13,2,1,322,0.8385992050170898,0.9158742427825928
cifar10_00017_horse,7,15,1,322,0.8606907725334167,0.9875320196151733
cifar10_00017_horse,0,6,1,322,1.0579757690429688,1.5047740936279297
cifar10_00017_horse,23,24,1,322,0.27296942472457886,0.9189338684082031
cifar10_00017_horse,12,16,1,322,0.8748063445091248,1.5592308044433594
cifar10_00017_horse,21,0,1,322,0.9119993448257446,0.9349416494369507
cifar10_00017_horse,13,12,1,322,0.8193280696868896,1.0181330442428589
cifar10_00017_horse,21,13,1,322,0.8728737235069275,0.6468343734741211
cifar10_00017_horse,5,2,1,322,0.7561477422714233,1.3176625967025757
cifar10_00017_horse,28,27,1,322,3.0447793006896973,1.2005671262741089
cifar10_00017_horse,16,31,1,322,0.9030174612998962,1.279356837272644
cifar10_00017_horse,22,29,1,322,0.7575322389602661,1.1747093200683594
cifar10_00017_horse,28,5,1,322,0.8922106027603149,1.4955275058746338
cifar10_00017_horse,26,7,1,322,0.6589806079864502,1.3972179889678955
cifar10_00017_horse,22,5,1,322,0.8053220510482788,1.5555059909820557
cifar10_00017_horse,26,10,1,322,0.8974271416664124,1.2960999011993408
cifar10_00017_horse,2,5,1,322,0.9195606708526611,1.1664459705352783
cifar10_00017_horse,19,24,1,322,0.7104987502098083,1.2980046272277832
cifar10_00017_horse,7,17,1,322,0.7610787153244019,1.142505168914795
cifar10_00017_horse,26,8,1,322,0.5894631147384644,1.3108659982681274
cifar10_00017_horse,11,17,1,322,0.8576773405075073,1.0849069356918335
cifar10_00017_horse,17,27,1,322,0.9183353781700134,1.2971491813659668
cifar10_00017_horse,15,19,1,322,0.7759989500045776,1.2661024332046509
cifar10_00017_horse,7,12,1,322,0.6975721716880798,0.7165000438690186
cifar10_00017_horse,18,7,1,322,0.49255532026290894,1.2042587995529175
cifar10_00017_horse,2,15,1,322,0.8671181797981262,1.0454334020614624
cifar10_00017_horse,16,10,1,322,0.8423377871513367,1.52067232131958
cifar10_00017_horse,0,4,1,322,0.7582684755325317,1.3818871974945068
cifar10_00017_horse,0,5,1,322,0.9980865716934204,1.337951898574829
cifar10_00017_horse,13,22,1,322,0.9146840572357178,1.1719954013824463
cifar10_00017_horse,3,25,1,322,0.9711923003196716,1.523926019668579
cifar10_00017_horse,1,21,1,322,0.8030706644058228,1.2793911695480347
cifar10_00017_horse,30,12,1,322,1.0081958770751953,1.4382460117340088
cifar10_00017_horse,12,3,1,322,0.858797550201416,0.8793995380401611
cifar10_00017_horse,26,2,1,322,0.7052056789398193,1.4471020698547363
cifar10_00017_horse,24,15,1,322,0.769271731376648,1.1647874116897583
cifar10_00017_horse,0,18,1,322,1.006983757019043,1.3603613376617432
cifar10_00017_horse,26,14,1,322,0.6838182210922241,0.9570739269256592
cifar10_00017_horse,4,8,1,322,0.7224865555763245,1.3569860458374023
cifar10_00017_horse,30,0,1,322,0.6228123903274536,1.3773149251937866
cifar10_00017_horse,10,31,1,322,0.7068899869918823,1.4355652332305908
cifar10_00017_horse,12,26,1,322,0.7779566049575806,1.1539629697799683
cifar10_00017_horse,22,8,1,322,0.6408262252807617,1.4350978136062622
cifar10_00017_horse,13,18,1,322,0.43717044591903687,1.3385334014892578
cifar10_00017_horse,0,28,1,322,0.8239601254463196,0.9334067106246948
cifar10_00017_horse,22,9,1,322,0.8536280393600464,1.224461317062378
cifar10_00017_horse,17,28,1,322,0.9274191856384277,1.321199893951416
cifar10_00017_horse,8,9,1,322,0.9090791940689087,1.2223777770996094
cifar10_00017_horse,15,28,1,322,0.782355785369873,1.345869779586792
cifar10_00017_horse,22,1,1,322,0.7487595081329346,1.2704600095748901
cifar10_00017_horse,24,17,1,322,0.8191477060317993,1.346874713897705
cifar10_00017_horse,15,10,1,322,0.853020429611206,1.63466215133667
cifar10_00017_horse,17,22,1,322,0.7542812824249268,1.406355381011963
cifar10_00017_horse,15,31,1,322,0.8975703716278076,1.341139793395996
cifar10_00017_horse,0,3,1,322,0.8576046824455261,1.3403407335281372
cifar10_00017_horse,7,11,1,322,0.7955710887908936,0.8517225980758667
cifar10_00017_horse,26,19,1,322,0.6329643726348877,1.235753059387207
cifar10_00017_horse,3,8,1,322,0.9011033177375793,1.2349992990493774
cifar10_00017_horse,20,21,1,322,0.830413281917572,1.4596107006072998
cifar10_00017_horse,1,15,1,322,0.9984684586524963,1.4713189601898193
cifar10_00017_horse,5,0,1,322,0.9220064878463745,1.670212745666504
cifar10_00017_horse,8,28,1,322,0.8127424716949463,1.3621262311935425
cifar10_00017_horse,30,19,1,322,0.6422001123428345,1.44554603099823
cifar10_00017_horse,29,31,1,322,0.8896690607070923,1.133563756942749
cifar10_00017_horse,29,0,1,322,0.6849721670150757,1.1556353569030762
cifar10_00017_horse,15,4,1,322,0.7782527208328247,0.8101760149002075
cifar10_00017_horse,5,1,1,322,0.9077848196029663,1.4085955619812012
cifar10_00017_horse,23,22,1,322,0.8194634914398193,1.2685801982879639
cifar10_00017_horse,10,27,1,322,0.7537893652915955,1.3355059623718262
cifar10_00017_horse,0,12,1,322,0.865463376045227,1.375061273574829
cifar10_00017_horse,18,24,1,322,0.58027184009552,1.2505602836608887
cifar10_00017_horse,23,26,1,322,0.807698130607605,1.3300352096557617
cifar10_00017_horse,5,30,1,322,0.8557984232902527,1.2894577980041504
cifar10_00017_horse,8,15,1,322,0.748167872428894,0.9141356945037842
cifar10_00017_horse,2,8,1,322,0.8950338363647461,1.1432712078094482
cifar10_00017_horse,3,11,1,322,0.7634212374687195,1.2464994192123413
cifar10_00017_horse,18,4,1,322,0.8907800912857056,0.8294087648391724
cifar10_00017_horse,14,10,1,322,1.0222258567810059,1.4441936016082764
cifar10_00017_horse,23,14,1,322,0.8554443717002869,1.0584965944290161
cifar10_00017_horse,30,29,1,322,0.8258591890335083,1.5052560567855835
cifar10_00017_horse,14,5,1,322,0.6251639127731323,0.6858854293823242
cifar10_00017_horse,19,25,1,322,0.47816798090934753,1.216379165649414
cifar10_00017_horse,20,24,1,322,0.6281623244285583,1.0509780645370483
cifar10_00017_horse,21,21,1,322,0.8447503447532654,1.1690183877944946
cifar10_00017_horse,24,5,1,322,-2.5488696098327637,-0.48497486114501953
cifar10_00017_horse,15,6,1,322,0.5679526925086975,0.6418464183807373
cifar10_00017_horse,1,22,1,322,0.9033580422401428,1.4116548299789429
cifar10_00017_horse,24,7,1,322,0.6328978538513184,1.3434398174285889
cifar10_00017_horse,30,10,1,322,0.8154786825180054,1.5213701725006104
cifar10_00017_horse,30,25,1,322,0.4316568672657013,1.3847970962524414
cifar10_00017_horse,14,31,1,322,0.6790010929107666,1.4516717195510864
cifar10_00017_horse,24,2,1,322,0.8043755888938904,1.336698293685913
cifar10_00017_horse,16,1,1,322,0.9054676294326782,1.0689210891723633
cifar10_00017_horse,10,30,1,322,0.7156772613525391,1.4577596187591553
cifar10_00017_horse,6,6,1,322,0.5008322596549988,1.2415943145751953
cifar10_00017_horse,5,31,1,322,0.855825662612915,1.4034618139266968
cifar10_00017_horse,10,12,1,322,0.8044828176498413,1.159958839416504
cifar10_00017_horse,19,11,1,322,0.8331832885742188,0.9739652872085571
cifar10_00017_horse,29,14,1,322,0.9317747950553894,1.305580973625183
cifar10_00017_horse,30,13,1,322,0.9278315901756287,1.3799834251403809
cifar10_00017_horse,18,2,1,322,0.7176324725151062,0.8481305837631226
cifar10_00017_horse,15,3,1,322,0.8063427209854126,0.8486576080322266
cifar10_00017_horse,20,5,1,322,0.8160691261291504,0.7563332319259644
cifar10_00017_horse,1,18,1,322,0.9333332777023315,1.3824386596679688
cifar10_00017_horse,19,22,1,322,0.7299412488937378,1.38302481174469
cifar10_00017_horse,6,16,1,322,0.6459821462631226,1.467427372932434
cifar10_00017_horse,20,19,1,322,0.9752485156059265,1.3427621126174927
cifar10_00017_horse,2,19,1,322,0.8500509262084961,1.2977511882781982
cifar10_00017_horse,4,0,1,322,0.746618926525116,1.391671895980835
cifar10_00017_horse,30,26,1,322,0.42950528860092163,0.9652773141860962
cifar10_00017_horse,6,19,1,322,0.699905276298523,1.1809864044189453
cifar10_00017_horse,30,15,1,322,0.8412634134292603,1.3727989196777344
cifar10_00017_horse,12,0,1,322,0.7454240322113037,1.1552882194519043
cifar10_00017_horse,25,15,1,322,0.8166895508766174,1.3661901950836182
cifar10_00017_horse,12,28,1,322,0.9071388840675354,1.4552571773529053
cifar10_00018_ship,6,21,0,321,0.8975287675857544,1.8451579809188843
cifar10_00018_ship,19,16,0,321,0.9273161292076111,1.8563082218170166
cifar10_00018_ship,30,8,0,321,0.9793169498443604,0.6247590184211731
cifar10_00018_ship,25,19,0,321,1.0292524099349976,1.3702811002731323
cifar10_00018_ship,22,27,0,321,0.8762441277503967,1.3142280578613281
cifar10_00018_ship,30,16,0,321,0.9640549421310425,1.1593799591064453
cifar10_00018_ship,20,0,0,321,0.9696213603019714,1.7757086753845215
cifar10_00018_ship,4,20,0,321,0.9174895286560059,1.9083433151245117
cifar10_00018_ship,19,26,0,321,0.9930860996246338,1.5038001537322998
cifar10_00018_ship,22,6,0,321,0.9192357063293457,1.509192943572998
cifar10_00018_ship,3,19,0,321,0.9737091064453125,1.9835536479949951
cifar10_00018_ship,31,28,0,321,0.8198662400245667,1.3643288612365723
cifar10_00018_ship,31,16,0,321,0.9118636846542358,1.4067564010620117
cifar10_00018_ship,27,27,0,321,0.9315322637557983,1.2641953229904175
cifar10_00018_ship,21,22,0,321,0.9433667659759521,1.4261690378189087
cifar10_00018_ship,6,15,0,321,0.8650106191635132,1.8810169696807861
cifar10_00018_ship,10,14,0,321,0.9079254865646362,2.100339412689209
cifar10_00018_ship,28,17,0,321,0.9085686206817627,1.0363805294036865
cifar10_00018_ship,22,2,0,321,0.9388318657875061,2.066084384918213
cifar10_00018_ship,29,18,0,321,0.9853533506393433,1.466299295425415
cifar10_00018_ship,5,24,0,321,0.9353969097137451,1.9907569885253906
cifar10_00018_ship,5,9,0,321,0.9499914646148682,1.9398983716964722
cifar10_00018_ship,21,25,0,321,0.9273509979248047,1.1396055221557617
cifar10_00018_ship,6,6,0,321,0.7990244030952454,1.9082236289978027
cifar10_00018_ship,16,7,0,321,0.9829836487770081,1.8990907669067383
cifar10_00018_ship,9,5,0,321,0.9186176657676697,1.9304839372634888
cifar10_00018_ship,0,8,0,321,0.9170268774032593,1.937973976135254
cifar10_00018_ship,26,6,0,321,0.8304684162139893,1.5246880054473877
cifar10_00018_ship,11,24,0,321,0.8610890507698059,1.8440475463867188
cifar10_00018_ship,29,24,0,321,0.850023627281189,1.716291904449463
cifar10_00018_ship,6,7,0,321,0.8125389814376831,1.8571237325668335
cifar10_00018_ship,22,29,0,321,0.9854977130889893,1.9071171283721924
cifar10_00018_ship,19,14,0,321,0.9297232627868652,1.8041212558746338
cifar10_00018_ship,21,8,0,321,0.9275991916656494,1.3294103145599365
cifar10_00018_ship,14,5,0,321,0.8515307307243347,1.884177565574646
cifar10_00018_ship,19,24,0,321,0.9432191252708435,1.4408817291259766
cifar10_00018_ship,0,23,0,321,0.8426874279975891,1.7377040386199951
cifar10_00018_ship,4,27,0,321,0.9440613389015198,1.8374251127243042
cifar10_00018_ship,1,5,0,321,0.9673498272895813,2.02813982963562
cifar10_00018_ship,5,2,0,321,0.8735858798027039,1.9387216567993164
cifar10_00018_ship,6,12,0,321,1.0050745010375977,1.943129301071167
cifar10_00018_ship,8,10,0,321,1.0387636423110962,1.9463684558868408
cifar10_00018_ship,8,19,0,321,1.0315072536468506,1.9126367568969727
cifar10_00018_ship,19,17,0,321,0.9725948572158813,1.820046305656433
cifar10_00018_ship,7,25,0,321,0.9528074264526367,2.074625253677368
cifar10_00018_ship,0,26,0,321,0.8365899920463562,1.8803858757019043
cifar10_00018_ship,9,14,0,321,0.9336332082748413,1.9625771045684814
cifar10_00018_ship,1,29,0,321,0.8266690373420715,2.0453603267669678
cifar10_00018_ship,12,0,0,321,0.9496769905090332,1.8110077381134033
cifar10_00018_ship,8,15,0,321,0.9569070935249329,1.9991939067840576
cifar10_00018_ship,13,21,0,321,1.0037877559661865,1.8019206523895264
cifar10_00018_ship,7,18,0,321,0.9481716156005859,1.9734487533569336
cifar10_00018_ship,2,23,0,321,0.8879748582839966,1.7522757053375244
cifar10_00018_ship,7,31,0,321,0.8802902102470398,1.751861810684204
cifar10_00018_ship,15,16,0,321,1.0402333736419678,1.9287216663360596
cifar10_00018_ship,31,11,0,321,0.7424935102462769,1.078853964805603
cifar10_00018_ship,9,31,0,321,0.854655385017395,1.8843159675598145
cifar10_00018_ship,0,29,0,321,0.9039372801780701,1.9058449268341064
cifar10_00018_ship,24,23,0,321,0.9233814477920532,1.056679606437683
cifar10_00018_ship,12,7,0,321,0.940269947052002,1.9018430709838867
cifar10_00018_ship,1,26,0,321,0.8228027820587158,1.943050503730774
cifar10_00018_ship,6,20,0,321,0.888859212398529,1.9788818359375
cifar10_00018_ship,30,17,0,321,0.8780924081802368,1.267250418663025
cifar10_00018_ship,10,5,0,321,0.9142577648162842,1.8998676538467407
cifar10_00018_ship,14,1,0,321,0.9521865844726562,1.8039575815200806
cifar10_00018_ship,14,22,0,321,0.9270266890525818,1.9654254913330078
cifar10_00018_ship,1,6,0,321,0.8666558861732483,1.9229087829589844
cifar10_00018_ship,10,21,0,321,0.9541301131248474,1.929856300354004
cifar10_00018_ship,25,17,0,321,0.9492529630661011,1.3313324451446533
cifar10_00018_ship,17,19,0,321,0.9187394976615906,1.7195956707000732
cifar10_00018_ship,27,8,0,321,0.7856204509735107,0.33415448665618896
cifar10_00018_ship,22,20,0,321,0.9558334350585938,1.2495815753936768
cifar10_00018_ship,10,11,0,321,0.9537514448165894,1.9697329998016357
cifar10_00018_ship,16,17,0,321,0.8980778455734253,1.7605183124542236
cifar10_00018_ship,26,25,0,321,0.8440013527870178,0.5813971161842346
cifar10_00018_ship,7,17,0,321,0.8327733278274536,2.0253796577453613
cifar10_00018_ship,12,6,0,321,0.8510568141937256,1.7930946350097656
cifar10_00018_ship,14,20,0,321,0.9412076473236084,1.9618291854858398
cifar10_00018_ship,3,24,0,321,0.9395912885665894,1.9585710763931274
cifar10_00018_ship,31,14,0,321,0.8336502313613892,1.231378197669983
cifar10_00018_ship,28,3,0,321,0.860323429107666,1.8704822063446045
cifar10_00018_ship,3,16,0,321,1.0488905906677246,2.0364627838134766
cifar10_00018_ship,11,16,0,321,0.8388091921806335,1.9133596420288086
cifar10_00018_ship,1,20,0,321,0.7696630954742432,1.707290768623352
cifar10_00018_ship,2,21,0,321,0.9886142015457153,2.036527633666992
cifar10_00018_ship,19,29,0,321,0.9510430693626404,1.8177003860473633
cifar10_00018_ship,21,18,0,321,0.9553660154342651,1.433555006980896
cifar10_00018_ship,15,17,0,321,0.9458105564117432,1.840147614479065
cifar10_00018_ship,17,1,0,321,0.8364084959030151,1.9895683526992798
cifar10_00018_ship,29,4,0,321,0.9204793572425842,1.5090302228927612
cifar10_00018_ship,10,16,0,321,0.9485043287277222,1.9102709293365479
cifar10_00018_ship,19,19,0,321,0.8825420141220093,1.6801764965057373
cifar10_00018_ship,28,13,0,321,0.9052520394325256,0.9314614534378052
cifar10_00018_ship,0,25,0,321,0.880378246307373,1.9189504384994507
cifar10_00018_ship,3,8,0,321,0.8522239923477173,1.988577127456665
cifar10_00018_ship,12,23,0,321,1.0057083368301392,1.90700101852417
cifar10_00018_ship,28,16,0,321,0.8675662875175476,0.8850866556167603
cifar10_00018_ship,28,31,0,321,0.9612200856208801,2.0166807174682617
cifar10_00018_ship,21,16,0,321,0.9225807785987854,1.3709516525268555
cifar10_00018_ship,11,2,0,321,0.9442850351333618,2.083141326904297
cifar10_00018_ship,30,1,0,321,0.7604837417602539,0.7151563763618469
cifar10_00018_ship,13,4,0,321,1.004676103591919,1.9321889877319336
cifar10_00018_ship,6,17,0,321,1.0221550464630127,2.021683692932129
cifar10_00018_ship,12,8,0,321,0.9026108384132385,1.8924193382263184
cifar10_00018_ship,24,9,0,321,1.0029256343841553,1.0426527261734009
cifar10_00018_ship,17,14,0,321,0.8604356050491333,1.8931396007537842
cifar10_00018_ship,28,1,0,321,0.771516740322113,1.2116954326629639
cifar10_00018_ship,23,21,0,321,0.9302067756652832,0.3518608808517456
cifar10_00018_ship,13,5,0,321,0.9387057423591614,1.9289052486419678
cifar10_00018_ship,16,0,0,321,0.9639256000518799,1.865763545036316
cifar10_00018_ship,6,4,0,321,0.7484033703804016,1.9393248558044434
cifar10_00018_ship,27,0,0,321,0.8224319219589233,0.4447668194770813
cifar10_00018_ship,8,16,0,321,0.7883733510971069,1.9920214414596558
cifar10_00018_ship,18,2,0,321,0.9386652708053589,1.909175157546997
cifar10_00018_ship,15,29,0,321,0.9797243475914001,1.9424355030059814
cifar10_00018_ship,31,20,0,321,0.8947510719299316,1.8496803045272827
cifar10_00018_ship,2,5,0,321,0.8262842893600464,2.056621789932251
cifar10_00018_ship,24,13,0,321,0.9220520257949829,1.0695778131484985
cifar10_00018_ship,1,14,0,321,0.8822757601737976,1.9748800992965698
cifar10_00018_ship,14,18,0,321,0.9477682709693909,1.9386029243469238
cifar10_00018_ship,17,30,0,321,0.9065176248550415,1.814544677734375
cifar10_00018_ship,29,21,0,321,1.0249356031417847,1.5018141269683838
cifar10_00018_ship,8,24,0,321,0.9918116927146912,1.8841344118118286
cifar10_00018_ship,26,18,0,321,0.879645049571991,0.8641979694366455
cifar10_00018_ship,29,27,0,321,0.9079374074935913,1.4532761573791504
cifar10_00018_ship,13,6,0,321,0.9917194247245789,1.8726742267608643
cifar10_00018_ship,24,30,0,321,0.9241751432418823,1.8515033721923828
cifar10_00018_ship,23,28,0,321,0.9609193205833435,1.7212650775909424
cifar10_00018_ship,6,21,1,322,0.8488155603408813,1.5297949314117432
cifar10_00018_ship,19,16,1,322,0.7914767861366272,1.2924442291259766
cifar10_00018_ship,30,8,1,322,0.8001013994216919,0.9299499988555908
cifar10_00018_ship,25,19,1,322,0.8156241774559021,0.5832986831665039
cifar10_00018_ship,22,27,1,322,0.7225596904754639,0.6644526720046997
cifar10_00018_ship,30,16,1,322,0.8224080801010132,1.236260175704956
cifar10_00018_ship,20,0,1,322,0.827595055103302,1.6118733882904053
cifar10_00018_ship,4,20,1,322,0.7370345592498779,1.1792113780975342
cifar10_00018_ship,19,26,1,322,0.8172684907913208,1.08451247215271
cifar10_00018_ship,22,6,1,322,0.755384087562561,0.8151845932006836
cifar10_00018_ship,3,19,1,322,0.5788900852203369,1.1451828479766846
cifar10_00018_ship,31,28,1,322,0.8388976454734802,1.534419298171997
cifar10_00018_ship,31,16,1,322,0.8696717619895935,1.6095530986785889
cifar10_00018_ship,27,27,1,322,0.8322243690490723,1.2943594455718994
cifar10_00018_ship,21,22,1,322,0.922135055065155,0.6041570901870728
cifar10_00018_ship,6,15,1,322,0.5794503092765808,0.9447633028030396
cifar10_00018_ship,10,14,1,322,0.683828592300415,0.7213727235794067
cifar10_00018_ship,28,17,1,322,0.8605973124504089,1.3178589344024658
cifar10_00018_ship,22,2,1,322,0.8724943399429321,1.194492220878601
cifar10_00018_ship,29,18,1,322,0.7088136672973633,1.1334036588668823
cifar10_00018_ship,5,24,1,322,0.670522928237915,1.4319120645523071
cifar10_00018_ship,5,9,1,322,0.3383806347846985,0.5143982768058777
cifar10_00018_ship,21,25,1,322,0.8826499581336975,0.7595379948616028
cifar10_00018_ship,6,6,1,322,0.9990479946136475,1.0799612998962402
cifar10_00018_ship,16,7,1,322,0.8729425072669983,1.4280438423156738
cifar10_00018_ship,9,5,1,322,0.9300347566604614,1.3255621194839478
cifar10_00018_ship,0,8,1,322,0.8582794666290283,1.2953150272369385
cifar10_00018_ship,26,6,1,322,0.8643520474433899,1.031538486480713
cifar10_00018_ship,11,24,1,322,0.8960821628570557,1.6124024391174316
cifar10_00018_ship,29,24,1,322,0.8048970103263855,1.2703853845596313
cifar10_00018_ship,6,7,1,322,0.6263444423675537,1.173035979270935
cifar10_00018_ship,22,29,1,322,0.7325757741928101,1.265891671180725
cifar10_00018_ship,19,14,1,322,0.8408020734786987,1.4106628894805908
cifar10_00018_ship,21,8,1,322,0.8367980718612671,0.8923461437225342
cifar10_00018_ship,14,5,1,322,0.4963149428367615,1.2034852504730225
cifar10_00018_ship,19,24,1,322,0.8960167169570923,1.0245097875595093
cifar10_00018_ship,0,23,1,322,0.7847539782524109,1.2477002143859863
cifar10_00018_ship,4,27,1,322,0.8833245038986206,1.400359869003296
cifar10_00018_ship,1,5,1,322,0.9313313961029053,1.2012346982955933
cifar10_00018_ship,5,2,1,322,0.47690051794052124,1.5495648384094238
cifar10_00018_ship,6,12,1,322,0.7197651863098145,1.2140069007873535
cifar10_00018_ship,8,10,1,322,0.6493602991104126,1.3473743200302124
cifar10_00018_ship,8,19,1,322,0.7038781046867371,1.2461819648742676
cifar10_00018_ship,19,17,1,322,0.7141861319541931,1.5180248022079468
cifar10_00018_ship,7,25,1,322,0.9310683012008667,1.2066621780395508
cifar10_00018_ship,0,26,1,322,0.9558402299880981,1.3542534112930298
cifar10_00018_ship,9,14,1,322,0.726969838142395,1.3537846803665161
cifar10_00018_ship,1,29,1,322,0.7898358106613159,1.1388567686080933
cifar10_00018_ship,12,0,1,322,0.7744930982589722,1.6445733308792114
cifar10_00018_ship,8,15,1,322,0.8543418645858765,1.2326871156692505
cifar10_00018_ship,13,21,1,322,0.8257538080215454,1.5567039251327515
cifar10_00018_ship,7,18,1,322,0.4615321755409241,0.8536874055862427
cifar10_00018_ship,2,23,1,322,0.6412585973739624,1.268778681755066
cifar10_00018_ship,7,31,1,322,0.5846414566040039,1.5255393981933594
cifar10_00018_ship,15,16,1,322,0.7228193283081055,1.2076984643936157
cifar10_00018_ship,31,11,1,322,0.909359872341156,1.7903180122375488
cifar10_00018_ship,9,31,1,322,0.8006876707077026,1.4496965408325195
cifar10_00018_ship,0,29,1,322,0.8334597945213318,1.4852761030197144
cifar10_00018_ship,24,23,1,322,0.7310736775398254,0.2992067337036133
cifar10_00018_ship,12,7,1,322,0.7641316652297974,1.0563864707946777
cifar10_00018_ship,1,26,1,322,0.9947178363800049,1.422002911567688
cifar10_00018_ship,6,20,1,322,0.9177401661872864,1.1928731203079224
cifar10_00018_ship,30,17,1,322,0.9591400623321533,1.2650322914123535
cifar10_00018_ship,10,5,1,322,0.9224392175674438,1.5239462852478027
cifar10_00018_ship,14,1,1,322,0.7238171696662903,1.5038288831710815
cifar10_00018_ship,14,22,1,322,0.8999636769294739,1.4124025106430054
cifar10_00018_ship,1,6,1,322,0.9188292026519775,1.545710563659668
cifar10_00018_ship,10,21,1,322,0.9872972965240479,1.1843996047973633
cifar10_00018_ship,25,17,1,322,0.7476080060005188,0.7236384153366089
cifar10_00018_ship,17,19,1,322,0.6285947561264038,1.0055450201034546
cifar10_00018_ship,27,8,1,322,0.6432775259017944,0.7203110456466675
cifar10_00018_ship,22,20,1,322,0.9098507761955261,0.8312487602233887
cifar10_00018_ship,10,11,1,322,0.7014211416244507,1.4872994422912598
cifar10_00018_ship,16,17,1,322,0.808585524559021,1.41841459274292
cifar10_00018_ship,26,25,1,322,0.8717455267906189,1.1010825634002686
cifar10_00018_ship,7,17,1,322,0.7724058032035828,1.2637431621551514
cifar10_00018_ship,12,6,1,322,0.8370484113693237,1.5035531520843506
cifar10_00018_ship,14,20,1,322,0.8096116781234741,1.4570841789245605
cifar10_00018_ship,3,24,1,322,0.5090146064758301,1.3086143732070923
cifar10_00018_ship,31,14,1,322,0.922246515750885,1.502860426902771
cifar10_00018_ship,28,3,1,322,0.9195581674575806,1.3130297660827637
cifar10_00018_ship,3,16,1,322,0.6529075503349304,0.8557502031326294
cifar10_00018_ship,11,16,1,322,0.9332582354545593,1.2543528079986572
cifar10_00018_ship,1,20,1,322,0.5730044841766357,0.9158412218093872
cifar10_00018_ship,2,21,1,322,0.5776614546775818,1.473950982093811
cifar10_00018_ship,19,29,1,322,0.5947370529174805,1.4496233463287354
cifar10_00018_ship,21,18,1,322,0.6483012437820435,1.1738464832305908
cifar10_00018_ship,15,17,1,322,0.8627435564994812,1.5319066047668457
cifar10_00018_ship,17,1,1,322,0.8768086433410645,1.4164316654205322
cifar10_00018_ship,29,4,1,322,0.9120903015136719,0.9762189388275146
cifar10_00018_ship,10,16,1,322,0.9524374008178711,1.2989578247070312
cifar10_00018_ship,19,19,1,322,0.9684079885482788,1.3800523281097412
cifar10_00018_ship,28,13,1,322,0.7628446817398071,1.0102424621582031
cifar10_00018_ship,0,25,1,322,0.9065055847167969,1.3371686935424805
cifar10_00018_ship,3,8,1,322,0.659593403339386,1.1301884651184082
cifar10_00018_ship,12,23,1,322,0.6464866399765015,1.4981575012207031
cifar10_00018_ship,28,16,1,322,0.8935939073562622,1.178386926651001
cifar10_00018_ship,28,31,1,322,0.830116868019104,1.603271484375
cifar10_00018_ship,21,16,1,322,0.8830633163452148,0.9479768872261047
cifar10_00018_ship,11,2,1,322,0.7296477556228638,1.36968994140625
cifar10_00018_ship,30,1,1,322,0.668860137462616,1.3522062301635742
cifar10_00018_ship,13,4,1,322,0.7637183666229248,1.5182335376739502
cifar10_00018_ship,6,17,1,322,0.5606552958488464,1.08222234249115
cifar10_00018_ship,12,8,1,322,0.8288663029670715,1.3570775985717773
cifar10_00018_ship,24,9,1,322,0.7156193256378174,0.9594346880912781
cifar10_00018_ship,17,14,1,322,0.8193634152412415,1.5346310138702393
cifar10_00018_ship,28,1,1,322,0.7442609071731567,1.0949350595474243
cifar10_00018_ship,23,21,1,322,0.8040009140968323,0.3740288019180298
cifar10_00018_ship,13,5,1,322,0.7935391068458557,1.5007447004318237
cifar10_00018_ship,16,0,1,322,0.9713383913040161,1.4735157489776611
cifar10_00018_ship,6,4,1,322,0.6487258672714233,1.3873580694198608
cifar10_00018_ship,27,0,1,322,0.7342338562011719,1.4546607732772827
cifar10_00018_ship,8,16,1,322,0.8780645728111267,1.3069053888320923
cifar10_00018_ship,18,2,1,322,0.8691015839576721,1.2455335855484009
cifar10_00018_ship,15,29,1,322,0.7864730358123779,1.472883939743042
cifar10_00018_ship,31,20,1,322,0.5586729049682617,1.6384687423706055
cifar10_00018_ship,2,5,1,322,1.0333921909332275,0.956356406211853
cifar10_00018_ship,24,13,1,322,0.6783838272094727,0.5342287421226501
cifar10_00018_ship,1,14,1,322,0.8994160890579224,1.0158567428588867
cifar10_00018_ship,14,18,1,322,0.8267307281494141,1.462312936782837
cifar10_00018_ship,17,30,1,322,0.41710180044174194,1.5836400985717773
cifar10_00018_ship,29,21,1,322,0.7708832621574402,1.3572328090667725
cifar10_00018_ship,8,24,1,322,1.0373010635375977,1.461228847503662
cifar10_00018_ship,26,18,1,322,0.8873500227928162,0.33717411756515503
cifar10_00018_ship,29,27,1,322,0.848402738571167,1.4294426441192627
cifar10_00018_ship,13,6,1,322,0.8979066610336304,1.909490704536438
cifar10_00018_ship,24,30,1,322,0.5890092253684998,1.349705696105957
cifar10_00018_ship,23,28,1,322,0.8702422380447388,1.0763638019561768
cifar10_00019_frog,9,11,0,321,0.9969068765640259,1.3161159753799438
cifar10_00019_frog,14,10,0,321,0.9422096014022827,2.045088291168213
cifar10_00019_frog,0,18,0,321,0.9286503195762634,1.6646572351455688
cifar10_00019_frog,19,4,0,321,0.925216019153595,1.654341697692871
cifar10_00019_frog,4,21,0,321,0.9385522603988647,1.3730124235153198
cifar10_00019_frog,11,27,0,321,0.838416337966919,1.5273876190185547
cifar10_00019_frog,26,0,0,321,0.9353410005569458,1.5286858081817627
cifar10_00019_frog,14,23,0,321,0.9188811779022217,1.6762287616729736
cifar10_00019_frog,19,31,0,321,0.9380060434341431,1.7733919620513916
cifar10_00019_frog,9,9,0,321,0.8297802805900574,1.3010742664337158
cifar10_00019_frog,12,13,0,321,0.9689371585845947,1.5933856964111328
cifar10_00019_frog,28,14,0,321,0.959201455116272,1.485835313796997
cifar10_00019_frog,21,30,0,321,0.8939980268478394,1.6880987882614136
cifar10_00019_frog,10,19,0,321,0.9209257960319519,1.8596373796463013
cifar10_00019_frog,30,2,0,321,0.9137701392173767,1.460861325263977
cifar10_00019_frog,16,22,0,321,0.892536461353302,1.4071167707443237
cifar10_00019_frog,12,20,0,321,0.9768200516700745,1.8653762340545654
cifar10_00019_frog,7,4,0,321,0.8801890015602112,1.4558731317520142
cifar10_00019_frog,29,24,0,321,0.9512892961502075,1.437363624572754
cifar10_00019_frog,13,14,0,321,0.9040368795394897,1.5910032987594604
cifar10_00019_frog,9,21,0,321,0.7397855520248413,1.955751657485962
cifar10_00019_frog,22,2,0,321,0.9287416934967041,1.449637770652771
cifar10_00019_frog,29,27,0,321,0.9133132696151733,1.4056813716888428
cifar10_00019_frog,25,22,0,321,0.9538299441337585,1.523483157157898
cifar10_00019_frog,0,20,0,321,0.9680988788604736,1.7075765132904053
cifar10_00019_frog,18,31,0,321,0.955392062664032,1.6371171474456787
cifar10_00019_frog,24,5,0,321,0.9403475522994995,1.5059058666229248
cifar10_00019_frog,30,9,0,321,0.8857804536819458,1.3817806243896484
cifar10_00019_frog,30,7,0,321,0.9264492988586426,1.4498920440673828
cifar10_00019_frog,14,15,0,321,0.9459477663040161,1.6526000499725342
cifar10_00019_frog,26,25,0,321,1.0046827793121338,1.3953871726989746
cifar10_00019_frog,6,4,0,321,0.9769279956817627,1.3622958660125732
cifar10_00019_frog,18,25,0,321,0.9629005193710327,1.408668041229248
cifar10_00019_frog,22,27,0,321,0.9355623126029968,1.6752879619598389
cifar10_00019_frog,24,20,0,321,0.9790347814559937,1.3576151132583618
cifar10_00019_frog,25,3,0,321,0.9011437892913818,1.5029207468032837
cifar10_00019_frog,11,20,0,321,0.9109700918197632,1.6745076179504395
cifar10_00019_frog,31,7,0,321,0.9506473541259766,1.4722497463226318
cifar10_00019_frog,29,22,0,321,0.9771660566329956,1.4945582151412964
cifar10_00019_frog,12,11,0,321,1.053074836730957,1.8909281492233276
cifar10_00019_frog,7,3,0,321,0.9153772592544556,1.4430568218231201
cifar10_00019_frog,13,23,0,321,0.9124959707260132,1.7753791809082031
cifar10_00019_frog,24,13,0,321,0.9040377736091614,1.5074059963226318
cifar10_00019_frog,8,1,0,321,0.9034413695335388,1.53489089012146
cifar10_00019_frog,29,9,0,321,0.9502280950546265,1.4991505146026611
cifar10_00019_frog,10,20,0,321,1.0367834568023682,1.706864833831787
cifar10_00019_frog,20,5,0,321,0.8556967377662659,1.4555509090423584
cifar10_00019_frog,4,4,0,321,0.9842222332954407,1.624312400817871
cifar10_00019_frog,25,25,0,321,0.8979730606079102,1.535682201385498
cifar10_00019_frog,4,28,0,321,0.9002512097358704,1.4581377506256104
cifar10_00019_frog,10,3,0,321,0.9117121696472168,1.3129563331604004
cifar10_00019_frog,7,1,0,321,0.8956484198570251,1.607683539390564
cifar10_00019_frog,28,20,0,321,0.8911212682723999,1.3728313446044922
cifar10_00019_frog,17,4,0,321,0.8875205516815186,1.6733548641204834
cifar10_00019_frog,27,13,0,321,0.9605536460876465,1.4254833459854126
cifar10_00019_frog,20,20,0,321,0.9449083209037781,1.7139489650726318
cifar10_00019_frog,2,28,0,321,0.8962503671646118,1.520163893699646
cifar10_00019_frog,18,6,0,321,0.9481104016304016,1.6122376918792725
cifar10_00019_frog,30,22,0,321,0.9091850519180298,1.4932920932769775
cifar10_00019_frog,25,7,0,321,0.9804009199142456,1.4635645151138306
cifar10_00019_frog,29,14,0,321,0.8725675344467163,1.3169053792953491
cifar10_00019_frog,2,21,0,321,0.979557454586029,1.4516103267669678
cifar10_00019_frog,7,9,0,321,0.9589439034461975,1.1893157958984375
cifar10_00019_frog,25,21,0,321,1.0009115934371948,1.3865890502929688
cifar10_00019_frog,10,18,0,321,0.7721117734909058,1.7864686250686646
cifar10_00019_frog,29,28,0,321,0.9596343636512756,1.5739736557006836
cifar10_00019_frog,13,21,0,321,0.9209284782409668,1.8526266813278198
cifar10_00019_frog,1,30,0,321,0.9826622009277344,1.6607935428619385
cifar10_00019_frog,1,13,0,321,0.9039578437805176,1.2670402526855469
cifar10_00019_frog,9,20,0,321,0.8344622254371643,1.8956528902053833
cifar10_00019_frog,10,28,0,321,0.8908191323280334,1.478662371635437
cifar10_00019_frog,16,18,0,321,0.952377438545227,1.3013218641281128
cifar10_00019_frog,23,16,0,321,0.9693344831466675,1.4500274658203125
cifar10_00019_frog,11,26,0,321,0.9551750421524048,1.794434666633606
cifar10_00019_frog,12,28,0,321,0.9911451935768127,1.1395559310913086
cifar10_00019_frog,0,11,0,321,0.9841231107711792,1.5910744667053223
cifar10_00019_frog,17,29,0,321,0.9590933322906494,1.4658957719802856
cifar10_00019_frog,12,31,0,321,0.949831485748291,1.337201476097107
cifar10_00019_frog,27,22,0,321,0.9906249046325684,1.4429194927215576
cifar10_00019_frog,22,25,0,321,0.9275228381156921,1.3948183059692383
cifar10_00019_frog,20,4,0,321,0.8929810523986816,1.4924333095550537
cifar10_00019_frog,3,14,0,321,0.9028127193450928,1.3910577297210693
cifar10_00019_frog,6,9,0,321,0.9320946931838989,1.1605647802352905
cifar10_00019_frog,28,18,0,321,0.9618298411369324,1.5022046566009521
cifar10_00019_frog,28,1,0,321,0.9346464276313782,1.2826507091522217
cifar10_00019_frog,29,26,0,321,0.9693810343742371,1.8484268188476562
cifar10_00019_frog,2,29,0,321,0.9108179807662964,1.4323389530181885
cifar10_00019_frog,8,7,0,321,0.9407773017883301,1.16913640499115
cifar10_00019_frog,26,15,0,321,0.9286923408508301,1.373121976852417
cifar10_00019_frog,29,19,0,321,0.9517602324485779,1.5604896545410156
cifar10_00019_frog,31,22,0,321,0.9426790475845337,1.646742343902588
cifar10_00019_frog,18,7,0,321,0.99672532081604,1.8100119829177856
cifar10_00019_frog,13,22,0,321,0.8985482454299927,1.728205680847168
cifar10_00019_frog,29,4,0,321,0.9750664830207825,1.4867591857910156
cifar10_00019_frog,31,25,0,321,0.9349849820137024,1.610121488571167
cifar10_00019_frog,15,31,0,321,0.9542092084884644,1.6124966144561768
cifar10_00019_frog,20,17,0,321,1.0415878295898438,1.288417100906372
cifar10_00019_frog,24,8,0,321,0.901992917060852,1.392250657081604
cifar10_00019_frog,2,9,0,321,0.9037760496139526,1.4397062063217163
cifar10_00019_frog,12,14,0,321,0.8825355768203735,1.4454429149627686
cifar10_00019_frog,17,16,0,321,0.9864100813865662,1.364303469657898
cifar10_00019_frog,7,26,0,321,0.9405044913291931,1.6399168968200684
cifar10_00019_frog,12,18,0,321,0.9375416040420532,1.8032722473144531
cifar10_00019_frog,1,3,0,321,0.9936665296554565,1.5583834648132324
cifar10_00019_frog,27,17,0,321,1.0411615371704102,1.4730699062347412
cifar10_00019_frog,17,28,0,321,0.9157912135124207,1.3248140811920166
cifar10_00019_frog,6,25,0,321,0.9451350569725037,1.7543625831604004
cifar10_00019_frog,4,18,0,321,0.9681346416473389,1.3141834735870361
cifar10_00019_frog,19,22,0,321,0.9641525745391846,1.3486645221710205
cifar10_00019_frog,13,11,0,321,0.9718828797340393,1.9200308322906494
cifar10_00019_frog,2,7,0,321,0.9753491878509521,1.4179757833480835
cifar10_00019_frog,15,9,0,321,0.9434694051742554,1.699418544769287
cifar10_00019_frog,29,20,0,321,0.9384844303131104,1.5424115657806396
cifar10_00019_frog,0,13,0,321,0.8865935206413269,1.4240291118621826
cifar10_00019_frog,25,24,0,321,0.9116633534431458,1.5491681098937988
cifar10_00019_frog,17,5,0,321,1.0543502569198608,1.5675972700119019
cifar10_00019_frog,2,27,0,321,0.918035626411438,1.6526448726654053
cifar10_00019_frog,11,2,0,321,0.9367425441741943,1.4897754192352295
cifar10_00019_frog,22,1,0,321,0.918654203414917,1.4009772539138794
cifar10_00019_frog,5,25,0,321,0.9788713455200195,1.6861528158187866
cifar10_00019_frog,12,4,0,321,0.9005461931228638,1.3497061729431152
cifar10_00019_frog,3,12,0,321,0.9581249952316284,1.3239253759384155
cifar10_00019_frog,28,25,0,321,0.9693766236305237,1.4818665981292725
cifar10_00019_frog,0,10,0,321,0.9118218421936035,1.6938581466674805
cifar10_00019_frog,26,31,0,321,0.9706668853759766,1.9422194957733154
cifar10_00019_frog,14,31,0,321,0.9433358311653137,1.3634542226791382
cifar10_00019_frog,22,18,0,321,0.9352821111679077,1.2625468969345093
cifar10_00019_frog,24,27,0,321,1.049262523651123,1.6885497570037842
cifar10_00019_frog,9,11,1,322,0.8330985307693481,0.4498080015182495
cifar10_00019_frog,14,10,1,322,0.8026270866394043,1.3027338981628418
cifar10_00019_frog,0,18,1,322,0.8711856007575989,0.9314570426940918
cifar10_00019_frog,19,4,1,322,0.8281170129776001,1.280778169631958
cifar10_00019_frog,4,21,1,322,0.9112304449081421,1.0691839456558228
cifar10_00019_frog,11,27,1,322,0.8595577478408813,0.6742277145385742
cifar10_00019_frog,26,0,1,322,0.9358341693878174,0.813038170337677
cifar10_00019_frog,14,23,1,322,0.9217897653579712,1.2967753410339355
cifar10_00019_frog,19,31,1,322,0.8267449140548706,1.1984424591064453
cifar10_00019_frog,9,9,1,322,0.6678752899169922,0.963249921798706
cifar10_00019_frog,12,13,1,322,0.7663002014160156,1.146011471748352
cifar10_00019_frog,28,14,1,322,0.910493791103363,0.7746224403381348
cifar10_00019_frog,21,30,1,322,0.9319642782211304,1.1773898601531982
cifar10_00019_frog,10,19,1,322,0.5335726141929626,1.0128344297409058
cifar10_00019_frog,30,2,1,322,0.6022350788116455,1.0801230669021606
cifar10_00019_frog,16,22,1,322,0.9052245616912842,0.763439416885376
cifar10_00019_frog,12,20,1,322,0.5184243321418762,0.6619651317596436
cifar10_00019_frog,7,4,1,322,0.7265026569366455,0.9132242798805237
cifar10_00019_frog,29,24,1,322,0.9331339001655579,1.1973545551300049
cifar10_00019_frog,13,14,1,322,0.6509864330291748,1.0879093408584595
cifar10_00019_frog,9,21,1,322,0.6388543844223022,0.22980207204818726
cifar10_00019_frog,22,2,1,322,0.8242373466491699,1.040393352508545
cifar10_00019_frog,29,27,1,322,0.9643962979316711,1.2326905727386475
cifar10_00019_frog,25,22,1,322,0.5787029266357422,0.8703224658966064
cifar10_00019_frog,0,20,1,322,1.0082168579101562,1.0880498886108398
cifar10_00019_frog,18,31,1,322,0.7230046987533569,0.9701187014579773
cifar10_00019_frog,24,5,1,322,0.628070592880249,1.1609761714935303
cifar10_00019_frog,30,9,1,322,0.8839683532714844,1.0855154991149902
cifar10_00019_frog,30,7,1,322,0.9426606893539429,0.8554867506027222
cifar10_00019_frog,14,15,1,322,0.8498901128768921,0.8811385631561279
cifar10_00019_frog,26,25,1,322,0.9127522706985474,1.354168176651001
cifar10_00019_frog,6,4,1,322,0.7200736999511719,1.010730266571045
cifar10_00019_frog,18,25,1,322,0.9475870132446289,1.0655057430267334
cifar10_00019_frog,22,27,1,322,0.38205254077911377,1.187668800354004
cifar10_00019_frog,24,20,1,322,0.8159514665603638,1.046065092086792
cifar10_00019_frog,25,3,1,322,0.7365081310272217,0.9923536777496338
cifar10_00019_frog,11,20,1,322,0.768358588218689,1.407766580581665
cifar10_00019_frog,31,7,1,322,1.085128664970398,0.9509525895118713
cifar10_00019_frog,29,22,1,322,0.8252139687538147,0.9108471274375916
cifar10_00019_frog,12,11,1,322,0.7247797250747681,1.1291427612304688
cifar10_00019_frog,7,3,1,322,0.9644792079925537,1.0645307302474976
cifar10_00019_frog,13,23,1,322,0.6335391998291016,1.2402729988098145
cifar10_00019_frog,24,13,1,322,0.8529137372970581,1.208936333656311
cifar10_00019_frog,8,1,1,322,0.9114334583282471,1.0526766777038574
cifar10_00019_frog,29,9,1,322,0.38346749544143677,1.085726261138916
cifar10_00019_frog,10,20,1,322,0.937084436416626,1.387042760848999
cifar10_00019_frog,20,5,1,322,0.5846858620643616,0.7444231510162354
cifar10_00019_frog,4,4,1,322,0.8709521293640137,0.7888782024383545
cifar10_00019_frog,25,25,1,322,0.9405872821807861,1.3275790214538574
cifar10_00019_frog,4,28,1,322,0.9715076088905334,0.9550237655639648
cifar10_00019_frog,10,3,1,322,0.5565402507781982,0.7403959035873413
cifar10_00019_frog,7,1,1,322,0.8991273641586304,1.24418306350708
cifar10_00019_frog,28,20,1,322,0.8910672664642334,0.8722293376922607
cifar10_00019_frog,17,4,1,322,0.6648207902908325,1.4060038328170776
cifar10_00019_frog,27,13,1,322,0.6187391877174377,0.9573025703430176
cifar10_00019_frog,20,20,1,322,0.7630146145820618,0.7850899696350098
cifar10_00019_frog,2,28,1,322,0.8446495532989502,0.803930401802063
cifar10_00019_frog,18,6,1,322,0.9269193410873413,1.3249244689941406
cifar10_00019_frog,30,22,1,322,0.7045360803604126,1.1113897562026978
cifar10_00019_frog,25,7,1,322,0.5220499038696289,0.7581033706665039
cifar10_00019_frog,29,14,1,322,0.9671474695205688,0.8401199579238892
cifar10_00019_frog,2,21,1,322,0.6434425115585327,1.2091898918151855
cifar10_00019_frog,7,9,1,322,0.8949385285377502,0.8406578302383423
cifar10_00019_frog,25,21,1,322,0.8655436038970947,0.8364436626434326
cifar10_00019_frog,10,18,1,322,0.7666803598403931,1.1962003707885742
cifar10_00019_frog,29,28,1,322,0.6862815618515015,1.0848184823989868
cifar10_00019_frog,13,21,1,322,0.8691937923431396,1.3636070489883423
cifar10_00019_frog,1,30,1,322,0.7365080118179321,0.9990013837814331
cifar10_00019_frog,1,13,1,322,0.9289316534996033,0.9762924313545227
cifar10_00019_frog,9,20,1,322,0.9469057321548462,1.14865243434906
cifar10_00019_frog,10,28,1,322,0.6812376976013184,0.8066701889038086
cifar10_00019_frog,16,18,1,322,0.764182448387146,0.7540929317474365
cifar10_00019_frog,23,16,1,322,0.8228780031204224,1.0200668573379517
cifar10_00019_frog,11,26,1,322,0.893839418888092,1.4495835304260254
cifar10_00019_frog,12,28,1,322,0.7483235597610474,0.4967167377471924
cifar10_00019_frog,0,11,1,322,0.8766158223152161,1.130429983139038
cifar10_00019_frog,17,29,1,322,0.8622171878814697,1.0265730619430542
cifar10_00019_frog,12,31,1,322,0.9278576374053955,1.2001079320907593
cifar10_00019_frog,27,22,1,322,0.9065588712692261,0.9506819248199463
cifar10_00019_frog,22,25,1,322,0.7956503629684448,1.0719707012176514
cifar10_00019_frog,20,4,1,322,0.5926069021224976,0.8204481601715088
cifar10_00019_frog,3,14,1,322,0.9460000991821289,0.8384037017822266
cifar10_00019_frog,6,9,1,322,0.8109009265899658,0.6462440490722656
cifar10_00019_frog,28,18,1,322,0.8720318675041199,0.9889153242111206
cifar10_00019_frog,28,1,1,322,0.9120296239852905,0.839429497718811
cifar10_00019_frog,29,26,1,322,0.8378234505653381,1.0767022371292114
cifar10_00019_frog,2,29,1,322,0.8828713297843933,0.8966451287269592
cifar10_00019_frog,8,7,1,322,0.7698637843132019,0.5350213050842285
cifar10_00019_frog,26,15,1,322,0.6742485761642456,0.9952253103256226
cifar10_00019_frog,29,19,1,322,0.8029067516326904,1.2089543342590332
cifar10_00019_frog,31,22,1,322,0.7784583568572998,1.0366384983062744
cifar10_00019_frog,18,7,1,322,0.6663177013397217,1.4280446767807007
cifar10_00019_frog,13,22,1,322,0.8353288173675537,1.4675593376159668
cifar10_00019_frog,29,4,1,322,0.6637203097343445,1.0167429447174072
cifar10_00019_frog,31,25,1,322,0.8750782608985901,0.8232591152191162
cifar10_00019_frog,15,31,1,322,0.9257097244262695,1.0706112384796143
cifar10_00019_frog,20,17,1,322,0.8556281328201294,1.4415867328643799
cifar10_00019_frog,24,8,1,322,0.6525733470916748,0.7387838363647461
cifar10_00019_frog,2,9,1,322,0.6540402770042419,0.7316281795501709
cifar10_00019_frog,12,14,1,322,0.6519026160240173,0.5760551691055298
cifar10_00019_frog,17,16,1,322,0.7108607292175293,0.5155799388885498
cifar10_00019_frog,7,26,1,322,0.8914984464645386,1.0573973655700684
cifar10_00019_frog,12,18,1,322,1.0701000690460205,1.3110296726226807
cifar10_00019_frog,1,3,1,322,0.7437593340873718,0.9938227534294128
cifar10_00019_frog,27,17,1,322,0.7178407907485962,0.7011547088623047
cifar10_00019_frog,17,28,1,322,0.9623988270759583,0.766535758972168
cifar10_00019_frog,6,25,1,322,0.798169732093811,1.1365994215011597
cifar10_00019_frog,4,18,1,322,0.789695143699646,1.1141037940979004
cifar10_00019_frog,19,22,1,322,0.7635842561721802,0.6980648040771484
cifar10_00019_frog,13,11,1,322,0.8513787388801575,0.9207032918930054
cifar10_00019_frog,2,7,1,322,0.9068955779075623,0.9397569894790649
cifar10_00019_frog,15,9,1,322,0.6882946491241455,1.2205442190170288
cifar10_00019_frog,29,20,1,322,0.933414101600647,1.1374075412750244
cifar10_00019_frog,0,13,1,322,0.852189302444458,1.0665597915649414
cifar10_00019_frog,25,24,1,322,0.7456158399581909,1.156653881072998
cifar10_00019_frog,17,5,1,322,0.8446976542472839,1.6071035861968994
cifar10_00019_frog,2,27,1,322,0.8419148325920105,0.9923723936080933
cifar10_00019_frog,11,2,1,322,0.9525353908538818,0.8844904899597168
cifar10_00019_frog,22,1,1,322,0.826316237449646,1.099115252494812
cifar10_00019_frog,5,25,1,322,0.6785891056060791,1.4922442436218262
cifar10_00019_frog,12,4,1,322,0.8295374512672424,1.1981457471847534
cifar10_00019_frog,3,12,1,322,0.7526541948318481,0.9136369228363037
cifar10_00019_frog,28,25,1,322,0.8097882270812988,1.0459692478179932
cifar10_00019_frog,0,10,1,322,0.8021735548973083,0.9137431383132935
cifar10_00019_frog,26,31,1,322,0.71638023853302,1.0069571733474731
cifar10_00019_frog,14,31,1,322,0.9145900011062622,1.0772674083709717
cifar10_00019_frog,22,18,1,322,0.9172822833061218,0.9068971872329712
cifar10_00019_frog,24,27,1,322,0.7620337605476379,1.0820300579071045
